-- phpMyAdmin SQL Dump
-- version 4.6.6deb4
-- https://www.phpmyadmin.net/
--
-- Client :  localhost:3306
-- Généré le :  Sam 22 Février 2020 à 18:01
-- Version du serveur :  10.1.38-MariaDB-0+deb9u1
-- Version de PHP :  7.0.33-0+deb9u3

SET SQL_MODE = "NO_AUTO_VALUE_ON_ZERO";
SET time_zone = "+00:00";


/*!40101 SET @OLD_CHARACTER_SET_CLIENT=@@CHARACTER_SET_CLIENT */;
/*!40101 SET @OLD_CHARACTER_SET_RESULTS=@@CHARACTER_SET_RESULTS */;
/*!40101 SET @OLD_COLLATION_CONNECTION=@@COLLATION_CONNECTION */;
/*!40101 SET NAMES utf8mb4 */;

--
-- Base de données :  `speechvip`
--

-- --------------------------------------------------------

--
-- Structure de la table `administration`
--

CREATE TABLE `administration` (
  `id` int(11) NOT NULL,
  `nom` varchar(250) NOT NULL,
  `prenom` varchar(250) NOT NULL,
  `identifiant` varchar(250) NOT NULL,
  `mot_de_passe` varchar(250) NOT NULL
) ENGINE=InnoDB DEFAULT CHARSET=latin1;

--
-- Contenu de la table `administration`
--

INSERT INTO `administration` (`id`, `nom`, `prenom`, `identifiant`, `mot_de_passe`) VALUES
(1, 'VILLOSSEL', 'JIMMY', 'jim044', 'fa542a57fc5789f179df544a4396eb12');

-- --------------------------------------------------------

--
-- Structure de la table `audio`
--

CREATE TABLE `audio` (
  `id` int(11) NOT NULL,
  `id_video` int(11) DEFAULT NULL,
  `id_format` int(11) DEFAULT NULL,
  `nom` varchar(500) CHARACTER SET utf8 NOT NULL,
  `duree` double DEFAULT NULL
) ENGINE=InnoDB DEFAULT CHARSET=latin1;

--
-- Contenu de la table `audio`
--

INSERT INTO `audio` (`id`, `id_video`, `id_format`, `nom`, `duree`) VALUES
(1, 1, NULL, 'Discours_de_Dakar_de_Nicolas_Sarkozy,_26_juillet_2007_192bitrate_mono', 94.788209),
(2, 2, NULL, 'y2mate.com_-_raw_video_barack_obamas_2008_acceptance_speech_LEo7lzfpdCU_360p_192bitrate_mono', 1090.40907),
(3, 3, NULL, 'Discours_de_Marine_Le_Pen_en_clôture_de_luniversité_dété_du_RN_à_Fréjus_192bitrate_mono', 2437.700499),
(4, 4, NULL, 'George_W._Bush_cries_delivering_eulogy_for_his_father,_George_H.W._Bush_Full_Eulogy_192bitrate_mono', 746.800181),
(5, 5, NULL, 'Gilets_jaunes_-_réécoutez_lintégralité_du_discours_dEmmanuel_Macron_192bitrate_mono', 769.486077),
(6, 6, NULL, 'REPLAY_-_Emmanuel_Macron_aux_funérailles_nationales_de_Béji_Caïd_Essebsi_192bitrate_mono', 553.935238);

-- --------------------------------------------------------

--
-- Structure de la table `audio_cut`
--

CREATE TABLE `audio_cut` (
  `id` int(11) NOT NULL,
  `id_audio` int(11) NOT NULL,
  `id_format` int(11) DEFAULT NULL,
  `duree` double NOT NULL,
  `nom` varchar(500) CHARACTER SET utf8 NOT NULL
) ENGINE=InnoDB DEFAULT CHARSET=latin1;

-- --------------------------------------------------------

--
-- Structure de la table `format`
--

CREATE TABLE `format` (
  `id` int(11) NOT NULL,
  `format` varchar(254) CHARACTER SET utf8 NOT NULL
) ENGINE=InnoDB DEFAULT CHARSET=latin1;

-- --------------------------------------------------------

--
-- Structure de la table `langue`
--

CREATE TABLE `langue` (
  `id` int(11) NOT NULL,
  `language` varchar(254) CHARACTER SET utf8 NOT NULL,
  `languageCode` varchar(255) NOT NULL
) ENGINE=InnoDB DEFAULT CHARSET=latin1;

--
-- Contenu de la table `langue`
--

INSERT INTO `langue` (`id`, `language`, `languageCode`) VALUES
(1, 'Anglais', 'en-US'),
(2, 'Français', 'fr-FR'),
(3, 'Allemand', 'de-DE'),
(4, 'Italien', 'it-IT'),
(5, 'Espagnol', 'es-ES'),
(6, 'Français', 'fr-CA'),
(7, 'Afrique du sud', 'af-ZA'),
(8, 'Catalan', 'ca-ES'),
(9, 'Danois', 'da-DK'),
(10, 'Anglais', 'en-AU'),
(11, 'Anglais', 'en-CA'),
(12, 'Portugais (Portugal)', 'pt-PT'),
(13, 'Portugais (Brésil)', 'pt-BR');

-- --------------------------------------------------------

--
-- Structure de la table `personne`
--

CREATE TABLE `personne` (
  `id` int(11) NOT NULL,
  `PrenomNom` varchar(255) NOT NULL
) ENGINE=InnoDB DEFAULT CHARSET=latin1;

--
-- Contenu de la table `personne`
--

INSERT INTO `personne` (`id`, `PrenomNom`) VALUES
(1, 'Emmanuel Macron'),
(2, 'George W.Bush'),
(3, 'Hillary Clinton'),
(4, 'Barack Obama'),
(5, 'Marine Le Pen'),
(6, 'Jean-Marie Le Pen'),
(7, 'Jean-Luc Mélenchon'),
(8, 'Nicolas Sarkozy');

-- --------------------------------------------------------

--
-- Structure de la table `video`
--

CREATE TABLE `video` (
  `id` int(11) NOT NULL,
  `id_personne` int(11) NOT NULL,
  `id_language` int(11) NOT NULL,
  `id_format` int(11) NOT NULL,
  `nom` varchar(500) NOT NULL,
  `duree` double NOT NULL
) ENGINE=InnoDB DEFAULT CHARSET=latin1;

--
-- Contenu de la table `video`
--

INSERT INTO `video` (`id`, `id_personne`, `id_language`, `id_format`, `nom`, `duree`) VALUES
(1, 8, 2, 0, 'Discours_de_Dakar_de_Nicolas_Sarkozy,_26_juillet_2007.mp4', 95.033),
(2, 4, 1, 0, 'y2mate.com_-_raw_video_barack_obamas_2008_acceptance_speech_LEo7lzfpdCU_360p.mp4', 1090.355),
(3, 5, 2, 0, 'Discours_de_Marine_Le_Pen_en_clôture_de_luniversité_dété_du_RN_à_Fréjus.mp4', 2437.68),
(4, 2, 1, 0, 'George_W._Bush_cries_delivering_eulogy_for_his_father,_George_H.W._Bush_Full_Eulogy.mp4', 746.779367),
(5, 1, 2, 0, 'Gilets_jaunes_-_réécoutez_lintégralité_du_discours_dEmmanuel_Macron.mp4', 769.4687),
(6, 1, 2, 0, 'REPLAY_-_Emmanuel_Macron_aux_funérailles_nationales_de_Béji_Caïd_Essebsi.mp4', 553.92);

-- --------------------------------------------------------

--
-- Structure de la table `video_create`
--

CREATE TABLE `video_create` (
  `id` int(11) NOT NULL,
  `nom` varchar(500) NOT NULL
) ENGINE=InnoDB DEFAULT CHARSET=latin1;

-- --------------------------------------------------------

--
-- Structure de la table `video_cut`
--

CREATE TABLE `video_cut` (
  `id` int(11) NOT NULL,
  `id_video` int(11) NOT NULL,
  `nom` varchar(500) NOT NULL,
  `duree` int(11) NOT NULL,
  `mot` varchar(500) NOT NULL
) ENGINE=InnoDB DEFAULT CHARSET=latin1;

--
-- Contenu de la table `video_cut`
--

INSERT INTO `video_cut` (`id`, `id_video`, `nom`, `duree`, `mot`) VALUES
(1, 1, 'Discours_de_Dakar_de_Nicolas_Sarkozy,_26_juillet_2007_Cut_6', 1, 'L\'APPEL LA RAISON'),
(2, 1, 'Discours_de_Dakar_de_Nicolas_Sarkozy,_26_juillet_2007_Cut_9', 1, 'ET À LA'),
(3, 1, 'Discours_de_Dakar_de_Nicolas_Sarkozy,_26_juillet_2007_Cut_33', 1, 'DES MÊMES PAROLES'),
(4, 1, 'Discours_de_Dakar_de_Nicolas_Sarkozy,_26_juillet_2007_Cut_24', 1, 'PAR LA RÉPÉTITION'),
(5, 1, 'Discours_de_Dakar_de_Nicolas_Sarkozy,_26_juillet_2007_Cut_30', 2, 'MÊMES GESTES ET'),
(6, 1, 'Discours_de_Dakar_de_Nicolas_Sarkozy,_26_juillet_2007_Cut_27', 2, 'SANS FIN DES'),
(7, 1, 'Discours_de_Dakar_de_Nicolas_Sarkozy,_26_juillet_2007_Cut_41', 3, 'L\'IDÉE DE PROGRÈS DANS'),
(8, 1, 'Discours_de_Dakar_de_Nicolas_Sarkozy,_26_juillet_2007_Cut_50', 8, 'L\'ANGOISSE DE L\'HISTOIRE MODERNE MAIS RESTE'),
(9, 1, 'Discours_de_Dakar_de_Nicolas_Sarkozy,_26_juillet_2007_Cut_58', 4, 'D\'UN ORDRE IMMUABLE ÊTRE'),
(10, 1, 'Discours_de_Dakar_de_Nicolas_Sarkozy,_26_juillet_2007_Cut_61', 3, 'ÉCRIT D\'AVANCE JAMAIS'),
(11, 1, 'Discours_de_Dakar_de_Nicolas_Sarkozy,_26_juillet_2007_Cut_65', 2, 'JAMAIS IL NE LUI'),
(12, 1, 'Discours_de_Dakar_de_Nicolas_Sarkozy,_26_juillet_2007_Cut_77', 2, 'S\'INVENTER UN DESTIN'),
(13, 1, 'Discours_de_Dakar_de_Nicolas_Sarkozy,_26_juillet_2007_Cut_71', 2, 'DE SORTIR DE'),
(14, 1, 'Discours_de_Dakar_de_Nicolas_Sarkozy,_26_juillet_2007_Cut_74', 2, 'LA RÉPÉTITION POUR'),
(15, 2, 'y2mate.com_-_raw_video_barack_obamas_2008_acceptance_speech_LEo7lzfpdCU_360p_Cut_5', 2, 'IF THERE IS ANYONE'),
(16, 2, 'y2mate.com_-_raw_video_barack_obamas_2008_acceptance_speech_LEo7lzfpdCU_360p_Cut_11', 1, 'ALL THINGS ARE POSSIBLE'),
(17, 2, 'y2mate.com_-_raw_video_barack_obamas_2008_acceptance_speech_LEo7lzfpdCU_360p_Cut_15', 2, 'THE POWER OF OUR'),
(18, 2, 'y2mate.com_-_raw_video_barack_obamas_2008_acceptance_speech_LEo7lzfpdCU_360p_Cut_32', 1, 'NUMBERS THIS NATION'),
(19, 2, 'y2mate.com_-_raw_video_barack_obamas_2008_acceptance_speech_LEo7lzfpdCU_360p_Cut_35', 1, 'HAS NEVER SEEN'),
(20, 2, 'y2mate.com_-_raw_video_barack_obamas_2008_acceptance_speech_LEo7lzfpdCU_360p_Cut_20', 2, 'THE ANSWER TOLD'),
(21, 2, 'y2mate.com_-_raw_video_barack_obamas_2008_acceptance_speech_LEo7lzfpdCU_360p_Cut_29', 2, 'AND CHURCHES AND'),
(22, 2, 'y2mate.com_-_raw_video_barack_obamas_2008_acceptance_speech_LEo7lzfpdCU_360p_Cut_26', 2, 'THAT STRETCHED AROUND SCHOOLS'),
(23, 2, 'y2mate.com_-_raw_video_barack_obamas_2008_acceptance_speech_LEo7lzfpdCU_360p_Cut_48', 1, 'FIRST TIME'),
(24, 2, 'y2mate.com_-_raw_video_barack_obamas_2008_acceptance_speech_LEo7lzfpdCU_360p_Cut_51', 1, 'IN THEIR LIVES'),
(25, 2, 'y2mate.com_-_raw_video_barack_obamas_2008_acceptance_speech_LEo7lzfpdCU_360p_Cut_42', 1, 'HOURS IN 4'),
(26, 2, 'y2mate.com_-_raw_video_barack_obamas_2008_acceptance_speech_LEo7lzfpdCU_360p_Cut_39', 1, 'PEOPLE 3'),
(27, 2, 'y2mate.com_-_raw_video_barack_obamas_2008_acceptance_speech_LEo7lzfpdCU_360p_Cut_45', 2, 'HOURS FOR'),
(28, 2, 'y2mate.com_-_raw_video_barack_obamas_2008_acceptance_speech_LEo7lzfpdCU_360p_Cut_61', 2, 'AND REPUBLICAN BLACK'),
(29, 2, 'y2mate.com_-_raw_video_barack_obamas_2008_acceptance_speech_LEo7lzfpdCU_360p_Cut_64', 2, 'WHITE HISPANIC ASIAN'),
(30, 2, 'y2mate.com_-_raw_video_barack_obamas_2008_acceptance_speech_LEo7lzfpdCU_360p_Cut_58', 3, 'RICH AND POOR DEMOCRAT'),
(31, 2, 'y2mate.com_-_raw_video_barack_obamas_2008_acceptance_speech_LEo7lzfpdCU_360p_Cut_88', 2, 'BEEN JUST A'),
(32, 2, 'y2mate.com_-_raw_video_barack_obamas_2008_acceptance_speech_LEo7lzfpdCU_360p_Cut_82', 2, 'A MESSAGE WORLD THAT'),
(33, 2, 'y2mate.com_-_raw_video_barack_obamas_2008_acceptance_speech_LEo7lzfpdCU_360p_Cut_91', 2, 'COLLECTION OF INDIVIDUALS'),
(34, 2, 'y2mate.com_-_raw_video_barack_obamas_2008_acceptance_speech_LEo7lzfpdCU_360p_Cut_97', 1, 'OF RED STATES'),
(35, 2, 'y2mate.com_-_raw_video_barack_obamas_2008_acceptance_speech_LEo7lzfpdCU_360p_Cut_100', 1, 'AND BLUE STATES'),
(36, 2, 'y2mate.com_-_raw_video_barack_obamas_2008_acceptance_speech_LEo7lzfpdCU_360p_Cut_106', 1, 'ALWAYS WILL BE'),
(37, 2, 'y2mate.com_-_raw_video_barack_obamas_2008_acceptance_speech_LEo7lzfpdCU_360p_Cut_103', 2, 'WE ARE AND'),
(38, 2, 'y2mate.com_-_raw_video_barack_obamas_2008_acceptance_speech_LEo7lzfpdCU_360p_Cut_109', 1, 'THE UNITED STATES'),
(39, 2, 'y2mate.com_-_raw_video_barack_obamas_2008_acceptance_speech_LEo7lzfpdCU_360p_Cut_128', 1, 'ON THE ARC'),
(40, 2, 'y2mate.com_-_raw_video_barack_obamas_2008_acceptance_speech_LEo7lzfpdCU_360p_Cut_125', 1, 'PUT THEIR HANDS'),
(41, 2, 'y2mate.com_-_raw_video_barack_obamas_2008_acceptance_speech_LEo7lzfpdCU_360p_Cut_137', 4, 'OF HISTORY MORE THE'),
(42, 2, 'y2mate.com_-_raw_video_barack_obamas_2008_acceptance_speech_LEo7lzfpdCU_360p_Cut_146', 3, 'BUT TONIGHT BECAUSE OF'),
(43, 2, 'y2mate.com_-_raw_video_barack_obamas_2008_acceptance_speech_LEo7lzfpdCU_360p_Cut_155', 3, 'ON THIS IN THIS ELECTION'),
(44, 2, 'y2mate.com_-_raw_video_barack_obamas_2008_acceptance_speech_LEo7lzfpdCU_360p_Cut_161', 4, 'AT THIS MOMENT CHANGE HAS'),
(45, 2, 'y2mate.com_-_raw_video_barack_obamas_2008_acceptance_speech_LEo7lzfpdCU_360p_Cut_167', 2, 'I RECEIVED AN EXTRAORDINARY'),
(46, 2, 'y2mate.com_-_raw_video_barack_obamas_2008_acceptance_speech_LEo7lzfpdCU_360p_Cut_179', 1, 'AND HARD IN'),
(47, 2, 'y2mate.com_-_raw_video_barack_obamas_2008_acceptance_speech_LEo7lzfpdCU_360p_Cut_176', 2, 'SENATOR FOUGHT LONG'),
(48, 2, 'y2mate.com_-_raw_video_barack_obamas_2008_acceptance_speech_LEo7lzfpdCU_360p_Cut_194', 1, 'CANNOT BEGIN TO'),
(49, 2, 'y2mate.com_-_raw_video_barack_obamas_2008_acceptance_speech_LEo7lzfpdCU_360p_Cut_191', 2, 'FOR AMERICA MOST US'),
(50, 2, 'y2mate.com_-_raw_video_barack_obamas_2008_acceptance_speech_LEo7lzfpdCU_360p_Cut_185', 2, 'HE HAS ENDURED SACRIFICES'),
(51, 2, 'y2mate.com_-_raw_video_barack_obamas_2008_acceptance_speech_LEo7lzfpdCU_360p_Cut_202', 1, 'BY THIS BRAVE'),
(52, 2, 'y2mate.com_-_raw_video_barack_obamas_2008_acceptance_speech_LEo7lzfpdCU_360p_Cut_205', 2, 'AND SELFLESS LEADER'),
(53, 2, 'y2mate.com_-_raw_video_barack_obamas_2008_acceptance_speech_LEo7lzfpdCU_360p_Cut_208', 2, 'I CONGRATULATE HIM'),
(54, 2, 'y2mate.com_-_raw_video_barack_obamas_2008_acceptance_speech_LEo7lzfpdCU_360p_Cut_199', 3, 'FOR THE SERVICE RENDERED'),
(55, 2, 'y2mate.com_-_raw_video_barack_obamas_2008_acceptance_speech_LEo7lzfpdCU_360p_Cut_221', 1, 'LOOK FORWARD TO'),
(56, 2, 'y2mate.com_-_raw_video_barack_obamas_2008_acceptance_speech_LEo7lzfpdCU_360p_Cut_224', 1, 'WORKING WITH THEM'),
(57, 2, 'y2mate.com_-_raw_video_barack_obamas_2008_acceptance_speech_LEo7lzfpdCU_360p_Cut_218', 2, 'ACHIEVED AND I'),
(58, 2, 'y2mate.com_-_raw_video_barack_obamas_2008_acceptance_speech_LEo7lzfpdCU_360p_Cut_227', 2, 'TO RENEW THIS'),
(59, 2, 'y2mate.com_-_raw_video_barack_obamas_2008_acceptance_speech_LEo7lzfpdCU_360p_Cut_237', 1, 'I WANT TO THANK'),
(60, 2, 'y2mate.com_-_raw_video_barack_obamas_2008_acceptance_speech_LEo7lzfpdCU_360p_Cut_240', 2, 'MY PARTNER IN'),
(61, 2, 'y2mate.com_-_raw_video_barack_obamas_2008_acceptance_speech_LEo7lzfpdCU_360p_Cut_263', 1, 'THE STREETS OF'),
(62, 2, 'y2mate.com_-_raw_video_barack_obamas_2008_acceptance_speech_LEo7lzfpdCU_360p_Cut_260', 1, 'UP WITH ON'),
(63, 2, 'y2mate.com_-_raw_video_barack_obamas_2008_acceptance_speech_LEo7lzfpdCU_360p_Cut_257', 1, 'THE MEN WOMEN GREW'),
(64, 2, 'y2mate.com_-_raw_video_barack_obamas_2008_acceptance_speech_LEo7lzfpdCU_360p_Cut_248', 2, 'A MAN WHO HIS HEART'),
(65, 2, 'y2mate.com_-_raw_video_barack_obamas_2008_acceptance_speech_LEo7lzfpdCU_360p_Cut_251', 2, 'AND SPOKE FOR'),
(66, 2, 'y2mate.com_-_raw_video_barack_obamas_2008_acceptance_speech_LEo7lzfpdCU_360p_Cut_269', 2, 'SCRANTON AND WITH ON THE'),
(67, 2, 'y2mate.com_-_raw_video_barack_obamas_2008_acceptance_speech_LEo7lzfpdCU_360p_Cut_277', 1, 'VICE PRESIDENT ELECT'),
(68, 2, 'y2mate.com_-_raw_video_barack_obamas_2008_acceptance_speech_LEo7lzfpdCU_360p_Cut_274', 2, 'TO DELAWARE THE'),
(69, 2, 'y2mate.com_-_raw_video_barack_obamas_2008_acceptance_speech_LEo7lzfpdCU_360p_Cut_287', 1, 'AND I WOULD NOT'),
(70, 2, 'y2mate.com_-_raw_video_barack_obamas_2008_acceptance_speech_LEo7lzfpdCU_360p_Cut_290', 1, 'BE STANDING HERE'),
(71, 2, 'y2mate.com_-_raw_video_barack_obamas_2008_acceptance_speech_LEo7lzfpdCU_360p_Cut_293', 2, 'TONIGHT WITHOUT THE'),
(72, 2, 'y2mate.com_-_raw_video_barack_obamas_2008_acceptance_speech_LEo7lzfpdCU_360p_Cut_309', 3, 'NEXT FIRST LADY MICHELLE'),
(73, 2, 'y2mate.com_-_raw_video_barack_obamas_2008_acceptance_speech_LEo7lzfpdCU_360p_Cut_323', 1, 'THAT\'S COMING WITH'),
(74, 2, 'y2mate.com_-_raw_video_barack_obamas_2008_acceptance_speech_LEo7lzfpdCU_360p_Cut_320', 1, 'THE NEW PUPPY'),
(75, 2, 'y2mate.com_-_raw_video_barack_obamas_2008_acceptance_speech_LEo7lzfpdCU_360p_Cut_317', 1, 'AND YOU HAVE EARNED'),
(76, 2, 'y2mate.com_-_raw_video_barack_obamas_2008_acceptance_speech_LEo7lzfpdCU_360p_Cut_338', 1, 'KNOW MY GRANDMOTHER\'S'),
(77, 2, 'y2mate.com_-_raw_video_barack_obamas_2008_acceptance_speech_LEo7lzfpdCU_360p_Cut_332', 1, 'SHE\'S NO LONGER'),
(78, 2, 'y2mate.com_-_raw_video_barack_obamas_2008_acceptance_speech_LEo7lzfpdCU_360p_Cut_335', 2, 'WITH US I'),
(79, 2, 'y2mate.com_-_raw_video_barack_obamas_2008_acceptance_speech_LEo7lzfpdCU_360p_Cut_343', 1, 'I MISS THEM TONIGHT'),
(80, 2, 'y2mate.com_-_raw_video_barack_obamas_2008_acceptance_speech_LEo7lzfpdCU_360p_Cut_350', 1, 'MY OTHER BROTHERS'),
(81, 2, 'y2mate.com_-_raw_video_barack_obamas_2008_acceptance_speech_LEo7lzfpdCU_360p_Cut_362', 1, 'SUPPORT THAT YOU\'VE'),
(82, 2, 'y2mate.com_-_raw_video_barack_obamas_2008_acceptance_speech_LEo7lzfpdCU_360p_Cut_353', 1, 'AND SISTERS THANK'),
(83, 2, 'y2mate.com_-_raw_video_barack_obamas_2008_acceptance_speech_LEo7lzfpdCU_360p_Cut_347', 2, 'MY SISTER ALMA ALL'),
(84, 2, 'y2mate.com_-_raw_video_barack_obamas_2008_acceptance_speech_LEo7lzfpdCU_360p_Cut_368', 2, 'GIVEN ME GRATEFUL TO THEM'),
(85, 2, 'y2mate.com_-_raw_video_barack_obamas_2008_acceptance_speech_LEo7lzfpdCU_360p_Cut_378', 2, 'THE UNSUNG HERO OF'),
(86, 2, 'y2mate.com_-_raw_video_barack_obamas_2008_acceptance_speech_LEo7lzfpdCU_360p_Cut_391', 1, 'IN THE HISTORY'),
(87, 2, 'y2mate.com_-_raw_video_barack_obamas_2008_acceptance_speech_LEo7lzfpdCU_360p_Cut_397', 1, 'STATES OF AMERICA'),
(88, 2, 'y2mate.com_-_raw_video_barack_obamas_2008_acceptance_speech_LEo7lzfpdCU_360p_Cut_388', 1, 'CAMPAIGN I THINK'),
(89, 2, 'y2mate.com_-_raw_video_barack_obamas_2008_acceptance_speech_LEo7lzfpdCU_360p_Cut_412', 1, 'MADE THIS HAPPEN'),
(90, 2, 'y2mate.com_-_raw_video_barack_obamas_2008_acceptance_speech_LEo7lzfpdCU_360p_Cut_415', 1, 'AND I AM'),
(91, 2, 'y2mate.com_-_raw_video_barack_obamas_2008_acceptance_speech_LEo7lzfpdCU_360p_Cut_409', 1, 'OF POLITICS YOU'),
(92, 2, 'y2mate.com_-_raw_video_barack_obamas_2008_acceptance_speech_LEo7lzfpdCU_360p_Cut_406', 1, 'IN THE HISTORY'),
(93, 2, 'y2mate.com_-_raw_video_barack_obamas_2008_acceptance_speech_LEo7lzfpdCU_360p_Cut_403', 2, 'CAMPAIGN TEAM EVER ASSEMBLED'),
(94, 2, 'y2mate.com_-_raw_video_barack_obamas_2008_acceptance_speech_LEo7lzfpdCU_360p_Cut_422', 1, 'IT BELONGS TO YOU'),
(95, 2, 'y2mate.com_-_raw_video_barack_obamas_2008_acceptance_speech_LEo7lzfpdCU_360p_Cut_426', 1, 'FOR THIS OFFICE'),
(96, 2, 'y2mate.com_-_raw_video_barack_obamas_2008_acceptance_speech_LEo7lzfpdCU_360p_Cut_445', 1, 'CONCORD THE'),
(97, 2, 'y2mate.com_-_raw_video_barack_obamas_2008_acceptance_speech_LEo7lzfpdCU_360p_Cut_448', 1, 'FRONT PORCHES OF'),
(98, 2, 'y2mate.com_-_raw_video_barack_obamas_2008_acceptance_speech_LEo7lzfpdCU_360p_Cut_442', 5, 'THE WASHINGTON IN MORNING LIVING ROOMS OF'),
(99, 2, 'y2mate.com_-_raw_video_barack_obamas_2008_acceptance_speech_LEo7lzfpdCU_360p_Cut_459', 1, 'INTO WHAT LITTLE'),
(100, 2, 'y2mate.com_-_raw_video_barack_obamas_2008_acceptance_speech_LEo7lzfpdCU_360p_Cut_456', 1, 'AND WOMEN WHO DUG'),
(101, 2, 'y2mate.com_-_raw_video_barack_obamas_2008_acceptance_speech_LEo7lzfpdCU_360p_Cut_465', 2, 'SAVINGS TO GET $5'),
(102, 2, 'y2mate.com_-_raw_video_barack_obamas_2008_acceptance_speech_LEo7lzfpdCU_360p_Cut_471', 2, '$10 THE'),
(103, 2, 'y2mate.com_-_raw_video_barack_obamas_2008_acceptance_speech_LEo7lzfpdCU_360p_Cut_482', 1, 'MYTH OF THEIR'),
(104, 2, 'y2mate.com_-_raw_video_barack_obamas_2008_acceptance_speech_LEo7lzfpdCU_360p_Cut_479', 1, 'WHO REJECTED THE'),
(105, 2, 'y2mate.com_-_raw_video_barack_obamas_2008_acceptance_speech_LEo7lzfpdCU_360p_Cut_476', 1, 'FIND PEOPLE'),
(106, 2, 'y2mate.com_-_raw_video_barack_obamas_2008_acceptance_speech_LEo7lzfpdCU_360p_Cut_489', 1, 'OF AMERICANS WHO'),
(107, 2, 'y2mate.com_-_raw_video_barack_obamas_2008_acceptance_speech_LEo7lzfpdCU_360p_Cut_510', 1, 'PEOPLE AND FOR'),
(108, 2, 'y2mate.com_-_raw_video_barack_obamas_2008_acceptance_speech_LEo7lzfpdCU_360p_Cut_501', 1, 'CENTURIES LATER A'),
(109, 2, 'y2mate.com_-_raw_video_barack_obamas_2008_acceptance_speech_LEo7lzfpdCU_360p_Cut_504', 1, 'GOVERNMENT OF THE'),
(110, 2, 'y2mate.com_-_raw_video_barack_obamas_2008_acceptance_speech_LEo7lzfpdCU_360p_Cut_507', 1, 'PEOPLE BY THE'),
(111, 2, 'y2mate.com_-_raw_video_barack_obamas_2008_acceptance_speech_LEo7lzfpdCU_360p_Cut_498', 4, 'VOLUNTEERED MORE THAN TWO'),
(112, 2, 'y2mate.com_-_raw_video_barack_obamas_2008_acceptance_speech_LEo7lzfpdCU_360p_Cut_519', 1, 'THE EARTH THIS'),
(113, 2, 'y2mate.com_-_raw_video_barack_obamas_2008_acceptance_speech_LEo7lzfpdCU_360p_Cut_522', 1, 'IS YOUR VICTORY'),
(114, 2, 'y2mate.com_-_raw_video_barack_obamas_2008_acceptance_speech_LEo7lzfpdCU_360p_Cut_516', 1, 'HAVE NOT PERISH FROM'),
(115, 2, 'y2mate.com_-_raw_video_barack_obamas_2008_acceptance_speech_LEo7lzfpdCU_360p_Cut_526', 1, 'I KNOW YOU DIDN\'T'),
(116, 2, 'y2mate.com_-_raw_video_barack_obamas_2008_acceptance_speech_LEo7lzfpdCU_360p_Cut_529', 2, 'DO THIS JUST'),
(117, 2, 'y2mate.com_-_raw_video_barack_obamas_2008_acceptance_speech_LEo7lzfpdCU_360p_Cut_540', 1, 'TASK THAT LIES'),
(118, 2, 'y2mate.com_-_raw_video_barack_obamas_2008_acceptance_speech_LEo7lzfpdCU_360p_Cut_537', 1, 'THE ENORMITY OF THE'),
(119, 2, 'y2mate.com_-_raw_video_barack_obamas_2008_acceptance_speech_LEo7lzfpdCU_360p_Cut_570', 1, 'THEIR LIVES FOR'),
(120, 2, 'y2mate.com_-_raw_video_barack_obamas_2008_acceptance_speech_LEo7lzfpdCU_360p_Cut_552', 1, 'KNOW BRAVE'),
(121, 2, 'y2mate.com_-_raw_video_barack_obamas_2008_acceptance_speech_LEo7lzfpdCU_360p_Cut_561', 1, 'OF IN'),
(122, 2, 'y2mate.com_-_raw_video_barack_obamas_2008_acceptance_speech_LEo7lzfpdCU_360p_Cut_567', 1, 'AFGHANISTAN TO RISK'),
(123, 2, 'y2mate.com_-_raw_video_barack_obamas_2008_acceptance_speech_LEo7lzfpdCU_360p_Cut_555', 2, 'AMERICANS WAKING UP'),
(124, 2, 'y2mate.com_-_raw_video_barack_obamas_2008_acceptance_speech_LEo7lzfpdCU_360p_Cut_581', 1, 'THE CHILDREN FALL'),
(125, 2, 'y2mate.com_-_raw_video_barack_obamas_2008_acceptance_speech_LEo7lzfpdCU_360p_Cut_575', 1, 'FATHERS WILL'),
(126, 2, 'y2mate.com_-_raw_video_barack_obamas_2008_acceptance_speech_LEo7lzfpdCU_360p_Cut_584', 1, 'ASLEEP WONDER'),
(127, 2, 'y2mate.com_-_raw_video_barack_obamas_2008_acceptance_speech_LEo7lzfpdCU_360p_Cut_578', 1, 'LIE AWAKE AFTER'),
(128, 2, 'y2mate.com_-_raw_video_barack_obamas_2008_acceptance_speech_LEo7lzfpdCU_360p_Cut_587', 1, 'HOW MAKE'),
(129, 2, 'y2mate.com_-_raw_video_barack_obamas_2008_acceptance_speech_LEo7lzfpdCU_360p_Cut_602', 1, 'CHILD\'S COLLEGE EDUCATION'),
(130, 2, 'y2mate.com_-_raw_video_barack_obamas_2008_acceptance_speech_LEo7lzfpdCU_360p_Cut_590', 1, 'THE MORTGAGE OR'),
(131, 2, 'y2mate.com_-_raw_video_barack_obamas_2008_acceptance_speech_LEo7lzfpdCU_360p_Cut_596', 2, 'PAY THEIR BILLS OR SAVE'),
(132, 2, 'y2mate.com_-_raw_video_barack_obamas_2008_acceptance_speech_LEo7lzfpdCU_360p_Cut_615', 1, 'NEW TO'),
(133, 2, 'y2mate.com_-_raw_video_barack_obamas_2008_acceptance_speech_LEo7lzfpdCU_360p_Cut_606', 2, 'THERE\'S NO ENERGY TO'),
(134, 2, 'y2mate.com_-_raw_video_barack_obamas_2008_acceptance_speech_LEo7lzfpdCU_360p_Cut_618', 1, 'BUILD AND THREATS'),
(135, 2, 'y2mate.com_-_raw_video_barack_obamas_2008_acceptance_speech_LEo7lzfpdCU_360p_Cut_609', 2, 'HARNESS NEW JOBS'),
(136, 2, 'y2mate.com_-_raw_video_barack_obamas_2008_acceptance_speech_LEo7lzfpdCU_360p_Cut_626', 3, 'THE ROAD AHEAD WILL'),
(137, 2, 'y2mate.com_-_raw_video_barack_obamas_2008_acceptance_speech_LEo7lzfpdCU_360p_Cut_635', 1, 'NEVER BEEN MORE'),
(138, 2, 'y2mate.com_-_raw_video_barack_obamas_2008_acceptance_speech_LEo7lzfpdCU_360p_Cut_653', 1, 'A PEOPLE WILL'),
(139, 2, 'y2mate.com_-_raw_video_barack_obamas_2008_acceptance_speech_LEo7lzfpdCU_360p_Cut_650', 1, 'YOU WE AS'),
(140, 2, 'y2mate.com_-_raw_video_barack_obamas_2008_acceptance_speech_LEo7lzfpdCU_360p_Cut_644', 1, 'AM TONIGHT WE WILL GET'),
(141, 2, 'y2mate.com_-_raw_video_barack_obamas_2008_acceptance_speech_LEo7lzfpdCU_360p_Cut_638', 1, 'HOPEFUL THAT I'),
(142, 2, 'y2mate.com_-_raw_video_barack_obamas_2008_acceptance_speech_LEo7lzfpdCU_360p_Cut_647', 1, 'I PROMISE'),
(143, 2, 'y2mate.com_-_raw_video_barack_obamas_2008_acceptance_speech_LEo7lzfpdCU_360p_Cut_632', 2, 'BUT AMERICA I HAVE'),
(144, 2, 'y2mate.com_-_raw_video_barack_obamas_2008_acceptance_speech_LEo7lzfpdCU_360p_Cut_674', 1, 'AND KNOW THE'),
(145, 2, 'y2mate.com_-_raw_video_barack_obamas_2008_acceptance_speech_LEo7lzfpdCU_360p_Cut_677', 1, 'GOVERNMENT CAN\'T SOLVE'),
(146, 2, 'y2mate.com_-_raw_video_barack_obamas_2008_acceptance_speech_LEo7lzfpdCU_360p_Cut_689', 1, 'LISTEN TO YOU'),
(147, 2, 'y2mate.com_-_raw_video_barack_obamas_2008_acceptance_speech_LEo7lzfpdCU_360p_Cut_683', 1, 'ABOUT THE CHALLENGES WE'),
(148, 2, 'y2mate.com_-_raw_video_barack_obamas_2008_acceptance_speech_LEo7lzfpdCU_360p_Cut_686', 1, 'I WILL'),
(149, 2, 'y2mate.com_-_raw_video_barack_obamas_2008_acceptance_speech_LEo7lzfpdCU_360p_Cut_692', 2, 'ESPECIALLY WHEN WE'),
(150, 2, 'y2mate.com_-_raw_video_barack_obamas_2008_acceptance_speech_LEo7lzfpdCU_360p_Cut_700', 1, 'ONLY WAY IT\'S'),
(151, 2, 'y2mate.com_-_raw_video_barack_obamas_2008_acceptance_speech_LEo7lzfpdCU_360p_Cut_697', 1, 'THIS NATION THE'),
(152, 2, 'y2mate.com_-_raw_video_barack_obamas_2008_acceptance_speech_LEo7lzfpdCU_360p_Cut_706', 2, 'AMERICA FOR 221'),
(153, 2, 'y2mate.com_-_raw_video_barack_obamas_2008_acceptance_speech_LEo7lzfpdCU_360p_Cut_709', 1, 'BLOCK BY'),
(154, 2, 'y2mate.com_-_raw_video_barack_obamas_2008_acceptance_speech_LEo7lzfpdCU_360p_Cut_712', 1, 'BLOCK BRICK BY'),
(155, 2, 'y2mate.com_-_raw_video_barack_obamas_2008_acceptance_speech_LEo7lzfpdCU_360p_Cut_724', 1, 'AGO IN THE'),
(156, 2, 'y2mate.com_-_raw_video_barack_obamas_2008_acceptance_speech_LEo7lzfpdCU_360p_Cut_727', 1, 'DEPTHS OF WINTER'),
(157, 2, 'y2mate.com_-_raw_video_barack_obamas_2008_acceptance_speech_LEo7lzfpdCU_360p_Cut_730', 2, 'CANNOT END ON'),
(158, 2, 'y2mate.com_-_raw_video_barack_obamas_2008_acceptance_speech_LEo7lzfpdCU_360p_Cut_721', 3, 'WHAT BEGAN MONTHS'),
(159, 2, 'y2mate.com_-_raw_video_barack_obamas_2008_acceptance_speech_LEo7lzfpdCU_360p_Cut_758', 1, 'GO BACK TO'),
(160, 2, 'y2mate.com_-_raw_video_barack_obamas_2008_acceptance_speech_LEo7lzfpdCU_360p_Cut_755', 1, 'HAPPEN IF WE'),
(161, 2, 'y2mate.com_-_raw_video_barack_obamas_2008_acceptance_speech_LEo7lzfpdCU_360p_Cut_749', 1, 'MAKE THAT CHANGE'),
(162, 2, 'y2mate.com_-_raw_video_barack_obamas_2008_acceptance_speech_LEo7lzfpdCU_360p_Cut_743', 1, 'ONLY THE CHANCE'),
(163, 2, 'y2mate.com_-_raw_video_barack_obamas_2008_acceptance_speech_LEo7lzfpdCU_360p_Cut_740', 2, 'THE IT IS'),
(164, 2, 'y2mate.com_-_raw_video_barack_obamas_2008_acceptance_speech_LEo7lzfpdCU_360p_Cut_752', 2, 'AND THAT CANNOT'),
(165, 2, 'y2mate.com_-_raw_video_barack_obamas_2008_acceptance_speech_LEo7lzfpdCU_360p_Cut_775', 1, 'SERVICE A NEW'),
(166, 2, 'y2mate.com_-_raw_video_barack_obamas_2008_acceptance_speech_LEo7lzfpdCU_360p_Cut_772', 2, 'YOU WITHOUT NEW SPIRIT OF'),
(167, 2, 'y2mate.com_-_raw_video_barack_obamas_2008_acceptance_speech_LEo7lzfpdCU_360p_Cut_778', 3, 'SPIRIT SACRIFICE'),
(168, 2, 'y2mate.com_-_raw_video_barack_obamas_2008_acceptance_speech_LEo7lzfpdCU_360p_Cut_800', 1, 'OURSELVES BUT EACH'),
(169, 2, 'y2mate.com_-_raw_video_barack_obamas_2008_acceptance_speech_LEo7lzfpdCU_360p_Cut_794', 1, 'HARDER AND LOOK'),
(170, 2, 'y2mate.com_-_raw_video_barack_obamas_2008_acceptance_speech_LEo7lzfpdCU_360p_Cut_788', 1, 'RESOLVE TO PITCH'),
(171, 2, 'y2mate.com_-_raw_video_barack_obamas_2008_acceptance_speech_LEo7lzfpdCU_360p_Cut_791', 1, 'IN WORK'),
(172, 2, 'y2mate.com_-_raw_video_barack_obamas_2008_acceptance_speech_LEo7lzfpdCU_360p_Cut_797', 1, 'AFTER NOT ONLY'),
(173, 2, 'y2mate.com_-_raw_video_barack_obamas_2008_acceptance_speech_LEo7lzfpdCU_360p_Cut_782', 4, 'PATRIOTISM FOR'),
(174, 2, 'y2mate.com_-_raw_video_barack_obamas_2008_acceptance_speech_LEo7lzfpdCU_360p_Cut_808', 1, 'IF THIS FINANCIAL'),
(175, 2, 'y2mate.com_-_raw_video_barack_obamas_2008_acceptance_speech_LEo7lzfpdCU_360p_Cut_811', 1, 'CRISIS TAUGHT US'),
(176, 2, 'y2mate.com_-_raw_video_barack_obamas_2008_acceptance_speech_LEo7lzfpdCU_360p_Cut_817', 1, 'WE CANNOT HAVE'),
(177, 2, 'y2mate.com_-_raw_video_barack_obamas_2008_acceptance_speech_LEo7lzfpdCU_360p_Cut_814', 1, 'ANYTHING IT\'S THAT'),
(178, 2, 'y2mate.com_-_raw_video_barack_obamas_2008_acceptance_speech_LEo7lzfpdCU_360p_Cut_805', 1, 'LET US REMEMBER THAT'),
(179, 2, 'y2mate.com_-_raw_video_barack_obamas_2008_acceptance_speech_LEo7lzfpdCU_360p_Cut_832', 1, 'AS ONE NATION'),
(180, 2, 'y2mate.com_-_raw_video_barack_obamas_2008_acceptance_speech_LEo7lzfpdCU_360p_Cut_835', 2, 'AS PEOPLE'),
(181, 2, 'y2mate.com_-_raw_video_barack_obamas_2008_acceptance_speech_LEo7lzfpdCU_360p_Cut_842', 3, 'AND IMMATURITY THAT POLITICS'),
(182, 2, 'y2mate.com_-_raw_video_barack_obamas_2008_acceptance_speech_LEo7lzfpdCU_360p_Cut_849', 1, 'THE WHITE'),
(183, 2, 'y2mate.com_-_raw_video_barack_obamas_2008_acceptance_speech_LEo7lzfpdCU_360p_Cut_870', 1, 'THAT WE ALL'),
(184, 2, 'y2mate.com_-_raw_video_barack_obamas_2008_acceptance_speech_LEo7lzfpdCU_360p_Cut_864', 1, 'AND NATIONAL UNITY'),
(185, 2, 'y2mate.com_-_raw_video_barack_obamas_2008_acceptance_speech_LEo7lzfpdCU_360p_Cut_858', 2, 'VALUES OF SELF-RELIANCE'),
(186, 2, 'y2mate.com_-_raw_video_barack_obamas_2008_acceptance_speech_LEo7lzfpdCU_360p_Cut_861', 2, 'AND INDIVIDUAL LIBERTY'),
(187, 2, 'y2mate.com_-_raw_video_barack_obamas_2008_acceptance_speech_LEo7lzfpdCU_360p_Cut_867', 2, 'THOSE ARE VALUES'),
(188, 2, 'y2mate.com_-_raw_video_barack_obamas_2008_acceptance_speech_LEo7lzfpdCU_360p_Cut_855', 2, 'HOUSE FOUNDED ON THE'),
(189, 2, 'y2mate.com_-_raw_video_barack_obamas_2008_acceptance_speech_LEo7lzfpdCU_360p_Cut_887', 1, 'SO WITH A'),
(190, 2, 'y2mate.com_-_raw_video_barack_obamas_2008_acceptance_speech_LEo7lzfpdCU_360p_Cut_881', 1, 'A GREAT VICTORY'),
(191, 2, 'y2mate.com_-_raw_video_barack_obamas_2008_acceptance_speech_LEo7lzfpdCU_360p_Cut_878', 1, 'DEMOCRATIC PARTY HAS WON'),
(192, 2, 'y2mate.com_-_raw_video_barack_obamas_2008_acceptance_speech_LEo7lzfpdCU_360p_Cut_884', 1, 'TONIGHT WE DO'),
(193, 2, 'y2mate.com_-_raw_video_barack_obamas_2008_acceptance_speech_LEo7lzfpdCU_360p_Cut_890', 1, 'MEASURE OF HUMILITY'),
(194, 2, 'y2mate.com_-_raw_video_barack_obamas_2008_acceptance_speech_LEo7lzfpdCU_360p_Cut_896', 1, 'MORE DIVIDED'),
(195, 2, 'y2mate.com_-_raw_video_barack_obamas_2008_acceptance_speech_LEo7lzfpdCU_360p_Cut_905', 1, 'BUT I HEAR YOUR'),
(196, 2, 'y2mate.com_-_raw_video_barack_obamas_2008_acceptance_speech_LEo7lzfpdCU_360p_Cut_914', 1, 'I WILL BE'),
(197, 2, 'y2mate.com_-_raw_video_barack_obamas_2008_acceptance_speech_LEo7lzfpdCU_360p_Cut_908', 2, 'VOICES I NEED'),
(198, 2, 'y2mate.com_-_raw_video_barack_obamas_2008_acceptance_speech_LEo7lzfpdCU_360p_Cut_911', 1, 'YOUR HELP AND'),
(199, 2, 'y2mate.com_-_raw_video_barack_obamas_2008_acceptance_speech_LEo7lzfpdCU_360p_Cut_924', 1, 'TONIGHT FROM BEYOND'),
(200, 2, 'y2mate.com_-_raw_video_barack_obamas_2008_acceptance_speech_LEo7lzfpdCU_360p_Cut_921', 1, 'AND ALL THOSE WATCHING'),
(201, 2, 'y2mate.com_-_raw_video_barack_obamas_2008_acceptance_speech_LEo7lzfpdCU_360p_Cut_943', 1, 'CORNERS OF THE'),
(202, 2, 'y2mate.com_-_raw_video_barack_obamas_2008_acceptance_speech_LEo7lzfpdCU_360p_Cut_937', 2, 'THOSE HUDDLED AROUND RADIOS'),
(203, 2, 'y2mate.com_-_raw_video_barack_obamas_2008_acceptance_speech_LEo7lzfpdCU_360p_Cut_952', 2, 'DOWN WE WILL'),
(204, 2, 'y2mate.com_-_raw_video_barack_obamas_2008_acceptance_speech_LEo7lzfpdCU_360p_Cut_976', 1, 'THAT THE TRUE'),
(205, 2, 'y2mate.com_-_raw_video_barack_obamas_2008_acceptance_speech_LEo7lzfpdCU_360p_Cut_979', 1, 'STRENGTH OF OUR'),
(206, 2, 'y2mate.com_-_raw_video_barack_obamas_2008_acceptance_speech_LEo7lzfpdCU_360p_Cut_970', 1, 'BRIGHT TONIGHT WE'),
(207, 2, 'y2mate.com_-_raw_video_barack_obamas_2008_acceptance_speech_LEo7lzfpdCU_360p_Cut_973', 1, 'PROVED ONCE MORE'),
(208, 2, 'y2mate.com_-_raw_video_barack_obamas_2008_acceptance_speech_LEo7lzfpdCU_360p_Cut_967', 1, 'STILL BURNS AS'),
(209, 2, 'y2mate.com_-_raw_video_barack_obamas_2008_acceptance_speech_LEo7lzfpdCU_360p_Cut_964', 2, 'WHO HAVE IF AMERICA\'S BEACON'),
(210, 2, 'y2mate.com_-_raw_video_barack_obamas_2008_acceptance_speech_LEo7lzfpdCU_360p_Cut_987', 1, 'OF ARMS'),
(211, 2, 'y2mate.com_-_raw_video_barack_obamas_2008_acceptance_speech_LEo7lzfpdCU_360p_Cut_993', 1, 'OF OUR WEALTH'),
(212, 2, 'y2mate.com_-_raw_video_barack_obamas_2008_acceptance_speech_LEo7lzfpdCU_360p_Cut_990', 1, 'OR THE SCALE'),
(213, 2, 'y2mate.com_-_raw_video_barack_obamas_2008_acceptance_speech_LEo7lzfpdCU_360p_Cut_996', 1, 'BUT FROM THE'),
(214, 2, 'y2mate.com_-_raw_video_barack_obamas_2008_acceptance_speech_LEo7lzfpdCU_360p_Cut_999', 1, 'ENDURING POWER OF'),
(215, 2, 'y2mate.com_-_raw_video_barack_obamas_2008_acceptance_speech_LEo7lzfpdCU_360p_Cut_1005', 2, 'OPPORTUNITY AND UNYIELDING'),
(216, 2, 'y2mate.com_-_raw_video_barack_obamas_2008_acceptance_speech_LEo7lzfpdCU_360p_Cut_1002', 3, 'IDEALS DEMOCRACY LIBERTY'),
(217, 2, 'y2mate.com_-_raw_video_barack_obamas_2008_acceptance_speech_LEo7lzfpdCU_360p_Cut_1010', 1, 'THAT\'S THE TRUE GENIUS'),
(218, 2, 'y2mate.com_-_raw_video_barack_obamas_2008_acceptance_speech_LEo7lzfpdCU_360p_Cut_1019', 1, 'GIVES US HOPE'),
(219, 2, 'y2mate.com_-_raw_video_barack_obamas_2008_acceptance_speech_LEo7lzfpdCU_360p_Cut_1022', 1, 'FOR WHAT WE'),
(220, 2, 'y2mate.com_-_raw_video_barack_obamas_2008_acceptance_speech_LEo7lzfpdCU_360p_Cut_1016', 1, 'WHAT WE\'VE ALREADY ACHIEVED'),
(221, 2, 'y2mate.com_-_raw_video_barack_obamas_2008_acceptance_speech_LEo7lzfpdCU_360p_Cut_1034', 1, 'ONE MY MIND'),
(222, 2, 'y2mate.com_-_raw_video_barack_obamas_2008_acceptance_speech_LEo7lzfpdCU_360p_Cut_1043', 2, 'WOMAN CAST HER BALLOT'),
(223, 2, 'y2mate.com_-_raw_video_barack_obamas_2008_acceptance_speech_LEo7lzfpdCU_360p_Cut_1052', 1, 'MAKE THEIR HEARD IN THIS'),
(224, 2, 'y2mate.com_-_raw_video_barack_obamas_2008_acceptance_speech_LEo7lzfpdCU_360p_Cut_1064', 1, '106 YEARS OLD'),
(225, 2, 'y2mate.com_-_raw_video_barack_obamas_2008_acceptance_speech_LEo7lzfpdCU_360p_Cut_1058', 1, 'ONE THING AND'),
(226, 2, 'y2mate.com_-_raw_video_barack_obamas_2008_acceptance_speech_LEo7lzfpdCU_360p_Cut_1055', 1, 'SELECTION EXCEPT FOR'),
(227, 2, 'y2mate.com_-_raw_video_barack_obamas_2008_acceptance_speech_LEo7lzfpdCU_360p_Cut_1077', 1, 'NO CARS ON'),
(228, 2, 'y2mate.com_-_raw_video_barack_obamas_2008_acceptance_speech_LEo7lzfpdCU_360p_Cut_1083', 1, 'THE ROAD PLANES THE'),
(229, 2, 'y2mate.com_-_raw_video_barack_obamas_2008_acceptance_speech_LEo7lzfpdCU_360p_Cut_1071', 3, 'GENERATION SLAVERY TIME'),
(230, 2, 'y2mate.com_-_raw_video_barack_obamas_2008_acceptance_speech_LEo7lzfpdCU_360p_Cut_1088', 1, 'AND BECAUSE OF THE'),
(231, 2, 'y2mate.com_-_raw_video_barack_obamas_2008_acceptance_speech_LEo7lzfpdCU_360p_Cut_1108', 1, 'WERE TOLD THAT'),
(232, 2, 'y2mate.com_-_raw_video_barack_obamas_2008_acceptance_speech_LEo7lzfpdCU_360p_Cut_1102', 1, 'AND THE PROGRESS'),
(233, 2, 'y2mate.com_-_raw_video_barack_obamas_2008_acceptance_speech_LEo7lzfpdCU_360p_Cut_1105', 2, 'THE TIMES WE'),
(234, 2, 'y2mate.com_-_raw_video_barack_obamas_2008_acceptance_speech_LEo7lzfpdCU_360p_Cut_1099', 3, 'THE HOPE THE STRUGGLE'),
(235, 2, 'y2mate.com_-_raw_video_barack_obamas_2008_acceptance_speech_LEo7lzfpdCU_360p_Cut_1114', 2, 'AMERICAN CREED YES WE'),
(236, 2, 'y2mate.com_-_raw_video_barack_obamas_2008_acceptance_speech_LEo7lzfpdCU_360p_Cut_1140', 1, 'OF COMMON PURPOSE'),
(237, 2, 'y2mate.com_-_raw_video_barack_obamas_2008_acceptance_speech_LEo7lzfpdCU_360p_Cut_1128', 2, 'LOCATION CONQUER FEAR ITSELF'),
(238, 2, 'y2mate.com_-_raw_video_barack_obamas_2008_acceptance_speech_LEo7lzfpdCU_360p_Cut_1143', 1, 'YES WE CAN'),
(239, 2, 'y2mate.com_-_raw_video_barack_obamas_2008_acceptance_speech_LEo7lzfpdCU_360p_Cut_1137', 3, 'NEW DEAL NEW NEW SENSE'),
(240, 2, 'y2mate.com_-_raw_video_barack_obamas_2008_acceptance_speech_LEo7lzfpdCU_360p_Cut_1153', 1, 'WORLD SHE WAS'),
(241, 2, 'y2mate.com_-_raw_video_barack_obamas_2008_acceptance_speech_LEo7lzfpdCU_360p_Cut_1165', 1, 'A DEMOCRACY WAS'),
(242, 2, 'y2mate.com_-_raw_video_barack_obamas_2008_acceptance_speech_LEo7lzfpdCU_360p_Cut_1159', 1, 'OUR GENERATION RISE'),
(243, 2, 'y2mate.com_-_raw_video_barack_obamas_2008_acceptance_speech_LEo7lzfpdCU_360p_Cut_1168', 1, 'SAVED YES WE'),
(244, 2, 'y2mate.com_-_raw_video_barack_obamas_2008_acceptance_speech_LEo7lzfpdCU_360p_Cut_1162', 1, 'TO GREATNESS AND'),
(245, 2, 'y2mate.com_-_raw_video_barack_obamas_2008_acceptance_speech_LEo7lzfpdCU_360p_Cut_1176', 1, 'THE BUSES IN'),
(246, 2, 'y2mate.com_-_raw_video_barack_obamas_2008_acceptance_speech_LEo7lzfpdCU_360p_Cut_1191', 1, 'FROM ATLANTA WHO'),
(247, 2, 'y2mate.com_-_raw_video_barack_obamas_2008_acceptance_speech_LEo7lzfpdCU_360p_Cut_1173', 1, 'SHE WAS THERE FOR'),
(248, 2, 'y2mate.com_-_raw_video_barack_obamas_2008_acceptance_speech_LEo7lzfpdCU_360p_Cut_1179', 2, 'MONTGOMERY THE HOSES'),
(249, 2, 'y2mate.com_-_raw_video_barack_obamas_2008_acceptance_speech_LEo7lzfpdCU_360p_Cut_1188', 2, 'A BRIDGE AND A PREACHER'),
(250, 2, 'y2mate.com_-_raw_video_barack_obamas_2008_acceptance_speech_LEo7lzfpdCU_360p_Cut_1196', 2, 'PEOPLE THAT WE SHALL'),
(251, 2, 'y2mate.com_-_raw_video_barack_obamas_2008_acceptance_speech_LEo7lzfpdCU_360p_Cut_1207', 2, 'A WORLD WAS CONNECTED'),
(252, 2, 'y2mate.com_-_raw_video_barack_obamas_2008_acceptance_speech_LEo7lzfpdCU_360p_Cut_1213', 2, 'BY SCIENCE AND IMAGINATION'),
(253, 2, 'y2mate.com_-_raw_video_barack_obamas_2008_acceptance_speech_LEo7lzfpdCU_360p_Cut_1225', 1, 'HOW AMERICA'),
(254, 2, 'y2mate.com_-_raw_video_barack_obamas_2008_acceptance_speech_LEo7lzfpdCU_360p_Cut_1231', 2, 'SO MUCH BUT THERE\'S'),
(255, 2, 'y2mate.com_-_raw_video_barack_obamas_2008_acceptance_speech_LEo7lzfpdCU_360p_Cut_1243', 1, 'PROGRESS WE HAVE'),
(256, 2, 'y2mate.com_-_raw_video_barack_obamas_2008_acceptance_speech_LEo7lzfpdCU_360p_Cut_1257', 1, 'OPPORTUNITY FOR OUR'),
(257, 2, 'y2mate.com_-_raw_video_barack_obamas_2008_acceptance_speech_LEo7lzfpdCU_360p_Cut_1272', 1, 'THE AMERICAN DREAM'),
(258, 2, 'y2mate.com_-_raw_video_barack_obamas_2008_acceptance_speech_LEo7lzfpdCU_360p_Cut_1269', 2, 'PEACE TO RECLAIM'),
(259, 2, 'y2mate.com_-_raw_video_barack_obamas_2008_acceptance_speech_LEo7lzfpdCU_360p_Cut_1254', 2, 'TO WORK OPEN DOORS OF'),
(260, 2, 'y2mate.com_-_raw_video_barack_obamas_2008_acceptance_speech_LEo7lzfpdCU_360p_Cut_1263', 2, 'RESTORE PROSPERITY PROMOTE'),
(261, 2, 'y2mate.com_-_raw_video_barack_obamas_2008_acceptance_speech_LEo7lzfpdCU_360p_Cut_1248', 2, 'PUT OUR PEOPLE BACK'),
(262, 2, 'y2mate.com_-_raw_video_barack_obamas_2008_acceptance_speech_LEo7lzfpdCU_360p_Cut_1288', 1, 'WHILE WE BREATHE'),
(263, 2, 'y2mate.com_-_raw_video_barack_obamas_2008_acceptance_speech_LEo7lzfpdCU_360p_Cut_1282', 1, 'OF MANY WE'),
(264, 2, 'y2mate.com_-_raw_video_barack_obamas_2008_acceptance_speech_LEo7lzfpdCU_360p_Cut_1297', 1, 'MET WITH CYNICISM'),
(265, 2, 'y2mate.com_-_raw_video_barack_obamas_2008_acceptance_speech_LEo7lzfpdCU_360p_Cut_1294', 1, 'WHERE ARE'),
(266, 2, 'y2mate.com_-_raw_video_barack_obamas_2008_acceptance_speech_LEo7lzfpdCU_360p_Cut_1291', 1, 'WE HOPE AND'),
(267, 2, 'y2mate.com_-_raw_video_barack_obamas_2008_acceptance_speech_LEo7lzfpdCU_360p_Cut_1285', 1, 'ARE ONE THAT'),
(268, 2, 'y2mate.com_-_raw_video_barack_obamas_2008_acceptance_speech_LEo7lzfpdCU_360p_Cut_1279', 2, 'FUNDAMENTAL TRUTH THAT OUT'),
(269, 2, 'y2mate.com_-_raw_video_barack_obamas_2008_acceptance_speech_LEo7lzfpdCU_360p_Cut_1317', 1, 'SUMS UP THE'),
(270, 2, 'y2mate.com_-_raw_video_barack_obamas_2008_acceptance_speech_LEo7lzfpdCU_360p_Cut_1305', 1, 'US THAT WE'),
(271, 2, 'y2mate.com_-_raw_video_barack_obamas_2008_acceptance_speech_LEo7lzfpdCU_360p_Cut_1320', 1, 'SPIRIT OF A'),
(272, 2, 'y2mate.com_-_raw_video_barack_obamas_2008_acceptance_speech_LEo7lzfpdCU_360p_Cut_1311', 1, 'RESPOND WITH THAT'),
(273, 2, 'y2mate.com_-_raw_video_barack_obamas_2008_acceptance_speech_LEo7lzfpdCU_360p_Cut_1302', 1, 'AND THOSE WHO TELL'),
(274, 2, 'y2mate.com_-_raw_video_barack_obamas_2008_acceptance_speech_LEo7lzfpdCU_360p_Cut_1308', 1, 'CAN\'T WE WILL'),
(275, 2, 'y2mate.com_-_raw_video_barack_obamas_2008_acceptance_speech_LEo7lzfpdCU_360p_Cut_1330', 1, 'AND MAY'),
(276, 2, 'y2mate.com_-_raw_video_barack_obamas_2008_acceptance_speech_LEo7lzfpdCU_360p_Cut_1336', 1, 'UNITED STATES OF'),
(277, 2, 'y2mate.com_-_raw_video_barack_obamas_2008_acceptance_speech_LEo7lzfpdCU_360p_Cut_1333', 1, 'GOD BLESS THE'),
(278, 2, 'y2mate.com_-_raw_video_barack_obamas_2008_acceptance_speech_LEo7lzfpdCU_360p_Cut_1327', 1, 'GOD BLESS'),
(279, 3, 'Discours_de_Marine_Le_Pen_en_clôture_de_luniversité_dété_du_RN_à_Fréjus_Cut_3', 2, 'MONSIEUR LE MAIRE CHER'),
(280, 3, 'Discours_de_Marine_Le_Pen_en_clôture_de_luniversité_dété_du_RN_à_Fréjus_Cut_6', 2, 'DAVID C\'EST ENCORE'),
(281, 3, 'Discours_de_Marine_Le_Pen_en_clôture_de_luniversité_dété_du_RN_à_Fréjus_Cut_21', 3, 'LA SOURIANTE FRÉJUS'),
(282, 3, 'Discours_de_Marine_Le_Pen_en_clôture_de_luniversité_dété_du_RN_à_Fréjus_Cut_15', 2, 'UNE AMBIANCE LESTIVAL QUE FRÉJUS'),
(283, 3, 'Discours_de_Marine_Le_Pen_en_clôture_de_luniversité_dété_du_RN_à_Fréjus_Cut_31', 1, 'RENTRÉE POLITIQUE ET'),
(284, 3, 'Discours_de_Marine_Le_Pen_en_clôture_de_luniversité_dété_du_RN_à_Fréjus_Cut_25', 1, 'NOUS ACCUEILLE POUR CETTE'),
(285, 3, 'Discours_de_Marine_Le_Pen_en_clôture_de_luniversité_dété_du_RN_à_Fréjus_Cut_28', 2, 'RENTRÉE POLITIQUE UNE'),
(286, 3, 'Discours_de_Marine_Le_Pen_en_clôture_de_luniversité_dété_du_RN_à_Fréjus_Cut_45', 2, 'MERCI AUX FREJUSIEN DE'),
(287, 3, 'Discours_de_Marine_Le_Pen_en_clôture_de_luniversité_dété_du_RN_à_Fréjus_Cut_90', 1, 'DE MANIÈRE TOUJOURS PLUS'),
(288, 3, 'Discours_de_Marine_Le_Pen_en_clôture_de_luniversité_dété_du_RN_à_Fréjus_Cut_78', 2, 'À RÉFLÉCHIR À'),
(289, 3, 'Discours_de_Marine_Le_Pen_en_clôture_de_luniversité_dété_du_RN_à_Fréjus_Cut_69', 2, 'MANTEAU ONT CONSACRÉ'),
(290, 3, 'Discours_de_Marine_Le_Pen_en_clôture_de_luniversité_dété_du_RN_à_Fréjus_Cut_98', 2, 'À VOUS DE NOUS'),
(291, 3, 'Discours_de_Marine_Le_Pen_en_clôture_de_luniversité_dété_du_RN_à_Fréjus_Cut_104', 1, 'ET L\'HONNEUR DE'),
(292, 3, 'Discours_de_Marine_Le_Pen_en_clôture_de_luniversité_dété_du_RN_à_Fréjus_Cut_133', 1, 'PARACHEVER LA GRANDE'),
(293, 3, 'Discours_de_Marine_Le_Pen_en_clôture_de_luniversité_dété_du_RN_à_Fréjus_Cut_146', 1, '1 ANS APRÈS'),
(294, 3, 'Discours_de_Marine_Le_Pen_en_clôture_de_luniversité_dété_du_RN_à_Fréjus_Cut_121', 2, 'TROIS RENDEZ-VOUS ATTENDRE LES'),
(295, 3, 'Discours_de_Marine_Le_Pen_en_clôture_de_luniversité_dété_du_RN_à_Fréjus_Cut_143', 1, '6 MOIS ET'),
(296, 3, 'Discours_de_Marine_Le_Pen_en_clôture_de_luniversité_dété_du_RN_à_Fréjus_Cut_149', 2, 'RÉGIONALE ET DÉPARTEMENTALE'),
(297, 3, 'Discours_de_Marine_Le_Pen_en_clôture_de_luniversité_dété_du_RN_à_Fréjus_Cut_137', 3, 'COMPOSITION POLITIQUE MUNICIPALE DONC'),
(298, 3, 'Discours_de_Marine_Le_Pen_en_clôture_de_luniversité_dété_du_RN_à_Fréjus_Cut_159', 1, 'RAJOUTE LES SÉNATORIALES'),
(299, 3, 'Discours_de_Marine_Le_Pen_en_clôture_de_luniversité_dété_du_RN_à_Fréjus_Cut_178', 1, 'DAVANTAGE QU\'IL N\'Y'),
(300, 3, 'Discours_de_Marine_Le_Pen_en_clôture_de_luniversité_dété_du_RN_à_Fréjus_Cut_184', 1, 'FATALITÉ IL N\'Y'),
(301, 3, 'Discours_de_Marine_Le_Pen_en_clôture_de_luniversité_dété_du_RN_à_Fréjus_Cut_175', 3, 'DIRE EN POLITIQUE PAS'),
(302, 3, 'Discours_de_Marine_Le_Pen_en_clôture_de_luniversité_dété_du_RN_à_Fréjus_Cut_202', 1, 'ÉLECTION N\'EST PAS'),
(303, 3, 'Discours_de_Marine_Le_Pen_en_clôture_de_luniversité_dété_du_RN_à_Fréjus_Cut_205', 2, 'UNE CORVÉE MAIS'),
(304, 3, 'Discours_de_Marine_Le_Pen_en_clôture_de_luniversité_dété_du_RN_à_Fréjus_Cut_211', 1, 'CE N\'EST PAS UN'),
(305, 3, 'Discours_de_Marine_Le_Pen_en_clôture_de_luniversité_dété_du_RN_à_Fréjus_Cut_199', 6, 'DE RASSEMBLER DE CONSTRUIRE UNE'),
(306, 3, 'Discours_de_Marine_Le_Pen_en_clôture_de_luniversité_dété_du_RN_à_Fréjus_Cut_214', 2, 'OBSTACLE MAIS J\'AI'),
(307, 3, 'Discours_de_Marine_Le_Pen_en_clôture_de_luniversité_dété_du_RN_à_Fréjus_Cut_242', 1, 'RENDEZ-VOUS AVEC LE'),
(308, 3, 'Discours_de_Marine_Le_Pen_en_clôture_de_luniversité_dété_du_RN_à_Fréjus_Cut_236', 2, 'MOUVEMENT CHAQUE SE'),
(309, 3, 'Discours_de_Marine_Le_Pen_en_clôture_de_luniversité_dété_du_RN_à_Fréjus_Cut_267', 1, 'AVEC L\'INTIME CONVICTION'),
(310, 3, 'Discours_de_Marine_Le_Pen_en_clôture_de_luniversité_dété_du_RN_à_Fréjus_Cut_299', 1, 'À NOTRE FAMILLE'),
(311, 3, 'Discours_de_Marine_Le_Pen_en_clôture_de_luniversité_dété_du_RN_à_Fréjus_Cut_261', 2, 'NOUS LES CAR'),
(312, 3, 'Discours_de_Marine_Le_Pen_en_clôture_de_luniversité_dété_du_RN_à_Fréjus_Cut_284', 1, 'QUI VOIT SON PÈRE'),
(313, 3, 'Discours_de_Marine_Le_Pen_en_clôture_de_luniversité_dété_du_RN_à_Fréjus_Cut_311', 1, 'MÈNE AU SOMMET'),
(314, 3, 'Discours_de_Marine_Le_Pen_en_clôture_de_luniversité_dété_du_RN_à_Fréjus_Cut_308', 1, 'LA PAROI QUI'),
(315, 3, 'Discours_de_Marine_Le_Pen_en_clôture_de_luniversité_dété_du_RN_à_Fréjus_Cut_293', 6, 'EST LA RECOMPOSITION ENTRE ET CHAQUE'),
(316, 3, 'Discours_de_Marine_Le_Pen_en_clôture_de_luniversité_dété_du_RN_à_Fréjus_Cut_329', 1, 'DÉLIVRER UN'),
(317, 3, 'Discours_de_Marine_Le_Pen_en_clôture_de_luniversité_dété_du_RN_à_Fréjus_Cut_317', 2, 'EST LE VOUS LE SAVEZ'),
(318, 3, 'Discours_de_Marine_Le_Pen_en_clôture_de_luniversité_dété_du_RN_à_Fréjus_Cut_338', 1, 'UN MESSAGE D\'ESPOIR'),
(319, 3, 'Discours_de_Marine_Le_Pen_en_clôture_de_luniversité_dété_du_RN_à_Fréjus_Cut_305', 3, 'UN MOUSQUETON SUR'),
(320, 3, 'Discours_de_Marine_Le_Pen_en_clôture_de_luniversité_dété_du_RN_à_Fréjus_Cut_332', 1, 'MESSAGE MOBILISATION'),
(321, 3, 'Discours_de_Marine_Le_Pen_en_clôture_de_luniversité_dété_du_RN_à_Fréjus_Cut_377', 1, 'TOUT LE MONDE'),
(322, 3, 'Discours_de_Marine_Le_Pen_en_clôture_de_luniversité_dété_du_RN_à_Fréjus_Cut_371', 2, 'ET AUJOURD\'HUI SE'),
(323, 3, 'Discours_de_Marine_Le_Pen_en_clôture_de_luniversité_dété_du_RN_à_Fréjus_Cut_374', 2, 'PRÉCISE ALORS QUE'),
(324, 3, 'Discours_de_Marine_Le_Pen_en_clôture_de_luniversité_dété_du_RN_à_Fréjus_Cut_406', 1, 'UN PEU'),
(325, 3, 'Discours_de_Marine_Le_Pen_en_clôture_de_luniversité_dété_du_RN_à_Fréjus_Cut_383', 4, 'CROYAIT L\'AVENTURE INEXORABLE QUE'),
(326, 3, 'Discours_de_Marine_Le_Pen_en_clôture_de_luniversité_dété_du_RN_à_Fréjus_Cut_412', 1, 'À ITHAQUE APRÈS'),
(327, 3, 'Discours_de_Marine_Le_Pen_en_clôture_de_luniversité_dété_du_RN_à_Fréjus_Cut_391', 1, 'LA CONSCIENCE FRANÇAISE'),
(328, 3, 'Discours_de_Marine_Le_Pen_en_clôture_de_luniversité_dété_du_RN_à_Fréjus_Cut_434', 2, 'DES PLUS AU'),
(329, 3, 'Discours_de_Marine_Le_Pen_en_clôture_de_luniversité_dété_du_RN_à_Fréjus_Cut_419', 3, 'OUI MES AMIS L\'AVENIR'),
(330, 3, 'Discours_de_Marine_Le_Pen_en_clôture_de_luniversité_dété_du_RN_à_Fréjus_Cut_448', 1, 'LA FRANCE VOUS'),
(331, 3, 'Discours_de_Marine_Le_Pen_en_clôture_de_luniversité_dété_du_RN_à_Fréjus_Cut_451', 2, 'LE SAVEZ EST'),
(332, 3, 'Discours_de_Marine_Le_Pen_en_clôture_de_luniversité_dété_du_RN_à_Fréjus_Cut_445', 2, 'COMPRIS NOTRE PAYS'),
(333, 3, 'Discours_de_Marine_Le_Pen_en_clôture_de_luniversité_dété_du_RN_à_Fréjus_Cut_442', 2, 'DONT LES FRANÇAIS L\'ONT'),
(334, 3, 'Discours_de_Marine_Le_Pen_en_clôture_de_luniversité_dété_du_RN_à_Fréjus_Cut_491', 1, 'EST VOTRE SUCCÈS'),
(335, 3, 'Discours_de_Marine_Le_Pen_en_clôture_de_luniversité_dété_du_RN_à_Fréjus_Cut_500', 2, 'S\'INSCRIT AUSSI DANS'),
(336, 3, 'Discours_de_Marine_Le_Pen_en_clôture_de_luniversité_dété_du_RN_à_Fréjus_Cut_482', 3, 'L\'EURO SURSAUT PARDON'),
(337, 3, 'Discours_de_Marine_Le_Pen_en_clôture_de_luniversité_dété_du_RN_à_Fréjus_Cut_510', 1, 'VOIR LE VISAGE'),
(338, 3, 'Discours_de_Marine_Le_Pen_en_clôture_de_luniversité_dété_du_RN_à_Fréjus_Cut_507', 1, 'TOUJOURS GRAND PLAISIR À'),
(339, 3, 'Discours_de_Marine_Le_Pen_en_clôture_de_luniversité_dété_du_RN_à_Fréjus_Cut_516', 1, 'AMIS DU RASSEMBLEMENT'),
(340, 3, 'Discours_de_Marine_Le_Pen_en_clôture_de_luniversité_dété_du_RN_à_Fréjus_Cut_513', 3, 'SOURIANT DE NOS'),
(341, 3, 'Discours_de_Marine_Le_Pen_en_clôture_de_luniversité_dété_du_RN_à_Fréjus_Cut_522', 1, 'TOUS MES AMIS'),
(342, 3, 'Discours_de_Marine_Le_Pen_en_clôture_de_luniversité_dété_du_RN_à_Fréjus_Cut_545', 1, 'OU DÉNIGRER'),
(343, 3, 'Discours_de_Marine_Le_Pen_en_clôture_de_luniversité_dété_du_RN_à_Fréjus_Cut_530', 1, 'AU BRÉSIL DE'),
(344, 3, 'Discours_de_Marine_Le_Pen_en_clôture_de_luniversité_dété_du_RN_à_Fréjus_Cut_542', 2, 'CHINE LES IDENTITÉS'),
(345, 3, 'Discours_de_Marine_Le_Pen_en_clôture_de_luniversité_dété_du_RN_à_Fréjus_Cut_536', 1, 'TURQUIE DE LA'),
(346, 3, 'Discours_de_Marine_Le_Pen_en_clôture_de_luniversité_dété_du_RN_à_Fréjus_Cut_551', 3, 'RENESSE REDONNE AU MONDE'),
(347, 3, 'Discours_de_Marine_Le_Pen_en_clôture_de_luniversité_dété_du_RN_à_Fréjus_Cut_570', 2, 'DISENT ILS VEULENT'),
(348, 3, 'Discours_de_Marine_Le_Pen_en_clôture_de_luniversité_dété_du_RN_à_Fréjus_Cut_555', 2, 'COULEUR REDONNE AU PEUPLE'),
(349, 3, 'Discours_de_Marine_Le_Pen_en_clôture_de_luniversité_dété_du_RN_à_Fréjus_Cut_558', 2, 'LEUR FIERTÉ REDONNE'),
(350, 3, 'Discours_de_Marine_Le_Pen_en_clôture_de_luniversité_dété_du_RN_à_Fréjus_Cut_567', 3, 'L\'ENVIE D\'ÊTRE ELLE-MÊME NOUS LE'),
(351, 3, 'Discours_de_Marine_Le_Pen_en_clôture_de_luniversité_dété_du_RN_à_Fréjus_Cut_580', 2, 'EUX ILS VEULENT'),
(352, 3, 'Discours_de_Marine_Le_Pen_en_clôture_de_luniversité_dété_du_RN_à_Fréjus_Cut_595', 1, 'LANGUE PARCE QUE'),
(353, 3, 'Discours_de_Marine_Le_Pen_en_clôture_de_luniversité_dété_du_RN_à_Fréjus_Cut_574', 3, 'ILS VEULENT VIVRE COMME'),
(354, 3, 'Discours_de_Marine_Le_Pen_en_clôture_de_luniversité_dété_du_RN_à_Fréjus_Cut_607', 1, 'VIVRE EN'),
(355, 3, 'Discours_de_Marine_Le_Pen_en_clôture_de_luniversité_dété_du_RN_à_Fréjus_Cut_619', 1, 'RAISON QUE NOUS'),
(356, 3, 'Discours_de_Marine_Le_Pen_en_clôture_de_luniversité_dété_du_RN_à_Fréjus_Cut_622', 1, 'SOMMES CHEZ NOUS'),
(357, 3, 'Discours_de_Marine_Le_Pen_en_clôture_de_luniversité_dété_du_RN_à_Fréjus_Cut_613', 1, 'POUR LA'),
(358, 3, 'Discours_de_Marine_Le_Pen_en_clôture_de_luniversité_dété_du_RN_à_Fréjus_Cut_610', 1, 'FRANCE COMME DES'),
(359, 3, 'Discours_de_Marine_Le_Pen_en_clôture_de_luniversité_dété_du_RN_à_Fréjus_Cut_604', 4, 'ET NOUS'),
(360, 3, 'Discours_de_Marine_Le_Pen_en_clôture_de_luniversité_dété_du_RN_à_Fréjus_Cut_646', 1, 'À CRAINDRE QUE'),
(361, 3, 'Discours_de_Marine_Le_Pen_en_clôture_de_luniversité_dété_du_RN_à_Fréjus_Cut_658', 1, 'PAS EXACTEMENT'),
(362, 3, 'Discours_de_Marine_Le_Pen_en_clôture_de_luniversité_dété_du_RN_à_Fréjus_Cut_640', 1, 'MÊME SI IL'),
(363, 3, 'Discours_de_Marine_Le_Pen_en_clôture_de_luniversité_dété_du_RN_à_Fréjus_Cut_655', 1, 'DES EUROPÉENS NE'),
(364, 3, 'Discours_de_Marine_Le_Pen_en_clôture_de_luniversité_dété_du_RN_à_Fréjus_Cut_649', 2, 'LA DÉFINITION DU'),
(365, 3, 'Discours_de_Marine_Le_Pen_en_clôture_de_luniversité_dété_du_RN_à_Fréjus_Cut_634', 2, 'ET BIEN CELA DIT'),
(366, 3, 'Discours_de_Marine_Le_Pen_en_clôture_de_luniversité_dété_du_RN_à_Fréjus_Cut_664', 1, 'CELA SIGNE TOUT'),
(367, 3, 'Discours_de_Marine_Le_Pen_en_clôture_de_luniversité_dété_du_RN_à_Fréjus_Cut_673', 1, 'L\'UNION EUROPÉENNE PARCE'),
(368, 3, 'Discours_de_Marine_Le_Pen_en_clôture_de_luniversité_dété_du_RN_à_Fréjus_Cut_670', 2, 'NOTRE VICTOIRE POLITIQUE SUR'),
(369, 3, 'Discours_de_Marine_Le_Pen_en_clôture_de_luniversité_dété_du_RN_à_Fréjus_Cut_702', 1, 'OBLIGÉ DE RECONNAÎTRE'),
(370, 3, 'Discours_de_Marine_Le_Pen_en_clôture_de_luniversité_dété_du_RN_à_Fréjus_Cut_699', 1, 'NATIONAUX SE VOIT'),
(371, 3, 'Discours_de_Marine_Le_Pen_en_clôture_de_luniversité_dété_du_RN_à_Fréjus_Cut_684', 1, 'CELA SIGNE SURTOUT UNE'),
(372, 3, 'Discours_de_Marine_Le_Pen_en_clôture_de_luniversité_dété_du_RN_à_Fréjus_Cut_713', 2, 'QUESTION DU DU MODE DE'),
(373, 3, 'Discours_de_Marine_Le_Pen_en_clôture_de_luniversité_dété_du_RN_à_Fréjus_Cut_739', 1, 'D\'EMPÊCHER DES'),
(374, 3, 'Discours_de_Marine_Le_Pen_en_clôture_de_luniversité_dété_du_RN_à_Fréjus_Cut_736', 1, 'GOUVERNEMENTS MONDIALISTE'),
(375, 3, 'Discours_de_Marine_Le_Pen_en_clôture_de_luniversité_dété_du_RN_à_Fréjus_Cut_733', 1, 'DU PEUPLE LES'),
(376, 3, 'Discours_de_Marine_Le_Pen_en_clôture_de_luniversité_dété_du_RN_à_Fréjus_Cut_730', 2, 'EXIGERAIT UN ARBITRAGE'),
(377, 3, 'Discours_de_Marine_Le_Pen_en_clôture_de_luniversité_dété_du_RN_à_Fréjus_Cut_727', 2, 'DES IDENTITÉS LES CRISES POLITIQUES'),
(378, 3, 'Discours_de_Marine_Le_Pen_en_clôture_de_luniversité_dété_du_RN_à_Fréjus_Cut_744', 1, 'CE QUI SE PASSE'),
(379, 3, 'Discours_de_Marine_Le_Pen_en_clôture_de_luniversité_dété_du_RN_à_Fréjus_Cut_747', 1, 'EN CE MOMENT'),
(380, 3, 'Discours_de_Marine_Le_Pen_en_clôture_de_luniversité_dété_du_RN_à_Fréjus_Cut_773', 1, 'QU\'IL PRÉSENTE LE'),
(381, 3, 'Discours_de_Marine_Le_Pen_en_clôture_de_luniversité_dété_du_RN_à_Fréjus_Cut_788', 1, 'DE SOMMET INTERNATIONAL'),
(382, 3, 'Discours_de_Marine_Le_Pen_en_clôture_de_luniversité_dété_du_RN_à_Fréjus_Cut_770', 1, 'TOUT SIMPLEMENT PARCE'),
(383, 3, 'Discours_de_Marine_Le_Pen_en_clôture_de_luniversité_dété_du_RN_à_Fréjus_Cut_785', 2, 'QUI A LONGUEUR'),
(384, 3, 'Discours_de_Marine_Le_Pen_en_clôture_de_luniversité_dété_du_RN_à_Fréjus_Cut_792', 1, 'PLATEAU DE TÉLÉVISION'),
(385, 3, 'Discours_de_Marine_Le_Pen_en_clôture_de_luniversité_dété_du_RN_à_Fréjus_Cut_798', 1, 'À DISPENSER DES'),
(386, 3, 'Discours_de_Marine_Le_Pen_en_clôture_de_luniversité_dété_du_RN_à_Fréjus_Cut_795', 2, 'SE CROIT AUTORISÉ'),
(387, 3, 'Discours_de_Marine_Le_Pen_en_clôture_de_luniversité_dété_du_RN_à_Fréjus_Cut_825', 1, 'VOLONTIERS CETTE ATTITUDE'),
(388, 3, 'Discours_de_Marine_Le_Pen_en_clôture_de_luniversité_dété_du_RN_à_Fréjus_Cut_816', 2, 'LA PHOBIE C\'EST'),
(389, 3, 'Discours_de_Marine_Le_Pen_en_clôture_de_luniversité_dété_du_RN_à_Fréjus_Cut_822', 2, 'MODE JE QUALIFIERAIS'),
(390, 3, 'Discours_de_Marine_Le_Pen_en_clôture_de_luniversité_dété_du_RN_à_Fréjus_Cut_853', 1, 'NOUS VOYONS DANS'),
(391, 3, 'Discours_de_Marine_Le_Pen_en_clôture_de_luniversité_dété_du_RN_à_Fréjus_Cut_859', 1, 'UNE FANTASTIQUE'),
(392, 3, 'Discours_de_Marine_Le_Pen_en_clôture_de_luniversité_dété_du_RN_à_Fréjus_Cut_844', 4, 'LA HAINE DU NOUS PENSONS QUE'),
(393, 3, 'Discours_de_Marine_Le_Pen_en_clôture_de_luniversité_dété_du_RN_à_Fréjus_Cut_867', 1, 'NOTRE OPTIMISME C\'EST'),
(394, 3, 'Discours_de_Marine_Le_Pen_en_clôture_de_luniversité_dété_du_RN_à_Fréjus_Cut_864', 1, 'LA DEUXIÈME RAISON DE'),
(395, 3, 'Discours_de_Marine_Le_Pen_en_clôture_de_luniversité_dété_du_RN_à_Fréjus_Cut_876', 2, 'DE SURSAUT DES'),
(396, 3, 'Discours_de_Marine_Le_Pen_en_clôture_de_luniversité_dété_du_RN_à_Fréjus_Cut_873', 1, 'DANS LA CAPACITÉ'),
(397, 3, 'Discours_de_Marine_Le_Pen_en_clôture_de_luniversité_dété_du_RN_à_Fréjus_Cut_882', 2, 'POUR QUE NOUS RASSEMBLEMENT'),
(398, 3, 'Discours_de_Marine_Le_Pen_en_clôture_de_luniversité_dété_du_RN_à_Fréjus_Cut_896', 2, 'FRANCE EST SOURCE'),
(399, 3, 'Discours_de_Marine_Le_Pen_en_clôture_de_luniversité_dété_du_RN_à_Fréjus_Cut_887', 2, 'LE MONDE'),
(400, 3, 'Discours_de_Marine_Le_Pen_en_clôture_de_luniversité_dété_du_RN_à_Fréjus_Cut_921', 1, 'DE SA CONFÉRENCE'),
(401, 3, 'Discours_de_Marine_Le_Pen_en_clôture_de_luniversité_dété_du_RN_à_Fréjus_Cut_893', 3, 'EST TOURMENTÉ SITUATION DE LA'),
(402, 3, 'Discours_de_Marine_Le_Pen_en_clôture_de_luniversité_dété_du_RN_à_Fréjus_Cut_934', 1, 'À VOUS MES'),
(403, 3, 'Discours_de_Marine_Le_Pen_en_clôture_de_luniversité_dété_du_RN_à_Fréjus_Cut_918', 2, 'LAURENT ALEXANDRE LORS'),
(404, 3, 'Discours_de_Marine_Le_Pen_en_clôture_de_luniversité_dété_du_RN_à_Fréjus_Cut_940', 1, 'DE PENSER LES'),
(405, 3, 'Discours_de_Marine_Le_Pen_en_clôture_de_luniversité_dété_du_RN_à_Fréjus_Cut_955', 1, 'FRANÇAIS CONFÉRER UNE'),
(406, 3, 'Discours_de_Marine_Le_Pen_en_clôture_de_luniversité_dété_du_RN_à_Fréjus_Cut_949', 2, 'COMME DE FRANCE'),
(407, 3, 'Discours_de_Marine_Le_Pen_en_clôture_de_luniversité_dété_du_RN_à_Fréjus_Cut_970', 1, 'NE SIGNIFIE PAS'),
(408, 3, 'Discours_de_Marine_Le_Pen_en_clôture_de_luniversité_dété_du_RN_à_Fréjus_Cut_912', 6, 'SOCIÉTÉ SONT À DE AUX CONSÉQUENCES COMME LA'),
(409, 3, 'Discours_de_Marine_Le_Pen_en_clôture_de_luniversité_dété_du_RN_à_Fréjus_Cut_973', 2, 'SEULEMENT CRITIQUER MAIS'),
(410, 3, 'Discours_de_Marine_Le_Pen_en_clôture_de_luniversité_dété_du_RN_à_Fréjus_Cut_967', 3, 'VIVRE INCARNER CELA'),
(411, 3, 'Discours_de_Marine_Le_Pen_en_clôture_de_luniversité_dété_du_RN_à_Fréjus_Cut_994', 1, 'SOUHAITAIT UN PROJET'),
(412, 3, 'Discours_de_Marine_Le_Pen_en_clôture_de_luniversité_dété_du_RN_à_Fréjus_Cut_986', 2, 'MAJORITAIRE EN'),
(413, 3, 'Discours_de_Marine_Le_Pen_en_clôture_de_luniversité_dété_du_RN_à_Fréjus_Cut_991', 2, 'ILS ONT MONTRÉ QU\'IL'),
(414, 3, 'Discours_de_Marine_Le_Pen_en_clôture_de_luniversité_dété_du_RN_à_Fréjus_Cut_1002', 1, 'CROIRE COMME LE'),
(415, 3, 'Discours_de_Marine_Le_Pen_en_clôture_de_luniversité_dété_du_RN_à_Fréjus_Cut_1008', 1, 'LES DU SYSTÈME'),
(416, 3, 'Discours_de_Marine_Le_Pen_en_clôture_de_luniversité_dété_du_RN_à_Fréjus_Cut_1031', 1, 'QU\'IL N\'Y AURAIT PAS'),
(417, 3, 'Discours_de_Marine_Le_Pen_en_clôture_de_luniversité_dété_du_RN_à_Fréjus_Cut_999', 7, 'PERSONNE NE PEUT PLUS'),
(418, 3, 'Discours_de_Marine_Le_Pen_en_clôture_de_luniversité_dété_du_RN_à_Fréjus_Cut_1037', 2, 'POUR LA CIVILISATION FRANÇAISE'),
(419, 3, 'Discours_de_Marine_Le_Pen_en_clôture_de_luniversité_dété_du_RN_à_Fréjus_Cut_1025', 1, 'QUI MÈNE À'),
(420, 3, 'Discours_de_Marine_Le_Pen_en_clôture_de_luniversité_dété_du_RN_à_Fréjus_Cut_1022', 2, 'EMPRUNTÉ SERAIT CELUI'),
(421, 3, 'Discours_de_Marine_Le_Pen_en_clôture_de_luniversité_dété_du_RN_à_Fréjus_Cut_1016', 2, 'AUTRE SOLUTION QUE'),
(422, 3, 'Discours_de_Marine_Le_Pen_en_clôture_de_luniversité_dété_du_RN_à_Fréjus_Cut_1093', 1, 'À SON POIDS'),
(423, 3, 'Discours_de_Marine_Le_Pen_en_clôture_de_luniversité_dété_du_RN_à_Fréjus_Cut_1105', 1, 'ADVERSAIRES C\'EST QUE'),
(424, 3, 'Discours_de_Marine_Le_Pen_en_clôture_de_luniversité_dété_du_RN_à_Fréjus_Cut_1111', 1, 'PAS DE DÉLÉGUÉ');
INSERT INTO `video_cut` (`id`, `id_video`, `nom`, `duree`, `mot`) VALUES
(425, 3, 'Discours_de_Marine_Le_Pen_en_clôture_de_luniversité_dété_du_RN_à_Fréjus_Cut_1087', 1, 'PAR RAPPORT À'),
(426, 3, 'Discours_de_Marine_Le_Pen_en_clôture_de_luniversité_dété_du_RN_à_Fréjus_Cut_1090', 1, 'SA TAILLE ET'),
(427, 3, 'Discours_de_Marine_Le_Pen_en_clôture_de_luniversité_dété_du_RN_à_Fréjus_Cut_1108', 1, 'NOUS N\'EN N\'ONT'),
(428, 3, 'Discours_de_Marine_Le_Pen_en_clôture_de_luniversité_dété_du_RN_à_Fréjus_Cut_1126', 1, 'SONT PARFOIS'),
(429, 3, 'Discours_de_Marine_Le_Pen_en_clôture_de_luniversité_dété_du_RN_à_Fréjus_Cut_1117', 1, 'LE SALUT DE LA'),
(430, 3, 'Discours_de_Marine_Le_Pen_en_clôture_de_luniversité_dété_du_RN_à_Fréjus_Cut_1123', 1, 'DÉFENSE DES FRANÇAIS'),
(431, 3, 'Discours_de_Marine_Le_Pen_en_clôture_de_luniversité_dété_du_RN_à_Fréjus_Cut_1132', 1, 'SOLUTIONS SONT TOUJOURS'),
(432, 3, 'Discours_de_Marine_Le_Pen_en_clôture_de_luniversité_dété_du_RN_à_Fréjus_Cut_1120', 1, 'FRANCE ET LA'),
(433, 3, 'Discours_de_Marine_Le_Pen_en_clôture_de_luniversité_dété_du_RN_à_Fréjus_Cut_1129', 2, 'EXTÉRIEUR ET LES'),
(434, 3, 'Discours_de_Marine_Le_Pen_en_clôture_de_luniversité_dété_du_RN_à_Fréjus_Cut_1153', 1, 'ET DE PROPOSITION'),
(435, 3, 'Discours_de_Marine_Le_Pen_en_clôture_de_luniversité_dété_du_RN_à_Fréjus_Cut_1150', 2, 'QUE DE RÉFLEXION'),
(436, 3, 'Discours_de_Marine_Le_Pen_en_clôture_de_luniversité_dété_du_RN_à_Fréjus_Cut_1159', 1, 'VOUS M\'EN EXCUSEREZ'),
(437, 3, 'Discours_de_Marine_Le_Pen_en_clôture_de_luniversité_dété_du_RN_à_Fréjus_Cut_1156', 1, 'AU RISQUE ET'),
(438, 3, 'Discours_de_Marine_Le_Pen_en_clôture_de_luniversité_dété_du_RN_à_Fréjus_Cut_1141', 4, 'LA CRÉATIVITÉ JE VOUDRAIS'),
(439, 3, 'Discours_de_Marine_Le_Pen_en_clôture_de_luniversité_dété_du_RN_à_Fréjus_Cut_1185', 1, 'OU PAR'),
(440, 3, 'Discours_de_Marine_Le_Pen_en_clôture_de_luniversité_dété_du_RN_à_Fréjus_Cut_1182', 2, 'COMMOTION PUISSE PAR LA VIOLENCE'),
(441, 3, 'Discours_de_Marine_Le_Pen_en_clôture_de_luniversité_dété_du_RN_à_Fréjus_Cut_1188', 1, 'UN MATRAQUAGE MÉDIATIQUE'),
(442, 3, 'Discours_de_Marine_Le_Pen_en_clôture_de_luniversité_dété_du_RN_à_Fréjus_Cut_1191', 1, 'QU\'ELLE PUISSE S\'ESTOMPER'),
(443, 3, 'Discours_de_Marine_Le_Pen_en_clôture_de_luniversité_dété_du_RN_à_Fréjus_Cut_1176', 2, 'CROIRE QU\'UNE TELLE'),
(444, 3, 'Discours_de_Marine_Le_Pen_en_clôture_de_luniversité_dété_du_RN_à_Fréjus_Cut_1173', 2, 'IL EST ILLUSOIRE DE'),
(445, 3, 'Discours_de_Marine_Le_Pen_en_clôture_de_luniversité_dété_du_RN_à_Fréjus_Cut_1212', 1, 'L\'ORIGINE LE'),
(446, 3, 'Discours_de_Marine_Le_Pen_en_clôture_de_luniversité_dété_du_RN_à_Fréjus_Cut_1201', 3, 'FISCAUX A ÉTÉ'),
(447, 3, 'Discours_de_Marine_Le_Pen_en_clôture_de_luniversité_dété_du_RN_à_Fréjus_Cut_1206', 1, 'PROFONDEUR DE LA TERRE'),
(448, 3, 'Discours_de_Marine_Le_Pen_en_clôture_de_luniversité_dété_du_RN_à_Fréjus_Cut_1198', 3, 'DE OU QUELQUES AJOURNEMENT'),
(449, 3, 'Discours_de_Marine_Le_Pen_en_clôture_de_luniversité_dété_du_RN_à_Fréjus_Cut_1215', 2, 'MOUVEMENT SPONTANÉ ET'),
(450, 3, 'Discours_de_Marine_Le_Pen_en_clôture_de_luniversité_dété_du_RN_à_Fréjus_Cut_1209', 2, 'FRANÇAISE AU MOINS'),
(451, 3, 'Discours_de_Marine_Le_Pen_en_clôture_de_luniversité_dété_du_RN_à_Fréjus_Cut_1237', 1, 'SURDITÉ DES DIRIGEANTS'),
(452, 3, 'Discours_de_Marine_Le_Pen_en_clôture_de_luniversité_dété_du_RN_à_Fréjus_Cut_1234', 2, 'À L\'AVENIR FACE À LA'),
(453, 3, 'Discours_de_Marine_Le_Pen_en_clôture_de_luniversité_dété_du_RN_à_Fréjus_Cut_1228', 2, 'TOUT UN PEUPLE FACE'),
(454, 3, 'Discours_de_Marine_Le_Pen_en_clôture_de_luniversité_dété_du_RN_à_Fréjus_Cut_1268', 1, 'DES FAMILLES EN'),
(455, 3, 'Discours_de_Marine_Le_Pen_en_clôture_de_luniversité_dété_du_RN_à_Fréjus_Cut_1265', 1, 'MÈRES CÉLIBATAIRES OU'),
(456, 3, 'Discours_de_Marine_Le_Pen_en_clôture_de_luniversité_dété_du_RN_à_Fréjus_Cut_1278', 1, 'OU DES'),
(457, 3, 'Discours_de_Marine_Le_Pen_en_clôture_de_luniversité_dété_du_RN_à_Fréjus_Cut_1293', 1, 'EXISTE ET AU-DELÀ'),
(458, 3, 'Discours_de_Marine_Le_Pen_en_clôture_de_luniversité_dété_du_RN_à_Fréjus_Cut_1275', 1, 'TU SAIS PARLER FORT'),
(459, 3, 'Discours_de_Marine_Le_Pen_en_clôture_de_luniversité_dété_du_RN_à_Fréjus_Cut_1259', 4, 'LA ET CITOYEN DES'),
(460, 3, 'Discours_de_Marine_Le_Pen_en_clôture_de_luniversité_dété_du_RN_à_Fréjus_Cut_1281', 2, 'INDÉPENDANTS SONT'),
(461, 3, 'Discours_de_Marine_Le_Pen_en_clôture_de_luniversité_dété_du_RN_à_Fréjus_Cut_1290', 2, '2 DIRIGEANTS QUE LA FRANCE'),
(462, 3, 'Discours_de_Marine_Le_Pen_en_clôture_de_luniversité_dété_du_RN_à_Fréjus_Cut_1303', 1, 'EST SOUFFRANTE N\'ENTENDAIS'),
(463, 3, 'Discours_de_Marine_Le_Pen_en_clôture_de_luniversité_dété_du_RN_à_Fréjus_Cut_1300', 2, 'QUE CETTE FRANCE LABORIEUSE'),
(464, 3, 'Discours_de_Marine_Le_Pen_en_clôture_de_luniversité_dété_du_RN_à_Fréjus_Cut_1327', 2, 'AUX EXPÉRIENCES DU'),
(465, 3, 'Discours_de_Marine_Le_Pen_en_clôture_de_luniversité_dété_du_RN_à_Fréjus_Cut_1359', 1, 'LES FRUSTRATIONS ET'),
(466, 3, 'Discours_de_Marine_Le_Pen_en_clôture_de_luniversité_dété_du_RN_à_Fréjus_Cut_1353', 1, 'RESPONSABILITÉ DE NOURRIR'),
(467, 3, 'Discours_de_Marine_Le_Pen_en_clôture_de_luniversité_dété_du_RN_à_Fréjus_Cut_1350', 2, 'SOCIAL PENDANT LA'),
(468, 3, 'Discours_de_Marine_Le_Pen_en_clôture_de_luniversité_dété_du_RN_à_Fréjus_Cut_1356', 1, 'LES RESSENTIMENTS D\'AGGRAVER'),
(469, 3, 'Discours_de_Marine_Le_Pen_en_clôture_de_luniversité_dété_du_RN_à_Fréjus_Cut_1347', 3, 'POUR SE DÉFENDRE HORRIBLE DIFFAMATION'),
(470, 3, 'Discours_de_Marine_Le_Pen_en_clôture_de_luniversité_dété_du_RN_à_Fréjus_Cut_1378', 1, 'LA LAISSER S\'ÉLARGIR'),
(471, 3, 'Discours_de_Marine_Le_Pen_en_clôture_de_luniversité_dété_du_RN_à_Fréjus_Cut_1375', 2, 'NOUS NE POUVONS'),
(472, 3, 'Discours_de_Marine_Le_Pen_en_clôture_de_luniversité_dété_du_RN_à_Fréjus_Cut_1385', 1, 'RÉPONSE POLITIQUE AU'),
(473, 3, 'Discours_de_Marine_Le_Pen_en_clôture_de_luniversité_dété_du_RN_à_Fréjus_Cut_1372', 3, 'LE TISSU SOCIAL'),
(474, 3, 'Discours_de_Marine_Le_Pen_en_clôture_de_luniversité_dété_du_RN_à_Fréjus_Cut_1366', 2, 'ENCORE LES DIVISIONS QUI'),
(475, 3, 'Discours_de_Marine_Le_Pen_en_clôture_de_luniversité_dété_du_RN_à_Fréjus_Cut_1409', 1, 'PENSONS QU\'IL FAUT'),
(476, 3, 'Discours_de_Marine_Le_Pen_en_clôture_de_luniversité_dété_du_RN_à_Fréjus_Cut_1406', 2, 'POUVOIR D\'ACHAT NOUS'),
(477, 3, 'Discours_de_Marine_Le_Pen_en_clôture_de_luniversité_dété_du_RN_à_Fréjus_Cut_1403', 2, 'IMMÉDIATE PORTE SUR LE'),
(478, 3, 'Discours_de_Marine_Le_Pen_en_clôture_de_luniversité_dété_du_RN_à_Fréjus_Cut_1443', 1, 'PROBABLE SUR LA'),
(479, 3, 'Discours_de_Marine_Le_Pen_en_clôture_de_luniversité_dété_du_RN_à_Fréjus_Cut_1429', 3, 'CLASSE MOYENNE ET LES PETITES'),
(480, 3, 'Discours_de_Marine_Le_Pen_en_clôture_de_luniversité_dété_du_RN_à_Fréjus_Cut_1437', 1, 'CONTRAIRE QUI S\'ANNONCE'),
(481, 3, 'Discours_de_Marine_Le_Pen_en_clôture_de_luniversité_dété_du_RN_à_Fréjus_Cut_1449', 1, 'LA REMONTÉE DES'),
(482, 3, 'Discours_de_Marine_Le_Pen_en_clôture_de_luniversité_dété_du_RN_à_Fréjus_Cut_1446', 2, 'TAXE FONCIÈRE AVEC'),
(483, 3, 'Discours_de_Marine_Le_Pen_en_clôture_de_luniversité_dété_du_RN_à_Fréjus_Cut_1440', 2, 'AVEC UN MATRAQUAGE'),
(484, 3, 'Discours_de_Marine_Le_Pen_en_clôture_de_luniversité_dété_du_RN_à_Fréjus_Cut_1466', 1, 'NON RIEN'),
(485, 3, 'Discours_de_Marine_Le_Pen_en_clôture_de_luniversité_dété_du_RN_à_Fréjus_Cut_1454', 2, 'AVEC UNE MAJORATION FISCALE'),
(486, 3, 'Discours_de_Marine_Le_Pen_en_clôture_de_luniversité_dété_du_RN_à_Fréjus_Cut_1474', 1, 'EFFORT DOIT ÊTRE'),
(487, 3, 'Discours_de_Marine_Le_Pen_en_clôture_de_luniversité_dété_du_RN_à_Fréjus_Cut_1480', 1, 'LES DÉPENSES CONTRAINTES'),
(488, 3, 'Discours_de_Marine_Le_Pen_en_clôture_de_luniversité_dété_du_RN_à_Fréjus_Cut_1477', 1, 'FAIT POUR ALLÉGER'),
(489, 3, 'Discours_de_Marine_Le_Pen_en_clôture_de_luniversité_dété_du_RN_à_Fréjus_Cut_1471', 2, 'ET POUR UN'),
(490, 3, 'Discours_de_Marine_Le_Pen_en_clôture_de_luniversité_dété_du_RN_à_Fréjus_Cut_1483', 3, 'L\'EAU L\'ÉLECTRICITÉ LE'),
(491, 3, 'Discours_de_Marine_Le_Pen_en_clôture_de_luniversité_dété_du_RN_à_Fréjus_Cut_1511', 1, 'LA VIE COURANTE'),
(492, 3, 'Discours_de_Marine_Le_Pen_en_clôture_de_luniversité_dété_du_RN_à_Fréjus_Cut_1502', 1, 'FAMILIALE DE L\'EAU'),
(493, 3, 'Discours_de_Marine_Le_Pen_en_clôture_de_luniversité_dété_du_RN_à_Fréjus_Cut_1496', 1, 'PAS INSTAURER UNE'),
(494, 3, 'Discours_de_Marine_Le_Pen_en_clôture_de_luniversité_dété_du_RN_à_Fréjus_Cut_1493', 2, 'MATIÈRE D\'EAU POURQUOI NE'),
(495, 3, 'Discours_de_Marine_Le_Pen_en_clôture_de_luniversité_dété_du_RN_à_Fréjus_Cut_1499', 2, 'TARIFICATION ÉCOLOGIQUE ET'),
(496, 3, 'Discours_de_Marine_Le_Pen_en_clôture_de_luniversité_dété_du_RN_à_Fréjus_Cut_1508', 3, 'LES PREMIERS NÉCESSAIRE À'),
(497, 3, 'Discours_de_Marine_Le_Pen_en_clôture_de_luniversité_dété_du_RN_à_Fréjus_Cut_1521', 1, 'CONSOMMER SANS MODÉRATION'),
(498, 3, 'Discours_de_Marine_Le_Pen_en_clôture_de_luniversité_dété_du_RN_à_Fréjus_Cut_1541', 1, 'EXEMPLES DE CELA'),
(499, 3, 'Discours_de_Marine_Le_Pen_en_clôture_de_luniversité_dété_du_RN_à_Fréjus_Cut_1527', 3, 'PAYER MAJORÉE ET L\'EAU'),
(500, 3, 'Discours_de_Marine_Le_Pen_en_clôture_de_luniversité_dété_du_RN_à_Fréjus_Cut_1544', 2, 'LE STATIONNEMENT PAYANT'),
(501, 3, 'Discours_de_Marine_Le_Pen_en_clôture_de_luniversité_dété_du_RN_à_Fréjus_Cut_1535', 3, 'SANS PLUS ATTENDRE IL'),
(502, 3, 'Discours_de_Marine_Le_Pen_en_clôture_de_luniversité_dété_du_RN_à_Fréjus_Cut_1547', 2, 'À L\'HÔPITAL LA'),
(503, 3, 'Discours_de_Marine_Le_Pen_en_clôture_de_luniversité_dété_du_RN_à_Fréjus_Cut_1568', 1, 'TVA SUR LES'),
(504, 3, 'Discours_de_Marine_Le_Pen_en_clôture_de_luniversité_dété_du_RN_à_Fréjus_Cut_1577', 1, 'TVA UN IMPÔT'),
(505, 3, 'Discours_de_Marine_Le_Pen_en_clôture_de_luniversité_dété_du_RN_à_Fréjus_Cut_1571', 1, 'TAXES CAR NOUS'),
(506, 3, 'Discours_de_Marine_Le_Pen_en_clôture_de_luniversité_dété_du_RN_à_Fréjus_Cut_1587', 1, 'DE LA GRANDE'),
(507, 3, 'Discours_de_Marine_Le_Pen_en_clôture_de_luniversité_dété_du_RN_à_Fréjus_Cut_1593', 1, 'DE SANS'),
(508, 3, 'Discours_de_Marine_Le_Pen_en_clôture_de_luniversité_dété_du_RN_à_Fréjus_Cut_1606', 1, 'LUTTER CONTRE LE'),
(509, 3, 'Discours_de_Marine_Le_Pen_en_clôture_de_luniversité_dété_du_RN_à_Fréjus_Cut_1565', 5, 'LE PAIEMENT DE LA'),
(510, 3, 'Discours_de_Marine_Le_Pen_en_clôture_de_luniversité_dété_du_RN_à_Fréjus_Cut_1609', 1, 'SENTIMENT DE DÉPOSSESSION'),
(511, 3, 'Discours_de_Marine_Le_Pen_en_clôture_de_luniversité_dété_du_RN_à_Fréjus_Cut_1600', 1, 'LES EXEMPLES SONT INNOMBRABLES'),
(512, 3, 'Discours_de_Marine_Le_Pen_en_clôture_de_luniversité_dété_du_RN_à_Fréjus_Cut_1618', 2, 'DU PATRIMOINE PARCE QUE JE'),
(513, 3, 'Discours_de_Marine_Le_Pen_en_clôture_de_luniversité_dété_du_RN_à_Fréjus_Cut_1631', 1, 'NE RIEN'),
(514, 3, 'Discours_de_Marine_Le_Pen_en_clôture_de_luniversité_dété_du_RN_à_Fréjus_Cut_1625', 1, 'BIEN NATIONAUX POUR'),
(515, 3, 'Discours_de_Marine_Le_Pen_en_clôture_de_luniversité_dété_du_RN_à_Fréjus_Cut_1634', 1, 'LEUR SEUL PATRIMOINE'),
(516, 3, 'Discours_de_Marine_Le_Pen_en_clôture_de_luniversité_dété_du_RN_à_Fréjus_Cut_1646', 1, 'BARRAGES IL FAUT'),
(517, 3, 'Discours_de_Marine_Le_Pen_en_clôture_de_luniversité_dété_du_RN_à_Fréjus_Cut_1643', 2, 'FELLINI PRIVATISATION DES'),
(518, 3, 'Discours_de_Marine_Le_Pen_en_clôture_de_luniversité_dété_du_RN_à_Fréjus_Cut_1653', 2, 'CHACUN DOIT SIGNER LA'),
(519, 3, 'Discours_de_Marine_Le_Pen_en_clôture_de_luniversité_dété_du_RN_à_Fréjus_Cut_1658', 1, 'TRANQUILLEMENT MAIS AVEC'),
(520, 3, 'Discours_de_Marine_Le_Pen_en_clôture_de_luniversité_dété_du_RN_à_Fréjus_Cut_1664', 1, 'DÉTERMINATION IL FAUT'),
(521, 3, 'Discours_de_Marine_Le_Pen_en_clôture_de_luniversité_dété_du_RN_à_Fréjus_Cut_1667', 2, 'ENGAGER LA RENATIONALISATION'),
(522, 3, 'Discours_de_Marine_Le_Pen_en_clôture_de_luniversité_dété_du_RN_à_Fréjus_Cut_1701', 1, 'CAS DE DISTRIBUTION'),
(523, 3, 'Discours_de_Marine_Le_Pen_en_clôture_de_luniversité_dété_du_RN_à_Fréjus_Cut_1677', 1, 'À CÔTÉ DE'),
(524, 3, 'Discours_de_Marine_Le_Pen_en_clôture_de_luniversité_dété_du_RN_à_Fréjus_Cut_1698', 1, 'LES SALARIÉS EN'),
(525, 3, 'Discours_de_Marine_Le_Pen_en_clôture_de_luniversité_dété_du_RN_à_Fréjus_Cut_1680', 1, 'LA PARTICIPATION DE'),
(526, 3, 'Discours_de_Marine_Le_Pen_en_clôture_de_luniversité_dété_du_RN_à_Fréjus_Cut_1686', 2, 'L\'INTÉRESSEMENT QUI SUR LES BÉNÉFICES'),
(527, 3, 'Discours_de_Marine_Le_Pen_en_clôture_de_luniversité_dété_du_RN_à_Fréjus_Cut_1708', 1, 'D\'AUTRES PROPOSITIONS DE'),
(528, 3, 'Discours_de_Marine_Le_Pen_en_clôture_de_luniversité_dété_du_RN_à_Fréjus_Cut_1711', 1, 'RÉSERVE LÉGALE DE'),
(529, 3, 'Discours_de_Marine_Le_Pen_en_clôture_de_luniversité_dété_du_RN_à_Fréjus_Cut_1705', 2, 'DIVIDENDE JE PENSE À'),
(530, 3, 'Discours_de_Marine_Le_Pen_en_clôture_de_luniversité_dété_du_RN_à_Fréjus_Cut_1714', 1, 'TITRE QUI RÉCONCILIE'),
(531, 3, 'Discours_de_Marine_Le_Pen_en_clôture_de_luniversité_dété_du_RN_à_Fréjus_Cut_1723', 2, 'MAIS LA RÉPONSE'),
(532, 3, 'Discours_de_Marine_Le_Pen_en_clôture_de_luniversité_dété_du_RN_à_Fréjus_Cut_1736', 1, 'JUSTICE SOCIALE ET'),
(533, 3, 'Discours_de_Marine_Le_Pen_en_clôture_de_luniversité_dété_du_RN_à_Fréjus_Cut_1733', 2, 'N\'EST PAS DE'),
(534, 3, 'Discours_de_Marine_Le_Pen_en_clôture_de_luniversité_dété_du_RN_à_Fréjus_Cut_1742', 2, 'ÉGALEMENT CAR'),
(535, 3, 'Discours_de_Marine_Le_Pen_en_clôture_de_luniversité_dété_du_RN_à_Fréjus_Cut_1775', 1, 'PATRONALES LES PRATIQUES'),
(536, 3, 'Discours_de_Marine_Le_Pen_en_clôture_de_luniversité_dété_du_RN_à_Fréjus_Cut_1757', 3, 'L\'OBSOLESCENCE DES CORPS INTERMÉDIAIRES'),
(537, 3, 'Discours_de_Marine_Le_Pen_en_clôture_de_luniversité_dété_du_RN_à_Fréjus_Cut_1772', 3, 'ÉCONOMIQUE D\'ÂGE DES INSTANCES'),
(538, 3, 'Discours_de_Marine_Le_Pen_en_clôture_de_luniversité_dété_du_RN_à_Fréjus_Cut_1809', 1, 'DES MODES DE'),
(539, 3, 'Discours_de_Marine_Le_Pen_en_clôture_de_luniversité_dété_du_RN_à_Fréjus_Cut_1782', 3, 'TRIBUNAUX DE COMMERCE MAINTENANT UNE REMISE'),
(540, 3, 'Discours_de_Marine_Le_Pen_en_clôture_de_luniversité_dété_du_RN_à_Fréjus_Cut_1806', 1, 'UNE RÉFORME DRASTIQUE'),
(541, 3, 'Discours_de_Marine_Le_Pen_en_clôture_de_luniversité_dété_du_RN_à_Fréjus_Cut_1797', 2, 'LE DISCRÉDIT DES MAJORITÉ'),
(542, 3, 'Discours_de_Marine_Le_Pen_en_clôture_de_luniversité_dété_du_RN_à_Fréjus_Cut_1830', 1, 'TRÈS RÉCENT IL'),
(543, 3, 'Discours_de_Marine_Le_Pen_en_clôture_de_luniversité_dété_du_RN_à_Fréjus_Cut_1803', 2, 'PLÉTHORIQUE IMPOSE'),
(544, 3, 'Discours_de_Marine_Le_Pen_en_clôture_de_luniversité_dété_du_RN_à_Fréjus_Cut_1839', 2, 'QUELQUES JOURS DE LA RÉPUBLIQUE'),
(545, 3, 'Discours_de_Marine_Le_Pen_en_clôture_de_luniversité_dété_du_RN_à_Fréjus_Cut_1878', 1, 'AVOIR UN DÉBAT'),
(546, 3, 'Discours_de_Marine_Le_Pen_en_clôture_de_luniversité_dété_du_RN_à_Fréjus_Cut_1848', 1, 'C\'EST TOUJOURS DES DÉBATS'),
(547, 3, 'Discours_de_Marine_Le_Pen_en_clôture_de_luniversité_dété_du_RN_à_Fréjus_Cut_1860', 1, 'BLA BLA BLA'),
(548, 3, 'Discours_de_Marine_Le_Pen_en_clôture_de_luniversité_dété_du_RN_à_Fréjus_Cut_1889', 3, 'AURA DE TEMPS DE'),
(549, 3, 'Discours_de_Marine_Le_Pen_en_clôture_de_luniversité_dété_du_RN_à_Fréjus_Cut_1907', 1, 'LES DÉBATS N\'ONT'),
(550, 3, 'Discours_de_Marine_Le_Pen_en_clôture_de_luniversité_dété_du_RN_à_Fréjus_Cut_1904', 1, 'PAS COMPRIS QUE SI'),
(551, 3, 'Discours_de_Marine_Le_Pen_en_clôture_de_luniversité_dété_du_RN_à_Fréjus_Cut_1913', 1, 'LES ASSEMBLÉES ALORS'),
(552, 3, 'Discours_de_Marine_Le_Pen_en_clôture_de_luniversité_dété_du_RN_à_Fréjus_Cut_1926', 6, 'CELA MÊME QUI VOUS LES'),
(553, 3, 'Discours_de_Marine_Le_Pen_en_clôture_de_luniversité_dété_du_RN_à_Fréjus_Cut_1954', 1, 'A VU LES'),
(554, 3, 'Discours_de_Marine_Le_Pen_en_clôture_de_luniversité_dété_du_RN_à_Fréjus_Cut_1957', 1, 'MAINS MOITES DE'),
(555, 3, 'Discours_de_Marine_Le_Pen_en_clôture_de_luniversité_dété_du_RN_à_Fréjus_Cut_1945', 1, 'JOURNÉES DE DÉCEMBRE'),
(556, 3, 'Discours_de_Marine_Le_Pen_en_clôture_de_luniversité_dété_du_RN_à_Fréjus_Cut_1942', 3, 'TOUT RIEN RETENU DES'),
(557, 3, 'Discours_de_Marine_Le_Pen_en_clôture_de_luniversité_dété_du_RN_à_Fréjus_Cut_1951', 3, '2018 OÙ ON LES'),
(558, 3, 'Discours_de_Marine_Le_Pen_en_clôture_de_luniversité_dété_du_RN_à_Fréjus_Cut_1963', 1, 'TREMBLANT À LA'),
(559, 3, 'Discours_de_Marine_Le_Pen_en_clôture_de_luniversité_dété_du_RN_à_Fréjus_Cut_1969', 1, 'LA PROTECTION DE'),
(560, 3, 'Discours_de_Marine_Le_Pen_en_clôture_de_luniversité_dété_du_RN_à_Fréjus_Cut_1966', 1, 'RÉPUBLIQUE ET À'),
(561, 3, 'Discours_de_Marine_Le_Pen_en_clôture_de_luniversité_dété_du_RN_à_Fréjus_Cut_1987', 1, 'QU\'UNE DOSE HOMÉOPATHIQUE'),
(562, 3, 'Discours_de_Marine_Le_Pen_en_clôture_de_luniversité_dété_du_RN_à_Fréjus_Cut_1984', 1, 'COMMENT POURRAIT-IL CROIRE'),
(563, 3, 'Discours_de_Marine_Le_Pen_en_clôture_de_luniversité_dété_du_RN_à_Fréjus_Cut_2004', 1, 'QUI TRAVERSE LE PAYS'),
(564, 3, 'Discours_de_Marine_Le_Pen_en_clôture_de_luniversité_dété_du_RN_à_Fréjus_Cut_1995', 1, 'PUIS À SATISFAIRE'),
(565, 3, 'Discours_de_Marine_Le_Pen_en_clôture_de_luniversité_dété_du_RN_à_Fréjus_Cut_1998', 1, 'LE BESOIN DE'),
(566, 3, 'Discours_de_Marine_Le_Pen_en_clôture_de_luniversité_dété_du_RN_à_Fréjus_Cut_2026', 1, 'CHEF DE L\'ÉTAT'),
(567, 3, 'Discours_de_Marine_Le_Pen_en_clôture_de_luniversité_dété_du_RN_à_Fréjus_Cut_2017', 1, 'POLITIQUE PASSE ÉGALEMENT'),
(568, 3, 'Discours_de_Marine_Le_Pen_en_clôture_de_luniversité_dété_du_RN_à_Fréjus_Cut_2008', 1, 'SURTOUT PAS LES FRANÇAIS'),
(569, 3, 'Discours_de_Marine_Le_Pen_en_clôture_de_luniversité_dété_du_RN_à_Fréjus_Cut_2020', 1, 'PAR UNE REPRISE'),
(570, 3, 'Discours_de_Marine_Le_Pen_en_clôture_de_luniversité_dété_du_RN_à_Fréjus_Cut_2023', 2, 'LISATION DU'),
(571, 3, 'Discours_de_Marine_Le_Pen_en_clôture_de_luniversité_dété_du_RN_à_Fréjus_Cut_2014', 2, 'MES AMIS DU'),
(572, 3, 'Discours_de_Marine_Le_Pen_en_clôture_de_luniversité_dété_du_RN_à_Fréjus_Cut_2036', 2, 'SONT INCAPABLES D\'INCARNER'),
(573, 3, 'Discours_de_Marine_Le_Pen_en_clôture_de_luniversité_dété_du_RN_à_Fréjus_Cut_2045', 1, 'DÉPASSENT C\'EST AUX'),
(574, 3, 'Discours_de_Marine_Le_Pen_en_clôture_de_luniversité_dété_du_RN_à_Fréjus_Cut_2033', 3, 'ET PUISQUE LOCATAIRE DE L\'ÉLYSÉE'),
(575, 3, 'Discours_de_Marine_Le_Pen_en_clôture_de_luniversité_dété_du_RN_à_Fréjus_Cut_2077', 1, 'SEMBLANT ET BIEN'),
(576, 3, 'Discours_de_Marine_Le_Pen_en_clôture_de_luniversité_dété_du_RN_à_Fréjus_Cut_2068', 1, 'D\'ÊTRE PRÉSIDENT ET'),
(577, 3, 'Discours_de_Marine_Le_Pen_en_clôture_de_luniversité_dété_du_RN_à_Fréjus_Cut_2074', 1, 'MÊME PAS FAIRE'),
(578, 3, 'Discours_de_Marine_Le_Pen_en_clôture_de_luniversité_dété_du_RN_à_Fréjus_Cut_2060', 3, 'AVEC UN SEPTENNAT DE 7'),
(579, 3, 'Discours_de_Marine_Le_Pen_en_clôture_de_luniversité_dété_du_RN_à_Fréjus_Cut_2065', 3, 'S\'ILS SONT PAS CAPABLES'),
(580, 3, 'Discours_de_Marine_Le_Pen_en_clôture_de_luniversité_dété_du_RN_à_Fréjus_Cut_2091', 1, 'GARANTIR LA SOUVERAINETÉ'),
(581, 3, 'Discours_de_Marine_Le_Pen_en_clôture_de_luniversité_dété_du_RN_à_Fréjus_Cut_2094', 1, 'DE LEUR DÉCISION'),
(582, 3, 'Discours_de_Marine_Le_Pen_en_clôture_de_luniversité_dété_du_RN_à_Fréjus_Cut_2100', 1, 'QU\'ELLE SOIT DE'),
(583, 3, 'Discours_de_Marine_Le_Pen_en_clôture_de_luniversité_dété_du_RN_à_Fréjus_Cut_2085', 2, 'RESTAURER L\'IMAGE DES ÉLUS'),
(584, 3, 'Discours_de_Marine_Le_Pen_en_clôture_de_luniversité_dété_du_RN_à_Fréjus_Cut_2108', 2, 'AU-DELÀ DE TOUS'),
(585, 3, 'Discours_de_Marine_Le_Pen_en_clôture_de_luniversité_dété_du_RN_à_Fréjus_Cut_2140', 1, 'CRISE DE L\'HIVER'),
(586, 3, 'Discours_de_Marine_Le_Pen_en_clôture_de_luniversité_dété_du_RN_à_Fréjus_Cut_2134', 1, 'ÉGALEMENT À'),
(587, 3, 'Discours_de_Marine_Le_Pen_en_clôture_de_luniversité_dété_du_RN_à_Fréjus_Cut_2143', 2, '2018 CE FUT'),
(588, 3, 'Discours_de_Marine_Le_Pen_en_clôture_de_luniversité_dété_du_RN_à_Fréjus_Cut_2164', 1, 'ŒUVRE UNE GRANDE'),
(589, 3, 'Discours_de_Marine_Le_Pen_en_clôture_de_luniversité_dété_du_RN_à_Fréjus_Cut_2131', 2, 'LA THÉMATIQUE QUI'),
(590, 3, 'Discours_de_Marine_Le_Pen_en_clôture_de_luniversité_dété_du_RN_à_Fréjus_Cut_2155', 3, 'LES ÉLITES MESURER L\'AMPLEUR RÉPARER'),
(591, 3, 'Discours_de_Marine_Le_Pen_en_clôture_de_luniversité_dété_du_RN_à_Fréjus_Cut_2179', 1, 'NOUS VOULONS DIRE QU\'ON'),
(592, 3, 'Discours_de_Marine_Le_Pen_en_clôture_de_luniversité_dété_du_RN_à_Fréjus_Cut_2185', 1, 'CONTINUER À REGROUPER'),
(593, 3, 'Discours_de_Marine_Le_Pen_en_clôture_de_luniversité_dété_du_RN_à_Fréjus_Cut_2188', 1, 'LES ACTIVITÉS SUR'),
(594, 3, 'Discours_de_Marine_Le_Pen_en_clôture_de_luniversité_dété_du_RN_à_Fréjus_Cut_2194', 2, 'LES EN LAISSANT LES'),
(595, 3, 'Discours_de_Marine_Le_Pen_en_clôture_de_luniversité_dété_du_RN_à_Fréjus_Cut_2201', 1, 'AU MÊME ENDROIT'),
(596, 3, 'Discours_de_Marine_Le_Pen_en_clôture_de_luniversité_dété_du_RN_à_Fréjus_Cut_2216', 1, 'IMMOBILIÈRE QUI CHASSE'),
(597, 3, 'Discours_de_Marine_Le_Pen_en_clôture_de_luniversité_dété_du_RN_à_Fréjus_Cut_2207', 3, 'LES RICHESSES AU PRIX D\'UNE'),
(598, 3, 'Discours_de_Marine_Le_Pen_en_clôture_de_luniversité_dété_du_RN_à_Fréjus_Cut_2213', 4, 'DENSIFICATION URBAINE AUPRÈS SPÉCULATION'),
(599, 3, 'Discours_de_Marine_Le_Pen_en_clôture_de_luniversité_dété_du_RN_à_Fréjus_Cut_2225', 1, 'ASPHYXIE DES TRANSPORTS'),
(600, 3, 'Discours_de_Marine_Le_Pen_en_clôture_de_luniversité_dété_du_RN_à_Fréjus_Cut_2222', 2, 'CENTRE VILLE D\'UNE'),
(601, 3, 'Discours_de_Marine_Le_Pen_en_clôture_de_luniversité_dété_du_RN_à_Fréjus_Cut_2267', 1, 'TRAVERSER POUR SE'),
(602, 3, 'Discours_de_Marine_Le_Pen_en_clôture_de_luniversité_dété_du_RN_à_Fréjus_Cut_2258', 1, 'TRANSPORTER DES GENS'),
(603, 3, 'Discours_de_Marine_Le_Pen_en_clôture_de_luniversité_dété_du_RN_à_Fréjus_Cut_2243', 1, 'TOUS LES BUREAUX À'),
(604, 3, 'Discours_de_Marine_Le_Pen_en_clôture_de_luniversité_dété_du_RN_à_Fréjus_Cut_2282', 1, 'DE LA JUSTIFICATION'),
(605, 3, 'Discours_de_Marine_Le_Pen_en_clôture_de_luniversité_dété_du_RN_à_Fréjus_Cut_2285', 1, 'ÉTHIQUE DE CETTE'),
(606, 3, 'Discours_de_Marine_Le_Pen_en_clôture_de_luniversité_dété_du_RN_à_Fréjus_Cut_2291', 1, 'CONGÉDIE TOUS LES'),
(607, 3, 'Discours_de_Marine_Le_Pen_en_clôture_de_luniversité_dété_du_RN_à_Fréjus_Cut_2288', 2, 'VISION URBAINE QUI'),
(608, 3, 'Discours_de_Marine_Le_Pen_en_clôture_de_luniversité_dété_du_RN_à_Fréjus_Cut_2279', 3, 'ASTRONOMIQUE ET QUE DIRE'),
(609, 3, 'Discours_de_Marine_Le_Pen_en_clôture_de_luniversité_dété_du_RN_à_Fréjus_Cut_2309', 1, 'LE TRAVAIL EN'),
(610, 3, 'Discours_de_Marine_Le_Pen_en_clôture_de_luniversité_dété_du_RN_à_Fréjus_Cut_2300', 1, 'ET LES SALARIÉS À'),
(611, 3, 'Discours_de_Marine_Le_Pen_en_clôture_de_luniversité_dété_du_RN_à_Fréjus_Cut_2306', 2, 'POLLUÉ ET TRANSFORMENT'),
(612, 3, 'Discours_de_Marine_Le_Pen_en_clôture_de_luniversité_dété_du_RN_à_Fréjus_Cut_2318', 1, 'DEVIENNENT DES ZONES'),
(613, 3, 'Discours_de_Marine_Le_Pen_en_clôture_de_luniversité_dété_du_RN_à_Fréjus_Cut_2327', 1, 'LES CLASSES POPULAIRES'),
(614, 3, 'Discours_de_Marine_Le_Pen_en_clôture_de_luniversité_dété_du_RN_à_Fréjus_Cut_2333', 1, 'DÉSORMAIS PLACE QUI'),
(615, 3, 'Discours_de_Marine_Le_Pen_en_clôture_de_luniversité_dété_du_RN_à_Fréjus_Cut_2330', 1, 'ET NE LAISSE'),
(616, 3, 'Discours_de_Marine_Le_Pen_en_clôture_de_luniversité_dété_du_RN_à_Fréjus_Cut_2315', 2, 'DES CENTRES-VILLES DES AGGLOMÉRATIONS'),
(617, 3, 'Discours_de_Marine_Le_Pen_en_clôture_de_luniversité_dété_du_RN_à_Fréjus_Cut_2324', 3, 'DÉPEUPLÉ QUI LES JEUNES ET'),
(618, 3, 'Discours_de_Marine_Le_Pen_en_clôture_de_luniversité_dété_du_RN_à_Fréjus_Cut_2343', 1, 'ON FERME DES LIGNES'),
(619, 3, 'Discours_de_Marine_Le_Pen_en_clôture_de_luniversité_dété_du_RN_à_Fréjus_Cut_2354', 1, 'EN PLUS DES'),
(620, 3, 'Discours_de_Marine_Le_Pen_en_clôture_de_luniversité_dété_du_RN_à_Fréjus_Cut_2360', 2, 'FANTÔME AVEC DES'),
(621, 3, 'Discours_de_Marine_Le_Pen_en_clôture_de_luniversité_dété_du_RN_à_Fréjus_Cut_2357', 1, 'ALLURES DE CITÉ'),
(622, 3, 'Discours_de_Marine_Le_Pen_en_clôture_de_luniversité_dété_du_RN_à_Fréjus_Cut_2363', 2, 'COMMERCES DES'),
(623, 3, 'Discours_de_Marine_Le_Pen_en_clôture_de_luniversité_dété_du_RN_à_Fréjus_Cut_2348', 2, 'D\'INNOMBRABLES BOURG DE FRANCE'),
(624, 3, 'Discours_de_Marine_Le_Pen_en_clôture_de_luniversité_dété_du_RN_à_Fréjus_Cut_2373', 1, 'À 6H DU'),
(625, 3, 'Discours_de_Marine_Le_Pen_en_clôture_de_luniversité_dété_du_RN_à_Fréjus_Cut_2395', 1, 'DU TERRITOIRE SUPPOSE'),
(626, 3, 'Discours_de_Marine_Le_Pen_en_clôture_de_luniversité_dété_du_RN_à_Fréjus_Cut_2383', 1, 'SUR CONCENTRATION DES'),
(627, 3, 'Discours_de_Marine_Le_Pen_en_clôture_de_luniversité_dété_du_RN_à_Fréjus_Cut_2392', 4, 'ACTIVITÉS QUI LA MONDIALISATION UN DRAME L\'AMÉNAGEMENT'),
(628, 3, 'Discours_de_Marine_Le_Pen_en_clôture_de_luniversité_dété_du_RN_à_Fréjus_Cut_2410', 1, 'POLITIQUE DE LOCALISATION'),
(629, 3, 'Discours_de_Marine_Le_Pen_en_clôture_de_luniversité_dété_du_RN_à_Fréjus_Cut_2407', 3, 'ÉQUILIBRE GRÂCE À UNE'),
(630, 3, 'Discours_de_Marine_Le_Pen_en_clôture_de_luniversité_dété_du_RN_à_Fréjus_Cut_2416', 2, 'PRODUIRE ET CONSOMMER'),
(631, 3, 'Discours_de_Marine_Le_Pen_en_clôture_de_luniversité_dété_du_RN_à_Fréjus_Cut_2413', 3, 'D\'ACTIVITÉ LOCALISATION D\'ACTIVITÉ'),
(632, 3, 'Discours_de_Marine_Le_Pen_en_clôture_de_luniversité_dété_du_RN_à_Fréjus_Cut_2422', 1, 'EST LE PREMIER PRINCIPE'),
(633, 3, 'Discours_de_Marine_Le_Pen_en_clôture_de_luniversité_dété_du_RN_à_Fréjus_Cut_2444', 1, 'NOUS APPELONS LA'),
(634, 3, 'Discours_de_Marine_Le_Pen_en_clôture_de_luniversité_dété_du_RN_à_Fréjus_Cut_2435', 2, 'DE RELOCALISATION QUE'),
(635, 3, 'Discours_de_Marine_Le_Pen_en_clôture_de_luniversité_dété_du_RN_à_Fréjus_Cut_2441', 2, 'NOUS VOULONS C\'EST CE QUE'),
(636, 3, 'Discours_de_Marine_Le_Pen_en_clôture_de_luniversité_dété_du_RN_à_Fréjus_Cut_2449', 1, 'EN ŒUVRE PAR DES'),
(637, 3, 'Discours_de_Marine_Le_Pen_en_clôture_de_luniversité_dété_du_RN_à_Fréjus_Cut_2467', 1, 'DIRE MÊME DES'),
(638, 3, 'Discours_de_Marine_Le_Pen_en_clôture_de_luniversité_dété_du_RN_à_Fréjus_Cut_2452', 2, 'INCITATIONS FISCALE IMPORTANTE'),
(639, 3, 'Discours_de_Marine_Le_Pen_en_clôture_de_luniversité_dété_du_RN_à_Fréjus_Cut_2461', 3, 'AUTRES DES ZONES FRANCHE'),
(640, 3, 'Discours_de_Marine_Le_Pen_en_clôture_de_luniversité_dété_du_RN_à_Fréjus_Cut_2482', 2, 'DU TÉLÉTRAVAIL DU MAIL'),
(641, 3, 'Discours_de_Marine_Le_Pen_en_clôture_de_luniversité_dété_du_RN_à_Fréjus_Cut_2495', 2, 'SECTEURS SUR'),
(642, 3, 'Discours_de_Marine_Le_Pen_en_clôture_de_luniversité_dété_du_RN_à_Fréjus_Cut_2501', 2, 'DE SENS TOUT'),
(643, 3, 'Discours_de_Marine_Le_Pen_en_clôture_de_luniversité_dété_du_RN_à_Fréjus_Cut_2511', 1, '15 L\'EMPLOYÉ'),
(644, 3, 'Discours_de_Marine_Le_Pen_en_clôture_de_luniversité_dété_du_RN_à_Fréjus_Cut_2520', 1, 'TRAVAIL EN Y'),
(645, 3, 'Discours_de_Marine_Le_Pen_en_clôture_de_luniversité_dété_du_RN_à_Fréjus_Cut_2492', 4, 'DES IMPRIMANTES 3D ACTIVITÉS DANS DES'),
(646, 3, 'Discours_de_Marine_Le_Pen_en_clôture_de_luniversité_dété_du_RN_à_Fréjus_Cut_2544', 1, 'PROFITERA IMMOBILIER'),
(647, 3, 'Discours_de_Marine_Le_Pen_en_clôture_de_luniversité_dété_du_RN_à_Fréjus_Cut_2508', 3, 'GRAND REDÉPLOIEMENT ÉCONOMIQUE LE'),
(648, 3, 'Discours_de_Marine_Le_Pen_en_clôture_de_luniversité_dété_du_RN_à_Fréjus_Cut_2583', 1, 'PARTOUT DANS LE'),
(649, 3, 'Discours_de_Marine_Le_Pen_en_clôture_de_luniversité_dété_du_RN_à_Fréjus_Cut_2541', 3, 'ET PUIS L\'ENTREPRISE QUI'),
(650, 3, 'Discours_de_Marine_Le_Pen_en_clôture_de_luniversité_dété_du_RN_à_Fréjus_Cut_2559', 2, 'CONGESTIONNEMENT NOTAMMENT PAR'),
(651, 3, 'Discours_de_Marine_Le_Pen_en_clôture_de_luniversité_dété_du_RN_à_Fréjus_Cut_2595', 1, 'S\'ACCOMPAGNER ÉVIDEMMENT'),
(652, 3, 'Discours_de_Marine_Le_Pen_en_clôture_de_luniversité_dété_du_RN_à_Fréjus_Cut_2611', 2, 'QU\'IL S\'AGISSE DE TRANSPORT'),
(653, 3, 'Discours_de_Marine_Le_Pen_en_clôture_de_luniversité_dété_du_RN_à_Fréjus_Cut_2635', 1, 'PROXIMITÉ QUI EST'),
(654, 3, 'Discours_de_Marine_Le_Pen_en_clôture_de_luniversité_dété_du_RN_à_Fréjus_Cut_2592', 4, 'PAYS 7 DU TERRITOIRE'),
(655, 3, 'Discours_de_Marine_Le_Pen_en_clôture_de_luniversité_dété_du_RN_à_Fréjus_Cut_2641', 2, 'DE NOTRE PROJET'),
(656, 3, 'Discours_de_Marine_Le_Pen_en_clôture_de_luniversité_dété_du_RN_à_Fréjus_Cut_2644', 2, 'CETTE RÉVOLUTION QUI'),
(657, 3, 'Discours_de_Marine_Le_Pen_en_clôture_de_luniversité_dété_du_RN_à_Fréjus_Cut_2632', 3, 'LA LOGIQUE DU DE LA'),
(658, 3, 'Discours_de_Marine_Le_Pen_en_clôture_de_luniversité_dété_du_RN_à_Fréjus_Cut_2673', 1, 'AUTANT QUE POSSIBLE'),
(659, 3, 'Discours_de_Marine_Le_Pen_en_clôture_de_luniversité_dété_du_RN_à_Fréjus_Cut_2688', 1, 'LOCALES DANS LA'),
(660, 3, 'Discours_de_Marine_Le_Pen_en_clôture_de_luniversité_dété_du_RN_à_Fréjus_Cut_2676', 2, 'À L\'APPROVISIONNEMENT DES'),
(661, 3, 'Discours_de_Marine_Le_Pen_en_clôture_de_luniversité_dété_du_RN_à_Fréjus_Cut_2670', 2, 'LOCALISE ÉVIDEMMENT DE VEILLER'),
(662, 3, 'Discours_de_Marine_Le_Pen_en_clôture_de_luniversité_dété_du_RN_à_Fréjus_Cut_2714', 1, 'SORTE QU\'ON PUISSE'),
(663, 3, 'Discours_de_Marine_Le_Pen_en_clôture_de_luniversité_dété_du_RN_à_Fréjus_Cut_2720', 1, 'DANS SA COMMUNE'),
(664, 3, 'Discours_de_Marine_Le_Pen_en_clôture_de_luniversité_dété_du_RN_à_Fréjus_Cut_2693', 1, 'ON A TROP D\'HUILE'),
(665, 3, 'Discours_de_Marine_Le_Pen_en_clôture_de_luniversité_dété_du_RN_à_Fréjus_Cut_2708', 2, 'JARDINS PARTAGÉS C\'EST'),
(666, 3, 'Discours_de_Marine_Le_Pen_en_clôture_de_luniversité_dété_du_RN_à_Fréjus_Cut_2727', 1, 'LOCALISE DOIT AUSSI ÊTRE'),
(667, 3, 'Discours_de_Marine_Le_Pen_en_clôture_de_luniversité_dété_du_RN_à_Fréjus_Cut_2735', 1, 'QUARTIER UNE VITALITÉ'),
(668, 3, 'Discours_de_Marine_Le_Pen_en_clôture_de_luniversité_dété_du_RN_à_Fréjus_Cut_2738', 2, 'UNE VISIBILITÉ'),
(669, 3, 'Discours_de_Marine_Le_Pen_en_clôture_de_luniversité_dété_du_RN_à_Fréjus_Cut_2732', 1, 'EN DONNANT PEUT-ÊTRE AU'),
(670, 3, 'Discours_de_Marine_Le_Pen_en_clôture_de_luniversité_dété_du_RN_à_Fréjus_Cut_2741', 3, 'URBAINE ET APRÈS'),
(671, 3, 'Discours_de_Marine_Le_Pen_en_clôture_de_luniversité_dété_du_RN_à_Fréjus_Cut_2771', 1, 'QUARTIER LE PREMIER'),
(672, 3, 'Discours_de_Marine_Le_Pen_en_clôture_de_luniversité_dété_du_RN_à_Fréjus_Cut_2762', 1, 'SE SENTIR DE'),
(673, 3, 'Discours_de_Marine_Le_Pen_en_clôture_de_luniversité_dété_du_RN_à_Fréjus_Cut_2759', 1, 'QUARTIER AVANT DE'),
(674, 3, 'Discours_de_Marine_Le_Pen_en_clôture_de_luniversité_dété_du_RN_à_Fréjus_Cut_2750', 2, 'SI TU BEAUCOUP'),
(675, 3, 'Discours_de_Marine_Le_Pen_en_clôture_de_luniversité_dété_du_RN_à_Fréjus_Cut_2765', 1, 'LEUR ET'),
(676, 3, 'Discours_de_Marine_Le_Pen_en_clôture_de_luniversité_dété_du_RN_à_Fréjus_Cut_2795', 1, 'SA PROPRE RIRE'),
(677, 3, 'Discours_de_Marine_Le_Pen_en_clôture_de_luniversité_dété_du_RN_à_Fréjus_Cut_2783', 1, 'NOUS VOULONS FAIRE'),
(678, 3, 'Discours_de_Marine_Le_Pen_en_clôture_de_luniversité_dété_du_RN_à_Fréjus_Cut_2824', 1, 'VILLE ET BIEN'),
(679, 3, 'Discours_de_Marine_Le_Pen_en_clôture_de_luniversité_dété_du_RN_à_Fréjus_Cut_2801', 2, 'À L\'IMAGE DE'),
(680, 3, 'Discours_de_Marine_Le_Pen_en_clôture_de_luniversité_dété_du_RN_à_Fréjus_Cut_2821', 1, 'VILLAGES DANS LA'),
(681, 3, 'Discours_de_Marine_Le_Pen_en_clôture_de_luniversité_dété_du_RN_à_Fréjus_Cut_2792', 3, 'UN ÉCHELON UN ESPACE QUE'),
(682, 3, 'Discours_de_Marine_Le_Pen_en_clôture_de_luniversité_dété_du_RN_à_Fréjus_Cut_2806', 2, 'INSTITUT AVEC SUCCÈS DANS'),
(683, 3, 'Discours_de_Marine_Le_Pen_en_clôture_de_luniversité_dété_du_RN_à_Fréjus_Cut_2833', 1, 'AUSSI UN ESPRIT'),
(684, 3, 'Discours_de_Marine_Le_Pen_en_clôture_de_luniversité_dété_du_RN_à_Fréjus_Cut_2862', 1, 'NE PAS ENVISAGER'),
(685, 3, 'Discours_de_Marine_Le_Pen_en_clôture_de_luniversité_dété_du_RN_à_Fréjus_Cut_2871', 1, 'AUSSI COMME DES'),
(686, 3, 'Discours_de_Marine_Le_Pen_en_clôture_de_luniversité_dété_du_RN_à_Fréjus_Cut_2865', 1, 'QUE LES CONSEILS'),
(687, 3, 'Discours_de_Marine_Le_Pen_en_clôture_de_luniversité_dété_du_RN_à_Fréjus_Cut_2859', 2, 'C\'EST DU POURQUOI'),
(688, 3, 'Discours_de_Marine_Le_Pen_en_clôture_de_luniversité_dété_du_RN_à_Fréjus_Cut_2868', 1, 'MUNICIPAUX PUISSE FONCTIONNER'),
(689, 3, 'Discours_de_Marine_Le_Pen_en_clôture_de_luniversité_dété_du_RN_à_Fréjus_Cut_2880', 3, 'FÉDÉRATIONS DE AVEC DES À CHAQUE QUARTIER'),
(690, 3, 'Discours_de_Marine_Le_Pen_en_clôture_de_luniversité_dété_du_RN_à_Fréjus_Cut_2893', 2, 'ŒUVRE VOUS VOYEZ'),
(691, 3, 'Discours_de_Marine_Le_Pen_en_clôture_de_luniversité_dété_du_RN_à_Fréjus_Cut_2884', 1, 'AVEC NOUS LA DÉMOCRATIE'),
(692, 3, 'Discours_de_Marine_Le_Pen_en_clôture_de_luniversité_dété_du_RN_à_Fréjus_Cut_2913', 1, 'VOUS PROPOSONS DE'),
(693, 3, 'Discours_de_Marine_Le_Pen_en_clôture_de_luniversité_dété_du_RN_à_Fréjus_Cut_2916', 1, 'LES RAPPROCHER DU'),
(694, 3, 'Discours_de_Marine_Le_Pen_en_clôture_de_luniversité_dété_du_RN_à_Fréjus_Cut_2890', 3, 'PROXIMITÉ RÉELLEMENT MISE EN'),
(695, 3, 'Discours_de_Marine_Le_Pen_en_clôture_de_luniversité_dété_du_RN_à_Fréjus_Cut_2927', 1, 'À L\'ÉCHELON COMMUNAL'),
(696, 3, 'Discours_de_Marine_Le_Pen_en_clôture_de_luniversité_dété_du_RN_à_Fréjus_Cut_2937', 1, 'L\'ADHÉSION AUX VALEURS'),
(697, 3, 'Discours_de_Marine_Le_Pen_en_clôture_de_luniversité_dété_du_RN_à_Fréjus_Cut_2934', 2, 'D\'APPARTENANCE DONC'),
(698, 3, 'Discours_de_Marine_Le_Pen_en_clôture_de_luniversité_dété_du_RN_à_Fréjus_Cut_2943', 2, 'LE LIEN SANS'),
(699, 3, 'Discours_de_Marine_Le_Pen_en_clôture_de_luniversité_dété_du_RN_à_Fréjus_Cut_2966', 1, 'AVOIR DES'),
(700, 3, 'Discours_de_Marine_Le_Pen_en_clôture_de_luniversité_dété_du_RN_à_Fréjus_Cut_2969', 1, 'CITOYENS DANS LA'),
(701, 3, 'Discours_de_Marine_Le_Pen_en_clôture_de_luniversité_dété_du_RN_à_Fréjus_Cut_2972', 2, 'VIE LOCALE NOUS'),
(702, 3, 'Discours_de_Marine_Le_Pen_en_clôture_de_luniversité_dété_du_RN_à_Fréjus_Cut_2960', 5, 'AU PIRE INCIVILITÉ SENTIMENT D\'APPARTENANCE IL'),
(703, 3, 'Discours_de_Marine_Le_Pen_en_clôture_de_luniversité_dété_du_RN_à_Fréjus_Cut_2991', 1, 'NOUS NOUS EFFORCERONS'),
(704, 3, 'Discours_de_Marine_Le_Pen_en_clôture_de_luniversité_dété_du_RN_à_Fréjus_Cut_2982', 1, 'DONC LES DÉCISIONS'),
(705, 3, 'Discours_de_Marine_Le_Pen_en_clôture_de_luniversité_dété_du_RN_à_Fréjus_Cut_2988', 3, 'QUI LES DANS CET ESPRIT'),
(706, 3, 'Discours_de_Marine_Le_Pen_en_clôture_de_luniversité_dété_du_RN_à_Fréjus_Cut_2979', 3, 'RÉAPPROPRIER LES INSTITUTIONS ET'),
(707, 3, 'Discours_de_Marine_Le_Pen_en_clôture_de_luniversité_dété_du_RN_à_Fréjus_Cut_3002', 1, 'PAR DÉFENDRE LE PRINCIPE'),
(708, 3, 'Discours_de_Marine_Le_Pen_en_clôture_de_luniversité_dété_du_RN_à_Fréjus_Cut_3031', 1, 'AUX ABSORPTION DE'),
(709, 3, 'Discours_de_Marine_Le_Pen_en_clôture_de_luniversité_dété_du_RN_à_Fréjus_Cut_3042', 1, 'GRANDS ÉQUILIBRES DOIT'),
(710, 3, 'Discours_de_Marine_Le_Pen_en_clôture_de_luniversité_dété_du_RN_à_Fréjus_Cut_3025', 7, 'ET BIEN LE'),
(711, 3, 'Discours_de_Marine_Le_Pen_en_clôture_de_luniversité_dété_du_RN_à_Fréjus_Cut_3039', 1, 'LA RECHERCHE DES'),
(712, 3, 'Discours_de_Marine_Le_Pen_en_clôture_de_luniversité_dété_du_RN_à_Fréjus_Cut_3060', 2, 'POUR L\'ÉTAT VRAI POUR LES'),
(713, 3, 'Discours_de_Marine_Le_Pen_en_clôture_de_luniversité_dété_du_RN_à_Fréjus_Cut_3077', 1, 'DIFFÉRENTS MODES DE'),
(714, 3, 'Discours_de_Marine_Le_Pen_en_clôture_de_luniversité_dété_du_RN_à_Fréjus_Cut_3071', 1, 'EN MIEUX L\'ESPACE'),
(715, 3, 'Discours_de_Marine_Le_Pen_en_clôture_de_luniversité_dété_du_RN_à_Fréjus_Cut_3051', 4, 'ÉQUILIBRE HABITAT JE L\'AI DIT'),
(716, 3, 'Discours_de_Marine_Le_Pen_en_clôture_de_luniversité_dété_du_RN_à_Fréjus_Cut_3080', 3, 'DÉPLACEMENT DÉMOGRAPHIQUE'),
(717, 3, 'Discours_de_Marine_Le_Pen_en_clôture_de_luniversité_dété_du_RN_à_Fréjus_Cut_3102', 1, 'DE L\'ORDRE DANS'),
(718, 3, 'Discours_de_Marine_Le_Pen_en_clôture_de_luniversité_dété_du_RN_à_Fréjus_Cut_3099', 1, 'IL NOUS FAUT REMETTRE'),
(719, 3, 'Discours_de_Marine_Le_Pen_en_clôture_de_luniversité_dété_du_RN_à_Fréjus_Cut_3090', 2, 'ÉQUILIBRE AVEC LE'),
(720, 3, 'Discours_de_Marine_Le_Pen_en_clôture_de_luniversité_dété_du_RN_à_Fréjus_Cut_3117', 1, 'DÉSOLÉ DE VOUS DIRE'),
(721, 3, 'Discours_de_Marine_Le_Pen_en_clôture_de_luniversité_dété_du_RN_à_Fréjus_Cut_3120', 1, 'MAIS PERSONNE N\'Y'),
(722, 3, 'Discours_de_Marine_Le_Pen_en_clôture_de_luniversité_dété_du_RN_à_Fréjus_Cut_3127', 4, 'LES RÉFORMES SE SUCCÈDENT'),
(723, 3, 'Discours_de_Marine_Le_Pen_en_clôture_de_luniversité_dété_du_RN_à_Fréjus_Cut_3148', 1, 'L\'ÉTAT GARANT'),
(724, 3, 'Discours_de_Marine_Le_Pen_en_clôture_de_luniversité_dété_du_RN_à_Fréjus_Cut_3151', 1, 'DE LA PERMANENCE'),
(725, 3, 'Discours_de_Marine_Le_Pen_en_clôture_de_luniversité_dété_du_RN_à_Fréjus_Cut_3136', 1, 'ILS SONT EN TRAIN'),
(726, 3, 'Discours_de_Marine_Le_Pen_en_clôture_de_luniversité_dété_du_RN_à_Fréjus_Cut_3157', 3, 'ET DE DE EN'),
(727, 3, 'Discours_de_Marine_Le_Pen_en_clôture_de_luniversité_dété_du_RN_à_Fréjus_Cut_3145', 4, 'AU MIXER C\'EST PIRE COMME'),
(728, 3, 'Discours_de_Marine_Le_Pen_en_clôture_de_luniversité_dété_du_RN_à_Fréjus_Cut_3162', 1, 'DE LA CUSTOMISATION'),
(729, 3, 'Discours_de_Marine_Le_Pen_en_clôture_de_luniversité_dété_du_RN_à_Fréjus_Cut_3165', 2, 'ON SE PIQUE'),
(730, 3, 'Discours_de_Marine_Le_Pen_en_clôture_de_luniversité_dété_du_RN_à_Fréjus_Cut_3171', 1, 'INSTITUTIONS À LA'),
(731, 3, 'Discours_de_Marine_Le_Pen_en_clôture_de_luniversité_dété_du_RN_à_Fréjus_Cut_3179', 2, 'LES COMPÉTENCES SE'),
(732, 3, 'Discours_de_Marine_Le_Pen_en_clôture_de_luniversité_dété_du_RN_à_Fréjus_Cut_3176', 1, 'TEMPS SUPPLÉMENTAIRE BIEN SUR'),
(733, 3, 'Discours_de_Marine_Le_Pen_en_clôture_de_luniversité_dété_du_RN_à_Fréjus_Cut_3203', 4, 'QUI ÇA COÛTE ET'),
(734, 3, 'Discours_de_Marine_Le_Pen_en_clôture_de_luniversité_dété_du_RN_à_Fréjus_Cut_3222', 2, 'LES HABITANTS DE SERVICE ET'),
(735, 3, 'Discours_de_Marine_Le_Pen_en_clôture_de_luniversité_dété_du_RN_à_Fréjus_Cut_3216', 6, 'UNE QUESTION PLUS DE STRUCTURE MOI'),
(736, 3, 'Discours_de_Marine_Le_Pen_en_clôture_de_luniversité_dété_du_RN_à_Fréjus_Cut_3240', 1, 'COMPÉTENCES À LA'),
(737, 3, 'Discours_de_Marine_Le_Pen_en_clôture_de_luniversité_dété_du_RN_à_Fréjus_Cut_3249', 1, 'INSTITUTIONS AVEC'),
(738, 3, 'Discours_de_Marine_Le_Pen_en_clôture_de_luniversité_dété_du_RN_à_Fréjus_Cut_3246', 1, 'NOUS CHEMINOTS VERS DES'),
(739, 3, 'Discours_de_Marine_Le_Pen_en_clôture_de_luniversité_dété_du_RN_à_Fréjus_Cut_3237', 2, 'AVEC DES COLLECTIVITÉS AUX'),
(740, 3, 'Discours_de_Marine_Le_Pen_en_clôture_de_luniversité_dété_du_RN_à_Fréjus_Cut_3252', 3, 'LÉGALITÉ RÉPUBLICAINE DES'),
(741, 3, 'Discours_de_Marine_Le_Pen_en_clôture_de_luniversité_dété_du_RN_à_Fréjus_Cut_3260', 1, 'PAS VOIR LE'),
(742, 3, 'Discours_de_Marine_Le_Pen_en_clôture_de_luniversité_dété_du_RN_à_Fréjus_Cut_3268', 1, 'FORME D\'ASSERVISSEMENT'),
(743, 3, 'Discours_de_Marine_Le_Pen_en_clôture_de_luniversité_dété_du_RN_à_Fréjus_Cut_3277', 2, 'VISION MUNICIPALE S\'APPUIE'),
(744, 3, 'Discours_de_Marine_Le_Pen_en_clôture_de_luniversité_dété_du_RN_à_Fréjus_Cut_3285', 1, 'PROPOSERONS DES'),
(745, 3, 'Discours_de_Marine_Le_Pen_en_clôture_de_luniversité_dété_du_RN_à_Fréjus_Cut_3314', 1, 'ET SE GÉNÉRALISE'),
(746, 3, 'Discours_de_Marine_Le_Pen_en_clôture_de_luniversité_dété_du_RN_à_Fréjus_Cut_3274', 6, 'DES FRANÇAIS MES AMIS NOTRE'),
(747, 3, 'Discours_de_Marine_Le_Pen_en_clôture_de_luniversité_dété_du_RN_à_Fréjus_Cut_3257', 7, 'NOUS NOUS NE VOULONS'),
(748, 3, 'Discours_de_Marine_Le_Pen_en_clôture_de_luniversité_dété_du_RN_à_Fréjus_Cut_3291', 2, 'CAMPAGNE ELLE S\'ACCOMPAGNE'),
(749, 3, 'Discours_de_Marine_Le_Pen_en_clôture_de_luniversité_dété_du_RN_à_Fréjus_Cut_3343', 2, 'PUBLIQUE LE DÉVELOPPEMENT'),
(750, 3, 'Discours_de_Marine_Le_Pen_en_clôture_de_luniversité_dété_du_RN_à_Fréjus_Cut_3358', 1, 'DURANT CETTE MANDATURE'),
(751, 3, 'Discours_de_Marine_Le_Pen_en_clôture_de_luniversité_dété_du_RN_à_Fréjus_Cut_3352', 2, 'NOS MÈRES LES ONT'),
(752, 3, 'Discours_de_Marine_Le_Pen_en_clôture_de_luniversité_dété_du_RN_à_Fréjus_Cut_3383', 2, 'À BEAUCAIRE À'),
(753, 3, 'Discours_de_Marine_Le_Pen_en_clôture_de_luniversité_dété_du_RN_à_Fréjus_Cut_3380', 1, 'HAYANGE À VILLERS-COTTERÊTS'),
(754, 3, 'Discours_de_Marine_Le_Pen_en_clôture_de_luniversité_dété_du_RN_à_Fréjus_Cut_3386', 2, 'HÉNIN-BEAUMONT FRÉJUS'),
(755, 3, 'Discours_de_Marine_Le_Pen_en_clôture_de_luniversité_dété_du_RN_à_Fréjus_Cut_3393', 1, 'GESTION PAR DES'),
(756, 3, 'Discours_de_Marine_Le_Pen_en_clôture_de_luniversité_dété_du_RN_à_Fréjus_Cut_3390', 1, 'COMMENT MONTRER QUE LA'),
(757, 3, 'Discours_de_Marine_Le_Pen_en_clôture_de_luniversité_dété_du_RN_à_Fréjus_Cut_3407', 1, 'VIES SUR POUR TOUS'),
(758, 3, 'Discours_de_Marine_Le_Pen_en_clôture_de_luniversité_dété_du_RN_à_Fréjus_Cut_3430', 1, 'SAVONS LES ICI PÂLE N\'EST'),
(759, 3, 'Discours_de_Marine_Le_Pen_en_clôture_de_luniversité_dété_du_RN_à_Fréjus_Cut_3415', 2, 'SÉRIEUX ET D\'EFFICACITÉ DE'),
(760, 3, 'Discours_de_Marine_Le_Pen_en_clôture_de_luniversité_dété_du_RN_à_Fréjus_Cut_3421', 2, 'LA GESTION DANS CHACUNE DE'),
(761, 3, 'Discours_de_Marine_Le_Pen_en_clôture_de_luniversité_dété_du_RN_à_Fréjus_Cut_3424', 2, 'LEUR VILLE NOUS'),
(762, 3, 'Discours_de_Marine_Le_Pen_en_clôture_de_luniversité_dété_du_RN_à_Fréjus_Cut_3438', 1, 'PARLER DE CHOSES TRÈS'),
(763, 3, 'Discours_de_Marine_Le_Pen_en_clôture_de_luniversité_dété_du_RN_à_Fréjus_Cut_3441', 1, 'SÉRIEUSES ET PARFOIS'),
(764, 3, 'Discours_de_Marine_Le_Pen_en_clôture_de_luniversité_dété_du_RN_à_Fréjus_Cut_3447', 1, 'UN PEU DE VOUS POSER'),
(765, 3, 'Discours_de_Marine_Le_Pen_en_clôture_de_luniversité_dété_du_RN_à_Fréjus_Cut_3450', 2, 'UNE PETITE DEVINETTE'),
(766, 3, 'Discours_de_Marine_Le_Pen_en_clôture_de_luniversité_dété_du_RN_à_Fréjus_Cut_3460', 1, 'EMBAUCHES D\'EMPLOYÉS MUNICIPAUX'),
(767, 3, 'Discours_de_Marine_Le_Pen_en_clôture_de_luniversité_dété_du_RN_à_Fréjus_Cut_3466', 2, 'SUBVENTIONS AUX ASSOCIATIONS'),
(768, 3, 'Discours_de_Marine_Le_Pen_en_clôture_de_luniversité_dété_du_RN_à_Fréjus_Cut_3463', 3, 'À L\'AUGMENTATION DES'),
(769, 3, 'Discours_de_Marine_Le_Pen_en_clôture_de_luniversité_dété_du_RN_à_Fréjus_Cut_3457', 3, 'LES PANNEAUX DE À L\'EXPLOSION DES'),
(770, 3, 'Discours_de_Marine_Le_Pen_en_clôture_de_luniversité_dété_du_RN_à_Fréjus_Cut_3474', 1, 'C\'EST SOUVENT LE RÈGNE'),
(771, 3, 'Discours_de_Marine_Le_Pen_en_clôture_de_luniversité_dété_du_RN_à_Fréjus_Cut_3489', 1, 'CADEAUX À'),
(772, 3, 'Discours_de_Marine_Le_Pen_en_clôture_de_luniversité_dété_du_RN_à_Fréjus_Cut_3477', 1, 'DU CLIENTÉLISME LE'),
(773, 3, 'Discours_de_Marine_Le_Pen_en_clôture_de_luniversité_dété_du_RN_à_Fréjus_Cut_3492', 1, 'TOUT-VA UN LOGEMENT'),
(774, 3, 'Discours_de_Marine_Le_Pen_en_clôture_de_luniversité_dété_du_RN_à_Fréjus_Cut_3498', 1, 'CRÈCHE UN EMPLOI'),
(775, 3, 'Discours_de_Marine_Le_Pen_en_clôture_de_luniversité_dété_du_RN_à_Fréjus_Cut_3486', 2, 'TE VOIS AVEC DES'),
(776, 3, 'Discours_de_Marine_Le_Pen_en_clôture_de_luniversité_dété_du_RN_à_Fréjus_Cut_3528', 4, 'NOUS STIMULE MÈNERONT AVEC TOUT'),
(777, 3, 'Discours_de_Marine_Le_Pen_en_clôture_de_luniversité_dété_du_RN_à_Fréjus_Cut_3552', 1, 'POUR VILLE'),
(778, 3, 'Discours_de_Marine_Le_Pen_en_clôture_de_luniversité_dété_du_RN_à_Fréjus_Cut_3534', 1, 'AVEC NOUS LE DÉSIR'),
(779, 3, 'Discours_de_Marine_Le_Pen_en_clôture_de_luniversité_dété_du_RN_à_Fréjus_Cut_3540', 2, 'ET NATIONALE AVEC'),
(780, 3, 'Discours_de_Marine_Le_Pen_en_clôture_de_luniversité_dété_du_RN_à_Fréjus_Cut_3546', 2, 'TOUT CE CONSTRUIRE POUR'),
(781, 3, 'Discours_de_Marine_Le_Pen_en_clôture_de_luniversité_dété_du_RN_à_Fréjus_Cut_3537', 2, 'D\'UN RENOUVELLEMENT LOCALE'),
(782, 3, 'Discours_de_Marine_Le_Pen_en_clôture_de_luniversité_dété_du_RN_à_Fréjus_Cut_3570', 1, 'DE LA DROITE'),
(783, 3, 'Discours_de_Marine_Le_Pen_en_clôture_de_luniversité_dété_du_RN_à_Fréjus_Cut_3564', 1, 'ON AU'),
(784, 3, 'Discours_de_Marine_Le_Pen_en_clôture_de_luniversité_dété_du_RN_à_Fréjus_Cut_3599', 1, 'DANIEL PHILIPPOT DU'),
(785, 3, 'Discours_de_Marine_Le_Pen_en_clôture_de_luniversité_dété_du_RN_à_Fréjus_Cut_3602', 1, 'CNIP QUI CONDUIRA'),
(786, 3, 'Discours_de_Marine_Le_Pen_en_clôture_de_luniversité_dété_du_RN_à_Fréjus_Cut_3593', 2, 'DROITE JE'),
(787, 3, 'Discours_de_Marine_Le_Pen_en_clôture_de_luniversité_dété_du_RN_à_Fréjus_Cut_3590', 4, 'ILS VIENDRONT DE LA'),
(788, 3, 'Discours_de_Marine_Le_Pen_en_clôture_de_luniversité_dété_du_RN_à_Fréjus_Cut_3620', 1, 'DE SONT'),
(789, 3, 'Discours_de_Marine_Le_Pen_en_clôture_de_luniversité_dété_du_RN_à_Fréjus_Cut_3617', 2, 'PARCE QUE LES SOUVERAINISTES'),
(790, 3, 'Discours_de_Marine_Le_Pen_en_clôture_de_luniversité_dété_du_RN_à_Fréjus_Cut_3635', 1, 'DE LA SOCIÉTÉ'),
(791, 3, 'Discours_de_Marine_Le_Pen_en_clôture_de_luniversité_dété_du_RN_à_Fréjus_Cut_3612', 10, 'LES ALPES-MARITIMES VIENDRONT AUSSI DE'),
(792, 3, 'Discours_de_Marine_Le_Pen_en_clôture_de_luniversité_dété_du_RN_à_Fréjus_Cut_3632', 2, 'SELON L\'EXPRESSION CONSACRÉE'),
(793, 3, 'Discours_de_Marine_Le_Pen_en_clôture_de_luniversité_dété_du_RN_à_Fréjus_Cut_3654', 1, 'L\'ANCIEN MAJOR GÉNÉRAL'),
(794, 3, 'Discours_de_Marine_Le_Pen_en_clôture_de_luniversité_dété_du_RN_à_Fréjus_Cut_3657', 1, 'DE L\'ARMÉE DE'),
(795, 3, 'Discours_de_Marine_Le_Pen_en_clôture_de_luniversité_dété_du_RN_à_Fréjus_Cut_3629', 4, 'AUSSI D\'AILLEURS ILS VIENDRONT'),
(796, 3, 'Discours_de_Marine_Le_Pen_en_clôture_de_luniversité_dété_du_RN_à_Fréjus_Cut_3651', 3, 'COMME À CARPENTRAS AVEC'),
(797, 3, 'Discours_de_Marine_Le_Pen_en_clôture_de_luniversité_dété_du_RN_à_Fréjus_Cut_3671', 1, 'UNE LISTE DE RASSEMBLEMENT'),
(798, 3, 'Discours_de_Marine_Le_Pen_en_clôture_de_luniversité_dété_du_RN_à_Fréjus_Cut_3674', 1, 'QUE NOUS SOUTIENDRONS'),
(799, 3, 'Discours_de_Marine_Le_Pen_en_clôture_de_luniversité_dété_du_RN_à_Fréjus_Cut_3678', 3, 'BEAUCOUP AVEC'),
(800, 3, 'Discours_de_Marine_Le_Pen_en_clôture_de_luniversité_dété_du_RN_à_Fréjus_Cut_3687', 1, 'PROJET D\'UNITÉ'),
(801, 3, 'Discours_de_Marine_Le_Pen_en_clôture_de_luniversité_dété_du_RN_à_Fréjus_Cut_3690', 3, 'NATIONALE ET APRÈS'),
(802, 3, 'Discours_de_Marine_Le_Pen_en_clôture_de_luniversité_dété_du_RN_à_Fréjus_Cut_3684', 3, 'L\'UNION AVEC'),
(803, 3, 'Discours_de_Marine_Le_Pen_en_clôture_de_luniversité_dété_du_RN_à_Fréjus_Cut_3732', 1, 'BESOIN DE TOUTES'),
(804, 3, 'Discours_de_Marine_Le_Pen_en_clôture_de_luniversité_dété_du_RN_à_Fréjus_Cut_3713', 2, 'GRAVE LES FRANÇAIS'),
(805, 3, 'Discours_de_Marine_Le_Pen_en_clôture_de_luniversité_dété_du_RN_à_Fréjus_Cut_3720', 2, 'QUE LES ÉTIQUETTES'),
(806, 3, 'Discours_de_Marine_Le_Pen_en_clôture_de_luniversité_dété_du_RN_à_Fréjus_Cut_3701', 3, 'DES NATIONAUX GRAVE'),
(807, 3, 'Discours_de_Marine_Le_Pen_en_clôture_de_luniversité_dété_du_RN_à_Fréjus_Cut_3695', 2, 'LE PLUS NORMAL POUR'),
(808, 3, 'Discours_de_Marine_Le_Pen_en_clôture_de_luniversité_dété_du_RN_à_Fréjus_Cut_3726', 3, 'PEU RÉDUCTRICE QUE'),
(809, 3, 'Discours_de_Marine_Le_Pen_en_clôture_de_luniversité_dété_du_RN_à_Fréjus_Cut_3745', 1, 'LE REDRESSEMENT DE'),
(810, 3, 'Discours_de_Marine_Le_Pen_en_clôture_de_luniversité_dété_du_RN_à_Fréjus_Cut_3742', 1, 'AU COMBAT POUR'),
(811, 3, 'Discours_de_Marine_Le_Pen_en_clôture_de_luniversité_dété_du_RN_à_Fréjus_Cut_3739', 2, 'REJOINDRE ET À PARTICIPER'),
(812, 3, 'Discours_de_Marine_Le_Pen_en_clôture_de_luniversité_dété_du_RN_à_Fréjus_Cut_3754', 1, 'TELLEMENT D\'AILLEURS DES'),
(813, 3, 'Discours_de_Marine_Le_Pen_en_clôture_de_luniversité_dété_du_RN_à_Fréjus_Cut_3760', 1, 'SEULEMENT AVANT LES'),
(814, 3, 'Discours_de_Marine_Le_Pen_en_clôture_de_luniversité_dété_du_RN_à_Fréjus_Cut_3769', 1, 'L\'ÉLECTION A LIEU'),
(815, 3, 'Discours_de_Marine_Le_Pen_en_clôture_de_luniversité_dété_du_RN_à_Fréjus_Cut_3766', 2, 'N\'OUBLIONS PAS QUE'),
(816, 3, 'Discours_de_Marine_Le_Pen_en_clôture_de_luniversité_dété_du_RN_à_Fréjus_Cut_3763', 1, 'ÉLECTIONS MAIS PENDANT'),
(817, 3, 'Discours_de_Marine_Le_Pen_en_clôture_de_luniversité_dété_du_RN_à_Fréjus_Cut_3757', 2, 'APPLICATIONS NON PLUS'),
(818, 3, 'Discours_de_Marine_Le_Pen_en_clôture_de_luniversité_dété_du_RN_à_Fréjus_Cut_3783', 1, 'AU SECOND TOUR'),
(819, 3, 'Discours_de_Marine_Le_Pen_en_clôture_de_luniversité_dété_du_RN_à_Fréjus_Cut_3789', 2, 'POUR DÉMARCHE ÉVIDEMMENT'),
(820, 3, 'Discours_de_Marine_Le_Pen_en_clôture_de_luniversité_dété_du_RN_à_Fréjus_Cut_3780', 2, 'LISTE SONT PARFAITEMENT POSSIBLE'),
(821, 3, 'Discours_de_Marine_Le_Pen_en_clôture_de_luniversité_dété_du_RN_à_Fréjus_Cut_3797', 1, 'TU PEUX MARQUER UN'),
(822, 3, 'Discours_de_Marine_Le_Pen_en_clôture_de_luniversité_dété_du_RN_à_Fréjus_Cut_3803', 1, 'MARQUER UN TOURNANT'),
(823, 3, 'Discours_de_Marine_Le_Pen_en_clôture_de_luniversité_dété_du_RN_à_Fréjus_Cut_3800', 2, 'TOURNANT ELLE DOIT'),
(824, 3, 'Discours_de_Marine_Le_Pen_en_clôture_de_luniversité_dété_du_RN_à_Fréjus_Cut_3816', 2, 'DÉCONSTRUCTION NOUS L\'AVONS'),
(825, 3, 'Discours_de_Marine_Le_Pen_en_clôture_de_luniversité_dété_du_RN_à_Fréjus_Cut_3813', 1, 'UN PROCESSUS DE'),
(826, 3, 'Discours_de_Marine_Le_Pen_en_clôture_de_luniversité_dété_du_RN_à_Fréjus_Cut_3810', 2, 'OU PLUTÔT ACCÉLÉRER'),
(827, 3, 'Discours_de_Marine_Le_Pen_en_clôture_de_luniversité_dété_du_RN_à_Fréjus_Cut_3807', 3, 'L\'AIRE MACRON A INAUGURÉ'),
(828, 3, 'Discours_de_Marine_Le_Pen_en_clôture_de_luniversité_dété_du_RN_à_Fréjus_Cut_3830', 1, 'DANS UNE SOCIÉTÉ'),
(829, 3, 'Discours_de_Marine_Le_Pen_en_clôture_de_luniversité_dété_du_RN_à_Fréjus_Cut_3833', 1, 'QUE JE QUALIFIERAIS'),
(830, 3, 'Discours_de_Marine_Le_Pen_en_clôture_de_luniversité_dété_du_RN_à_Fréjus_Cut_3821', 1, 'TOUS LES REPÈRES'),
(831, 3, 'Discours_de_Marine_Le_Pen_en_clôture_de_luniversité_dété_du_RN_à_Fréjus_Cut_3827', 2, 'NOUS FAIT ENTRER'),
(832, 3, 'Discours_de_Marine_Le_Pen_en_clôture_de_luniversité_dété_du_RN_à_Fréjus_Cut_3858', 1, 'DE MANIÈRE AUTORITAIRE'),
(833, 3, 'Discours_de_Marine_Le_Pen_en_clôture_de_luniversité_dété_du_RN_à_Fréjus_Cut_3846', 1, 'PAS SÛR DE GARDER'),
(834, 3, 'Discours_de_Marine_Le_Pen_en_clôture_de_luniversité_dété_du_RN_à_Fréjus_Cut_3864', 1, 'SON ÂGE DE'),
(835, 3, 'Discours_de_Marine_Le_Pen_en_clôture_de_luniversité_dété_du_RN_à_Fréjus_Cut_3849', 2, 'SON TRAVAIL PAS'),
(836, 3, 'Discours_de_Marine_Le_Pen_en_clôture_de_luniversité_dété_du_RN_à_Fréjus_Cut_3861', 2, 'PAS SÛR DE'),
(837, 3, 'Discours_de_Marine_Le_Pen_en_clôture_de_luniversité_dété_du_RN_à_Fréjus_Cut_3887', 2, 'ET SAUF SORTIE EN FAMILLE'),
(838, 3, 'Discours_de_Marine_Le_Pen_en_clôture_de_luniversité_dété_du_RN_à_Fréjus_Cut_3881', 1, 'ENFANTS REVIENDRONT SAIN'),
(839, 3, 'Discours_de_Marine_Le_Pen_en_clôture_de_luniversité_dété_du_RN_à_Fréjus_Cut_3894', 1, 'TOUT EST PRÉCAIRE'),
(840, 3, 'Discours_de_Marine_Le_Pen_en_clôture_de_luniversité_dété_du_RN_à_Fréjus_Cut_3891', 2, 'UNE SOCIÉTÉ OÙ'),
(841, 3, 'Discours_de_Marine_Le_Pen_en_clôture_de_luniversité_dété_du_RN_à_Fréjus_Cut_3912', 1, 'POMPIERS LES URGENTISTES'),
(842, 3, 'Discours_de_Marine_Le_Pen_en_clôture_de_luniversité_dété_du_RN_à_Fréjus_Cut_3900', 2, 'SÉCURITÉ DE FRANÇAIS'),
(843, 3, 'Discours_de_Marine_Le_Pen_en_clôture_de_luniversité_dété_du_RN_à_Fréjus_Cut_3915', 2, 'LES MÉDECINS LES');
INSERT INTO `video_cut` (`id`, `id_video`, `nom`, `duree`, `mot`) VALUES
(844, 3, 'Discours_de_Marine_Le_Pen_en_clôture_de_luniversité_dété_du_RN_à_Fréjus_Cut_3920', 1, 'LES POLICIERS LES'),
(845, 3, 'Discours_de_Marine_Le_Pen_en_clôture_de_luniversité_dété_du_RN_à_Fréjus_Cut_3909', 3, 'QUOTIDIEN ELLE PHYSIQUE POUR LES'),
(846, 3, 'Discours_de_Marine_Le_Pen_en_clôture_de_luniversité_dété_du_RN_à_Fréjus_Cut_3926', 1, 'DE BUS LE'),
(847, 3, 'Discours_de_Marine_Le_Pen_en_clôture_de_luniversité_dété_du_RN_à_Fréjus_Cut_3941', 1, 'SÉCURITÉ SOCIALE'),
(848, 3, 'Discours_de_Marine_Le_Pen_en_clôture_de_luniversité_dété_du_RN_à_Fréjus_Cut_3944', 3, 'ET PSYCHOLOGIQUE MÊME'),
(849, 3, 'Discours_de_Marine_Le_Pen_en_clôture_de_luniversité_dété_du_RN_à_Fréjus_Cut_3954', 1, 'À VIVRE COMME L\'OISEAU'),
(850, 3, 'Discours_de_Marine_Le_Pen_en_clôture_de_luniversité_dété_du_RN_à_Fréjus_Cut_3963', 2, 'CONSTANTE REGARDE DE'),
(851, 3, 'Discours_de_Marine_Le_Pen_en_clôture_de_luniversité_dété_du_RN_à_Fréjus_Cut_3960', 2, 'QUI PEUR'),
(852, 3, 'Discours_de_Marine_Le_Pen_en_clôture_de_luniversité_dété_du_RN_à_Fréjus_Cut_3979', 1, 'EST LA CERTITUDE'),
(853, 3, 'Discours_de_Marine_Le_Pen_en_clôture_de_luniversité_dété_du_RN_à_Fréjus_Cut_3985', 1, 'POSE DES LIMITES'),
(854, 3, 'Discours_de_Marine_Le_Pen_en_clôture_de_luniversité_dété_du_RN_à_Fréjus_Cut_3982', 2, 'D\'UNE POLITIQUE QUI'),
(855, 3, 'Discours_de_Marine_Le_Pen_en_clôture_de_luniversité_dété_du_RN_à_Fréjus_Cut_3988', 3, 'DES RÈGLES DES'),
(856, 3, 'Discours_de_Marine_Le_Pen_en_clôture_de_luniversité_dété_du_RN_à_Fréjus_Cut_3991', 2, 'DROITS DES GARANTIES'),
(857, 3, 'Discours_de_Marine_Le_Pen_en_clôture_de_luniversité_dété_du_RN_à_Fréjus_Cut_4003', 1, 'À L\'ÉCHELON LOCAL'),
(858, 3, 'Discours_de_Marine_Le_Pen_en_clôture_de_luniversité_dété_du_RN_à_Fréjus_Cut_4015', 1, 'SUR LEQUEL LE'),
(859, 3, 'Discours_de_Marine_Le_Pen_en_clôture_de_luniversité_dété_du_RN_à_Fréjus_Cut_3997', 1, 'IL SERA DEMAIN À'),
(860, 3, 'Discours_de_Marine_Le_Pen_en_clôture_de_luniversité_dété_du_RN_à_Fréjus_Cut_4012', 4, 'LE FORCE DE ET DE FRATERNITÉ'),
(861, 3, 'Discours_de_Marine_Le_Pen_en_clôture_de_luniversité_dété_du_RN_à_Fréjus_Cut_4041', 1, 'DU DE NOS AÏEUX'),
(862, 3, 'Discours_de_Marine_Le_Pen_en_clôture_de_luniversité_dété_du_RN_à_Fréjus_Cut_4044', 1, 'QUI N\'EST RIEN'),
(863, 3, 'Discours_de_Marine_Le_Pen_en_clôture_de_luniversité_dété_du_RN_à_Fréjus_Cut_4029', 2, 'ROCHER SUR LEQUEL LA'),
(864, 3, 'Discours_de_Marine_Le_Pen_en_clôture_de_luniversité_dété_du_RN_à_Fréjus_Cut_4020', 3, 'SERA POSSIBLE NOTRE PROJET'),
(865, 3, 'Discours_de_Marine_Le_Pen_en_clôture_de_luniversité_dété_du_RN_à_Fréjus_Cut_4035', 2, 'FRANCE EST SUR CETTE TERRE'),
(866, 3, 'Discours_de_Marine_Le_Pen_en_clôture_de_luniversité_dété_du_RN_à_Fréjus_Cut_4054', 2, 'NOM LA FRANCE'),
(867, 3, 'Discours_de_Marine_Le_Pen_en_clôture_de_luniversité_dété_du_RN_à_Fréjus_Cut_4057', 2, 'NOTRE AMBITION LA'),
(868, 3, 'Discours_de_Marine_Le_Pen_en_clôture_de_luniversité_dété_du_RN_à_Fréjus_Cut_4051', 4, 'NOTRE CERTITUDE PORTE UN'),
(869, 3, 'Discours_de_Marine_Le_Pen_en_clôture_de_luniversité_dété_du_RN_à_Fréjus_Cut_4064', 1, 'ET DE VALEURS'),
(870, 3, 'Discours_de_Marine_Le_Pen_en_clôture_de_luniversité_dété_du_RN_à_Fréjus_Cut_4073', 1, 'TOUS LES FRANÇAIS'),
(871, 3, 'Discours_de_Marine_Le_Pen_en_clôture_de_luniversité_dété_du_RN_à_Fréjus_Cut_4067', 1, 'QUE NOUS RASSEMBLERONT'),
(872, 3, 'Discours_de_Marine_Le_Pen_en_clôture_de_luniversité_dété_du_RN_à_Fréjus_Cut_4070', 1, 'LES NÔTRES C\'EST-À-DIRE'),
(873, 3, 'Discours_de_Marine_Le_Pen_en_clôture_de_luniversité_dété_du_RN_à_Fréjus_Cut_4083', 2, 'POUR NOTRE PAYS'),
(874, 3, 'Discours_de_Marine_Le_Pen_en_clôture_de_luniversité_dété_du_RN_à_Fréjus_Cut_4080', 3, 'ENSEMBLE POUR NOTRE PEUPLE'),
(875, 3, 'Discours_de_Marine_Le_Pen_en_clôture_de_luniversité_dété_du_RN_à_Fréjus_Cut_4109', 1, 'N\'ONT PAS PU'),
(876, 3, 'Discours_de_Marine_Le_Pen_en_clôture_de_luniversité_dété_du_RN_à_Fréjus_Cut_4100', 1, 'NOM D\'ADRESSER UN'),
(877, 3, 'Discours_de_Marine_Le_Pen_en_clôture_de_luniversité_dété_du_RN_à_Fréjus_Cut_4118', 1, 'SONT DEHORS EN'),
(878, 3, 'Discours_de_Marine_Le_Pen_en_clôture_de_luniversité_dété_du_RN_à_Fréjus_Cut_4106', 1, '200 PERSONNES QUI'),
(879, 3, 'Discours_de_Marine_Le_Pen_en_clôture_de_luniversité_dété_du_RN_à_Fréjus_Cut_4097', 2, 'PERMETTEZ-MOI EN VOTRE'),
(880, 3, 'Discours_de_Marine_Le_Pen_en_clôture_de_luniversité_dété_du_RN_à_Fréjus_Cut_4103', 2, 'SALUT FRATERNEL AU'),
(881, 3, 'Discours_de_Marine_Le_Pen_en_clôture_de_luniversité_dété_du_RN_à_Fréjus_Cut_4125', 1, 'LA RETRANSMISSION DE CET'),
(882, 4, 'George_W._Bush_cries_delivering_eulogy_for_his_father,_George_H.W._Bush_Full_Eulogy_Cut_6', 1, 'SAID OF MAN'),
(883, 4, 'George_W._Bush_cries_delivering_eulogy_for_his_father,_George_H.W._Bush_Full_Eulogy_Cut_3', 1, 'I ONCE HEARD IT'),
(884, 4, 'George_W._Bush_cries_delivering_eulogy_for_his_father,_George_H.W._Bush_Full_Eulogy_Cut_9', 1, 'THAT THE IDEA'),
(885, 4, 'George_W._Bush_cries_delivering_eulogy_for_his_father,_George_H.W._Bush_Full_Eulogy_Cut_25', 1, 'HIS BOAT THE'),
(886, 4, 'George_W._Bush_cries_delivering_eulogy_for_his_father,_George_H.W._Bush_Full_Eulogy_Cut_13', 2, 'AT AGE 85 A'),
(887, 4, 'George_W._Bush_cries_delivering_eulogy_for_his_father,_George_H.W._Bush_Full_Eulogy_Cut_16', 1, 'FAVORITE PASTIME OF'),
(888, 4, 'George_W._Bush_cries_delivering_eulogy_for_his_father,_George_H.W._Bush_Full_Eulogy_Cut_22', 3, 'GEORGE WAS FIRING UP'),
(889, 4, 'George_W._Bush_cries_delivering_eulogy_for_his_father,_George_H.W._Bush_Full_Eulogy_Cut_36', 1, 'ENGINES TO FLY'),
(890, 4, 'George_W._Bush_cries_delivering_eulogy_for_his_father,_George_H.W._Bush_Full_Eulogy_Cut_39', 2, 'FLY ACROSS'),
(891, 4, 'George_W._Bush_cries_delivering_eulogy_for_his_father,_George_H.W._Bush_Full_Eulogy_Cut_49', 1, 'TO KEEP UP'),
(892, 4, 'George_W._Bush_cries_delivering_eulogy_for_his_father,_George_H.W._Bush_Full_Eulogy_Cut_33', 3, 'OPENING UP 300 HORSEPOWER'),
(893, 4, 'George_W._Bush_cries_delivering_eulogy_for_his_father,_George_H.W._Bush_Full_Eulogy_Cut_56', 1, 'BY THE SEA IN'),
(894, 4, 'George_W._Bush_cries_delivering_eulogy_for_his_father,_George_H.W._Bush_Full_Eulogy_Cut_71', 1, 'IN CASE THE'),
(895, 4, 'George_W._Bush_cries_delivering_eulogy_for_his_father,_George_H.W._Bush_Full_Eulogy_Cut_65', 1, 'SAY HE CHOSE'),
(896, 4, 'George_W._Bush_cries_delivering_eulogy_for_his_father,_George_H.W._Bush_Full_Eulogy_Cut_62', 1, 'I WOULD LIKE TO'),
(897, 4, 'George_W._Bush_cries_delivering_eulogy_for_his_father,_George_H.W._Bush_Full_Eulogy_Cut_68', 1, 'LOCATION JUST'),
(898, 4, 'George_W._Bush_cries_delivering_eulogy_for_his_father,_George_H.W._Bush_Full_Eulogy_Cut_81', 1, 'HIS HOSPITAL'),
(899, 4, 'George_W._Bush_cries_delivering_eulogy_for_his_father,_George_H.W._Bush_Full_Eulogy_Cut_89', 2, 'HIS VERY DAYS LIFE'),
(900, 4, 'George_W._Bush_cries_delivering_eulogy_for_his_father,_George_H.W._Bush_Full_Eulogy_Cut_95', 1, 'AND WHEN THE GOOD'),
(901, 4, 'George_W._Bush_cries_delivering_eulogy_for_his_father,_George_H.W._Bush_Full_Eulogy_Cut_104', 2, 'HOW TO WITH COURAGE'),
(902, 4, 'George_W._Bush_cries_delivering_eulogy_for_his_father,_George_H.W._Bush_Full_Eulogy_Cut_110', 1, 'JOY OF THE'),
(903, 4, 'George_W._Bush_cries_delivering_eulogy_for_his_father,_George_H.W._Bush_Full_Eulogy_Cut_98', 1, 'LORD FINALLY CALLED'),
(904, 4, 'George_W._Bush_cries_delivering_eulogy_for_his_father,_George_H.W._Bush_Full_Eulogy_Cut_113', 1, 'PROMISE OF WHAT'),
(905, 4, 'George_W._Bush_cries_delivering_eulogy_for_his_father,_George_H.W._Bush_Full_Eulogy_Cut_107', 2, 'AND WITH THE'),
(906, 4, 'George_W._Bush_cries_delivering_eulogy_for_his_father,_George_H.W._Bush_Full_Eulogy_Cut_122', 1, 'KNEW HOW DIE YOUNG AS'),
(907, 4, 'George_W._Bush_cries_delivering_eulogy_for_his_father,_George_H.W._Bush_Full_Eulogy_Cut_134', 1, 'WAS THE PACIFIC'),
(908, 4, 'George_W._Bush_cries_delivering_eulogy_for_his_father,_George_H.W._Bush_Full_Eulogy_Cut_142', 2, 'IT TURNED OUT'),
(909, 4, 'George_W._Bush_cries_delivering_eulogy_for_his_father,_George_H.W._Bush_Full_Eulogy_Cut_148', 1, 'PLANS FOR GEORGE'),
(910, 4, 'George_W._Bush_cries_delivering_eulogy_for_his_father,_George_H.W._Bush_Full_Eulogy_Cut_154', 1, 'THE GIFT OF LIFE'),
(911, 4, 'George_W._Bush_cries_delivering_eulogy_for_his_father,_George_H.W._Bush_Full_Eulogy_Cut_161', 1, 'BUSY TO SHARE'),
(912, 4, 'George_W._Bush_cries_delivering_eulogy_for_his_father,_George_H.W._Bush_Full_Eulogy_Cut_167', 1, 'LIFE WITH THOSE'),
(913, 4, 'George_W._Bush_cries_delivering_eulogy_for_his_father,_George_H.W._Bush_Full_Eulogy_Cut_158', 2, 'BUT NEVER TOO'),
(914, 4, 'George_W._Bush_cries_delivering_eulogy_for_his_father,_George_H.W._Bush_Full_Eulogy_Cut_176', 2, 'HE FLUSH A CUBBY'),
(915, 4, 'George_W._Bush_cries_delivering_eulogy_for_his_father,_George_H.W._Bush_Full_Eulogy_Cut_198', 1, 'OF THE ATLANTIC'),
(916, 4, 'George_W._Bush_cries_delivering_eulogy_for_his_father,_George_H.W._Bush_Full_Eulogy_Cut_192', 1, 'AT WALKERS POINT'),
(917, 4, 'George_W._Bush_cries_delivering_eulogy_for_his_father,_George_H.W._Bush_Full_Eulogy_Cut_186', 2, 'FAVORITE PERCH ON'),
(918, 4, 'George_W._Bush_cries_delivering_eulogy_for_his_father,_George_H.W._Bush_Full_Eulogy_Cut_183', 2, 'WHEELCHAIR HE HIS'),
(919, 4, 'George_W._Bush_cries_delivering_eulogy_for_his_father,_George_H.W._Bush_Full_Eulogy_Cut_195', 2, 'CONTEMPLATING THE MAJESTY'),
(920, 4, 'George_W._Bush_cries_delivering_eulogy_for_his_father,_George_H.W._Bush_Full_Eulogy_Cut_215', 1, 'ANYTHING WAS POSSIBLE'),
(921, 4, 'George_W._Bush_cries_delivering_eulogy_for_his_father,_George_H.W._Bush_Full_Eulogy_Cut_212', 1, 'US THAT'),
(922, 4, 'George_W._Bush_cries_delivering_eulogy_for_his_father,_George_H.W._Bush_Full_Eulogy_Cut_237', 1, 'WAR II BROKE'),
(923, 4, 'George_W._Bush_cries_delivering_eulogy_for_his_father,_George_H.W._Bush_Full_Eulogy_Cut_228', 1, 'HOLD AND BECAME'),
(924, 4, 'George_W._Bush_cries_delivering_eulogy_for_his_father,_George_H.W._Bush_Full_Eulogy_Cut_231', 1, 'A NAVY FIGHTER'),
(925, 4, 'George_W._Bush_cries_delivering_eulogy_for_his_father,_George_H.W._Bush_Full_Eulogy_Cut_225', 1, 'HIGH SCHOOL PUT COLLEGE ON'),
(926, 4, 'George_W._Bush_cries_delivering_eulogy_for_his_father,_George_H.W._Bush_Full_Eulogy_Cut_234', 1, 'PILOT AS WORLD'),
(927, 4, 'George_W._Bush_cries_delivering_eulogy_for_his_father,_George_H.W._Bush_Full_Eulogy_Cut_219', 2, 'A PATRIOT AFTER'),
(928, 4, 'George_W._Bush_cries_delivering_eulogy_for_his_father,_George_H.W._Bush_Full_Eulogy_Cut_242', 2, 'GENERATION HE NEVER TALKED'),
(929, 4, 'George_W._Bush_cries_delivering_eulogy_for_his_father,_George_H.W._Bush_Full_Eulogy_Cut_245', 1, 'ABOUT HIS SERVICE'),
(930, 4, 'George_W._Bush_cries_delivering_eulogy_for_his_father,_George_H.W._Bush_Full_Eulogy_Cut_249', 3, 'THE MISSION COMPLETED THE'),
(931, 4, 'George_W._Bush_cries_delivering_eulogy_for_his_father,_George_H.W._Bush_Full_Eulogy_Cut_261', 1, 'ODESSA TEXAS'),
(932, 4, 'George_W._Bush_cries_delivering_eulogy_for_his_father,_George_H.W._Bush_Full_Eulogy_Cut_280', 1, 'SHARED A BATHROOM'),
(933, 4, 'George_W._Bush_cries_delivering_eulogy_for_his_father,_George_H.W._Bush_Full_Eulogy_Cut_277', 1, 'MOM AND I'),
(934, 4, 'George_W._Bush_cries_delivering_eulogy_for_his_father,_George_H.W._Bush_Full_Eulogy_Cut_265', 1, 'AFTER ALL HE WAS'),
(935, 4, 'George_W._Bush_cries_delivering_eulogy_for_his_father,_George_H.W._Bush_Full_Eulogy_Cut_271', 2, 'KIND TO THE WOMEN'),
(936, 4, 'George_W._Bush_cries_delivering_eulogy_for_his_father,_George_H.W._Bush_Full_Eulogy_Cut_283', 1, 'IN OUR SMALL'),
(937, 4, 'George_W._Bush_cries_delivering_eulogy_for_his_father,_George_H.W._Bush_Full_Eulogy_Cut_288', 1, 'LADIES OF THE NIGHT'),
(938, 4, 'George_W._Bush_cries_delivering_eulogy_for_his_father,_George_H.W._Bush_Full_Eulogy_Cut_295', 2, 'PEDIGREE AND HE'),
(939, 4, 'George_W._Bush_cries_delivering_eulogy_for_his_father,_George_H.W._Bush_Full_Eulogy_Cut_307', 2, 'EACH PERSON AND'),
(940, 4, 'George_W._Bush_cries_delivering_eulogy_for_his_father,_George_H.W._Bush_Full_Eulogy_Cut_292', 2, 'HE CHARACTER OVER'),
(941, 4, 'George_W._Bush_cries_delivering_eulogy_for_his_father,_George_H.W._Bush_Full_Eulogy_Cut_304', 3, 'WAS NO LOOK THE GOOD IN'),
(942, 4, 'George_W._Bush_cries_delivering_eulogy_for_his_father,_George_H.W._Bush_Full_Eulogy_Cut_330', 1, 'TRUE TO THE'),
(943, 4, 'George_W._Bush_cries_delivering_eulogy_for_his_father,_George_H.W._Bush_Full_Eulogy_Cut_327', 2, 'INTEGRITY AND HOLD'),
(944, 4, 'George_W._Bush_cries_delivering_eulogy_for_his_father,_George_H.W._Bush_Full_Eulogy_Cut_321', 4, 'CITY NOBLE NECESSARY THAT ONE'),
(945, 4, 'George_W._Bush_cries_delivering_eulogy_for_his_father,_George_H.W._Bush_Full_Eulogy_Cut_335', 1, 'FAITH AND FAMILY'),
(946, 4, 'George_W._Bush_cries_delivering_eulogy_for_his_father,_George_H.W._Bush_Full_Eulogy_Cut_339', 2, 'HE SERVING'),
(947, 4, 'George_W._Bush_cries_delivering_eulogy_for_his_father,_George_H.W._Bush_Full_Eulogy_Cut_352', 1, 'IS PART OF'),
(948, 4, 'George_W._Bush_cries_delivering_eulogy_for_his_father,_George_H.W._Bush_Full_Eulogy_Cut_355', 1, 'LIVING A FULL'),
(949, 4, 'George_W._Bush_cries_delivering_eulogy_for_his_father,_George_H.W._Bush_Full_Eulogy_Cut_363', 1, 'COMPARE WITH'),
(950, 4, 'George_W._Bush_cries_delivering_eulogy_for_his_father,_George_H.W._Bush_Full_Eulogy_Cut_360', 1, 'NONE OF DISAPPOINTMENTS'),
(951, 4, 'George_W._Bush_cries_delivering_eulogy_for_his_father,_George_H.W._Bush_Full_Eulogy_Cut_369', 2, 'GREATEST TRAGEDIES THE'),
(952, 4, 'George_W._Bush_cries_delivering_eulogy_for_his_father,_George_H.W._Bush_Full_Eulogy_Cut_381', 1, 'REMEMBER THE PAIN'),
(953, 4, 'George_W._Bush_cries_delivering_eulogy_for_his_father,_George_H.W._Bush_Full_Eulogy_Cut_384', 1, 'AND AGONY HE'),
(954, 4, 'George_W._Bush_cries_delivering_eulogy_for_his_father,_George_H.W._Bush_Full_Eulogy_Cut_387', 1, 'AND MOM FELT'),
(955, 4, 'George_W._Bush_cries_delivering_eulogy_for_his_father,_George_H.W._Bush_Full_Eulogy_Cut_396', 1, 'A MAN OF QUIET'),
(956, 4, 'George_W._Bush_cries_delivering_eulogy_for_his_father,_George_H.W._Bush_Full_Eulogy_Cut_399', 1, 'FAITH FOR'),
(957, 4, 'George_W._Bush_cries_delivering_eulogy_for_his_father,_George_H.W._Bush_Full_Eulogy_Cut_408', 1, 'ONE DAY HE'),
(958, 4, 'George_W._Bush_cries_delivering_eulogy_for_his_father,_George_H.W._Bush_Full_Eulogy_Cut_414', 1, 'PRECIOUS AGAIN'),
(959, 4, 'George_W._Bush_cries_delivering_eulogy_for_his_father,_George_H.W._Bush_Full_Eulogy_Cut_405', 1, 'DAD ALWAYS THAT'),
(960, 4, 'George_W._Bush_cries_delivering_eulogy_for_his_father,_George_H.W._Bush_Full_Eulogy_Cut_420', 1, 'SO I CHOSE SIMPSON'),
(961, 4, 'George_W._Bush_cries_delivering_eulogy_for_his_father,_George_H.W._Bush_Full_Eulogy_Cut_432', 1, 'FRIENDS WITH WHOM'),
(962, 4, 'George_W._Bush_cries_delivering_eulogy_for_his_father,_George_H.W._Bush_Full_Eulogy_Cut_443', 1, 'JOKE WAS CLASSIC'),
(963, 4, 'George_W._Bush_cries_delivering_eulogy_for_his_father,_George_H.W._Bush_Full_Eulogy_Cut_449', 1, 'GEORGE BUSH HOW'),
(964, 4, 'George_W._Bush_cries_delivering_eulogy_for_his_father,_George_H.W._Bush_Full_Eulogy_Cut_469', 2, 'OR SYMPATHIZING HIS FRIENDS'),
(965, 4, 'George_W._Bush_cries_delivering_eulogy_for_his_father,_George_H.W._Bush_Full_Eulogy_Cut_463', 3, 'THEY\'RE JUST ENCOURAGING'),
(966, 4, 'George_W._Bush_cries_delivering_eulogy_for_his_father,_George_H.W._Bush_Full_Eulogy_Cut_477', 1, 'HE WAS THEIR FRIEND'),
(967, 4, 'George_W._Bush_cries_delivering_eulogy_for_his_father,_George_H.W._Bush_Full_Eulogy_Cut_484', 1, 'ALL THE MAN'),
(968, 4, 'George_W._Bush_cries_delivering_eulogy_for_his_father,_George_H.W._Bush_Full_Eulogy_Cut_481', 1, 'THE UNLIKELIEST OF'),
(969, 4, 'George_W._Bush_cries_delivering_eulogy_for_his_father,_George_H.W._Bush_Full_Eulogy_Cut_487', 1, 'WHO DEFEATED HIM'),
(970, 4, 'George_W._Bush_cries_delivering_eulogy_for_his_father,_George_H.W._Bush_Full_Eulogy_Cut_502', 1, 'BE HE'),
(971, 4, 'George_W._Bush_cries_delivering_eulogy_for_his_father,_George_H.W._Bush_Full_Eulogy_Cut_505', 1, 'PLAYED GOLF AT'),
(972, 4, 'George_W._Bush_cries_delivering_eulogy_for_his_father,_George_H.W._Bush_Full_Eulogy_Cut_508', 1, 'A LEGENDARY PACE'),
(973, 4, 'George_W._Bush_cries_delivering_eulogy_for_his_father,_George_H.W._Bush_Full_Eulogy_Cut_515', 1, 'I INSISTED ON'),
(974, 4, 'George_W._Bush_cries_delivering_eulogy_for_his_father,_George_H.W._Bush_Full_Eulogy_Cut_512', 1, 'I WAS WONDERING WHY'),
(975, 4, 'George_W._Bush_cries_delivering_eulogy_for_his_father,_George_H.W._Bush_Full_Eulogy_Cut_521', 1, 'A GOLFER'),
(976, 4, 'George_W._Bush_cries_delivering_eulogy_for_his_father,_George_H.W._Bush_Full_Eulogy_Cut_525', 1, 'ENJOY THE'),
(977, 4, 'George_W._Bush_cries_delivering_eulogy_for_his_father,_George_H.W._Bush_Full_Eulogy_Cut_534', 1, 'HIS ENORMOUS ENERGY'),
(978, 4, 'George_W._Bush_cries_delivering_eulogy_for_his_father,_George_H.W._Bush_Full_Eulogy_Cut_531', 2, 'DAY TO EXPAND'),
(979, 4, 'George_W._Bush_cries_delivering_eulogy_for_his_father,_George_H.W._Bush_Full_Eulogy_Cut_552', 1, 'ALWAYS RESPONDED WITH'),
(980, 4, 'George_W._Bush_cries_delivering_eulogy_for_his_father,_George_H.W._Bush_Full_Eulogy_Cut_558', 2, 'GREAT OF UNCONDITIONAL LOVE'),
(981, 4, 'George_W._Bush_cries_delivering_eulogy_for_his_father,_George_H.W._Bush_Full_Eulogy_Cut_571', 1, 'CAN HEAR YOU'),
(982, 4, 'George_W._Bush_cries_delivering_eulogy_for_his_father,_George_H.W._Bush_Full_Eulogy_Cut_568', 1, 'I THINK HE'),
(983, 4, 'George_W._Bush_cries_delivering_eulogy_for_his_father,_George_H.W._Bush_Full_Eulogy_Cut_562', 1, 'THE GUY ANSWERED THE'),
(984, 4, 'George_W._Bush_cries_delivering_eulogy_for_his_father,_George_H.W._Bush_Full_Eulogy_Cut_565', 1, 'PHONE SAID HE'),
(985, 4, 'George_W._Bush_cries_delivering_eulogy_for_his_father,_George_H.W._Bush_Full_Eulogy_Cut_580', 2, 'BUT HE SAID ANYTHING MOST OF THE'),
(986, 4, 'George_W._Bush_cries_delivering_eulogy_for_his_father,_George_H.W._Bush_Full_Eulogy_Cut_591', 1, 'A FATHER'),
(987, 4, 'George_W._Bush_cries_delivering_eulogy_for_his_father,_George_H.W._Bush_Full_Eulogy_Cut_604', 1, 'SHORT GAME WAS'),
(988, 4, 'George_W._Bush_cries_delivering_eulogy_for_his_father,_George_H.W._Bush_Full_Eulogy_Cut_598', 2, 'PERFECT BUT NOT'),
(989, 4, 'George_W._Bush_cries_delivering_eulogy_for_his_father,_George_H.W._Bush_Full_Eulogy_Cut_601', 2, 'TOTALLY PERFECT HIS'),
(990, 4, 'George_W._Bush_cries_delivering_eulogy_for_his_father,_George_H.W._Bush_Full_Eulogy_Cut_609', 1, 'WANT EXACTLY FRED'),
(991, 4, 'George_W._Bush_cries_delivering_eulogy_for_his_father,_George_H.W._Bush_Full_Eulogy_Cut_612', 1, 'ASTAIRE ON THE'),
(992, 4, 'George_W._Bush_cries_delivering_eulogy_for_his_father,_George_H.W._Bush_Full_Eulogy_Cut_621', 1, 'HE PASSED THESE'),
(993, 4, 'George_W._Bush_cries_delivering_eulogy_for_his_father,_George_H.W._Bush_Full_Eulogy_Cut_618', 4, 'AND BY THE WAY'),
(994, 4, 'George_W._Bush_cries_delivering_eulogy_for_his_father,_George_H.W._Bush_Full_Eulogy_Cut_634', 1, 'DAD TAUGHT US'),
(995, 4, 'George_W._Bush_cries_delivering_eulogy_for_his_father,_George_H.W._Bush_Full_Eulogy_Cut_631', 1, 'I HAVE A YEARS OF MARRIAGE'),
(996, 4, 'George_W._Bush_cries_delivering_eulogy_for_his_father,_George_H.W._Bush_Full_Eulogy_Cut_643', 1, 'A GREAT HUSBAND'),
(997, 4, 'George_W._Bush_cries_delivering_eulogy_for_his_father,_George_H.W._Bush_Full_Eulogy_Cut_637', 1, 'ALL WHAT IT'),
(998, 4, 'George_W._Bush_cries_delivering_eulogy_for_his_father,_George_H.W._Bush_Full_Eulogy_Cut_660', 1, 'WAS DEDICATED TO'),
(999, 4, 'George_W._Bush_cries_delivering_eulogy_for_his_father,_George_H.W._Bush_Full_Eulogy_Cut_652', 5, 'HE MARRIED SWEETHEART ORDER HE LAUGHED'),
(1000, 4, 'George_W._Bush_cries_delivering_eulogy_for_his_father,_George_H.W._Bush_Full_Eulogy_Cut_657', 1, 'WITH HE'),
(1001, 4, 'George_W._Bush_cries_delivering_eulogy_for_his_father,_George_H.W._Bush_Full_Eulogy_Cut_669', 1, 'THE WHILE HOLDING'),
(1002, 4, 'George_W._Bush_cries_delivering_eulogy_for_his_father,_George_H.W._Bush_Full_Eulogy_Cut_666', 3, 'HIGH ALL'),
(1003, 4, 'George_W._Bush_cries_delivering_eulogy_for_his_father,_George_H.W._Bush_Full_Eulogy_Cut_685', 1, 'KIDS WITH COURAGE AND'),
(1004, 4, 'George_W._Bush_cries_delivering_eulogy_for_his_father,_George_H.W._Bush_Full_Eulogy_Cut_694', 2, 'LOVE THE CITIZENS'),
(1005, 4, 'George_W._Bush_cries_delivering_eulogy_for_his_father,_George_H.W._Bush_Full_Eulogy_Cut_707', 1, 'THE UNITED STATES'),
(1006, 4, 'George_W._Bush_cries_delivering_eulogy_for_his_father,_George_H.W._Bush_Full_Eulogy_Cut_704', 1, 'GREAT PRESIDENT OF'),
(1007, 4, 'George_W._Bush_cries_delivering_eulogy_for_his_father,_George_H.W._Bush_Full_Eulogy_Cut_701', 2, 'BUSH WAS A'),
(1008, 4, 'George_W._Bush_cries_delivering_eulogy_for_his_father,_George_H.W._Bush_Full_Eulogy_Cut_723', 1, 'DIGNITY AND HONOR'),
(1009, 4, 'George_W._Bush_cries_delivering_eulogy_for_his_father,_George_H.W._Bush_Full_Eulogy_Cut_720', 1, 'OFFICE WITH'),
(1010, 4, 'George_W._Bush_cries_delivering_eulogy_for_his_father,_George_H.W._Bush_Full_Eulogy_Cut_727', 1, 'PRESIDENT OF THE'),
(1011, 4, 'George_W._Bush_cries_delivering_eulogy_for_his_father,_George_H.W._Bush_Full_Eulogy_Cut_714', 3, 'ACCOMPLISHMENT GENTLEMAN WHO EXECUTED'),
(1012, 4, 'George_W._Bush_cries_delivering_eulogy_for_his_father,_George_H.W._Bush_Full_Eulogy_Cut_730', 1, 'UNITED STATES SAID'),
(1013, 4, 'George_W._Bush_cries_delivering_eulogy_for_his_father,_George_H.W._Bush_Full_Eulogy_Cut_753', 1, 'CITIZEN WHO LEAVES'),
(1014, 4, 'George_W._Bush_cries_delivering_eulogy_for_his_father,_George_H.W._Bush_Full_Eulogy_Cut_747', 2, 'LOYAL FRIEND A'),
(1015, 4, 'George_W._Bush_cries_delivering_eulogy_for_his_father,_George_H.W._Bush_Full_Eulogy_Cut_750', 2, 'LOVING PARENT A'),
(1016, 4, 'George_W._Bush_cries_delivering_eulogy_for_his_father,_George_H.W._Bush_Full_Eulogy_Cut_768', 1, 'WHAT DO WE WANT'),
(1017, 4, 'George_W._Bush_cries_delivering_eulogy_for_his_father,_George_H.W._Bush_Full_Eulogy_Cut_777', 1, 'WITH US TO'),
(1018, 4, 'George_W._Bush_cries_delivering_eulogy_for_his_father,_George_H.W._Bush_Full_Eulogy_Cut_783', 1, 'WHEN ARE NO LONGER'),
(1019, 4, 'George_W._Bush_cries_delivering_eulogy_for_his_father,_George_H.W._Bush_Full_Eulogy_Cut_791', 1, 'TO ASK IF'),
(1020, 4, 'George_W._Bush_cries_delivering_eulogy_for_his_father,_George_H.W._Bush_Full_Eulogy_Cut_803', 1, 'MOMENT TO'),
(1021, 4, 'George_W._Bush_cries_delivering_eulogy_for_his_father,_George_H.W._Bush_Full_Eulogy_Cut_800', 1, 'AND A'),
(1022, 4, 'George_W._Bush_cries_delivering_eulogy_for_his_father,_George_H.W._Bush_Full_Eulogy_Cut_830', 1, 'STAY WITH US'),
(1023, 4, 'George_W._Bush_cries_delivering_eulogy_for_his_father,_George_H.W._Bush_Full_Eulogy_Cut_818', 1, 'AND WE\'RE GOING'),
(1024, 4, 'George_W._Bush_cries_delivering_eulogy_for_his_father,_George_H.W._Bush_Full_Eulogy_Cut_812', 2, 'YOU FOR EXACTLY THAT'),
(1025, 4, 'George_W._Bush_cries_delivering_eulogy_for_his_father,_George_H.W._Bush_Full_Eulogy_Cut_824', 2, 'YOUR DECENCY SINCERITY'),
(1026, 4, 'George_W._Bush_cries_delivering_eulogy_for_his_father,_George_H.W._Bush_Full_Eulogy_Cut_838', 1, 'LET US KNOW'),
(1027, 4, 'George_W._Bush_cries_delivering_eulogy_for_his_father,_George_H.W._Bush_Full_Eulogy_Cut_850', 1, 'AND NOBLE MAN'),
(1028, 4, 'George_W._Bush_cries_delivering_eulogy_for_his_father,_George_H.W._Bush_Full_Eulogy_Cut_835', 1, 'WHO TEARS'),
(1029, 4, 'George_W._Bush_cries_delivering_eulogy_for_his_father,_George_H.W._Bush_Full_Eulogy_Cut_854', 1, 'AND OUR GRIEF'),
(1030, 4, 'George_W._Bush_cries_delivering_eulogy_for_his_father,_George_H.W._Bush_Full_Eulogy_Cut_841', 2, 'THE BLESSINGS OF'),
(1031, 4, 'George_W._Bush_cries_delivering_eulogy_for_his_father,_George_H.W._Bush_Full_Eulogy_Cut_860', 2, 'SMILE KNOWING THAT DAD'),
(1032, 5, 'Gilets_jaunes_-_réécoutez_lintégralité_du_discours_dEmmanuel_Macron_Cut_9', 1, 'L\'HEXAGONE ET AUTRES'),
(1033, 5, 'Gilets_jaunes_-_réécoutez_lintégralité_du_discours_dEmmanuel_Macron_Cut_3', 1, 'LES ÉVÉNEMENTS DE CES'),
(1034, 5, 'Gilets_jaunes_-_réécoutez_lintégralité_du_discours_dEmmanuel_Macron_Cut_6', 1, 'DERNIÈRES SEMAINES DANS'),
(1035, 5, 'Gilets_jaunes_-_réécoutez_lintégralité_du_discours_dEmmanuel_Macron_Cut_19', 1, 'ET UN ENCHAÎNEMENT DE'),
(1036, 5, 'Gilets_jaunes_-_réécoutez_lintégralité_du_discours_dEmmanuel_Macron_Cut_40', 1, 'COLÈRES POUR'),
(1037, 5, 'Gilets_jaunes_-_réécoutez_lintégralité_du_discours_dEmmanuel_Macron_Cut_34', 1, 'QUI ONT ESSAYÉ'),
(1038, 5, 'Gilets_jaunes_-_réécoutez_lintégralité_du_discours_dEmmanuel_Macron_Cut_31', 1, 'JEU DES OPPORTUNISTES'),
(1039, 5, 'Gilets_jaunes_-_réécoutez_lintégralité_du_discours_dEmmanuel_Macron_Cut_28', 2, 'TOUS VU LE'),
(1040, 5, 'Gilets_jaunes_-_réécoutez_lintégralité_du_discours_dEmmanuel_Macron_Cut_37', 1, 'DE PROFITER DES'),
(1041, 5, 'Gilets_jaunes_-_réécoutez_lintégralité_du_discours_dEmmanuel_Macron_Cut_25', 2, 'QU\'UNE INDULGENCE NOUS AVONS'),
(1042, 5, 'Gilets_jaunes_-_réécoutez_lintégralité_du_discours_dEmmanuel_Macron_Cut_63', 2, 'DÉSORDRE ET L\'ANARCHIE'),
(1043, 5, 'Gilets_jaunes_-_réécoutez_lintégralité_du_discours_dEmmanuel_Macron_Cut_73', 2, 'UN POLICIER UN'),
(1044, 5, 'Gilets_jaunes_-_réécoutez_lintégralité_du_discours_dEmmanuel_Macron_Cut_89', 1, 'PARCE QUE CHACUN'),
(1045, 5, 'Gilets_jaunes_-_réécoutez_lintégralité_du_discours_dEmmanuel_Macron_Cut_92', 1, 'PEUT EXPRIMER SES'),
(1046, 5, 'Gilets_jaunes_-_réécoutez_lintégralité_du_discours_dEmmanuel_Macron_Cut_67', 3, 'AUCUNE COLÈRE NE JUSTIFIE'),
(1047, 5, 'Gilets_jaunes_-_réécoutez_lintégralité_du_discours_dEmmanuel_Macron_Cut_86', 3, 'NOTRE LIBERTÉ N\'EXISTE QUE'),
(1048, 5, 'Gilets_jaunes_-_réécoutez_lintégralité_du_discours_dEmmanuel_Macron_Cut_124', 1, 'NE SE CONSTRUIRE'),
(1049, 5, 'Gilets_jaunes_-_réécoutez_lintégralité_du_discours_dEmmanuel_Macron_Cut_127', 1, 'À DE DURABLE'),
(1050, 5, 'Gilets_jaunes_-_réécoutez_lintégralité_du_discours_dEmmanuel_Macron_Cut_112', 2, 'ET QUI'),
(1051, 5, 'Gilets_jaunes_-_réécoutez_lintégralité_du_discours_dEmmanuel_Macron_Cut_115', 2, 'DOIVENT NOUS'),
(1052, 5, 'Gilets_jaunes_-_réécoutez_lintégralité_du_discours_dEmmanuel_Macron_Cut_118', 1, 'METTRONS TOUS LES'),
(1053, 5, 'Gilets_jaunes_-_réécoutez_lintégralité_du_discours_dEmmanuel_Macron_Cut_140', 1, 'AU DÉBUT DE TOUT'),
(1054, 5, 'Gilets_jaunes_-_réécoutez_lintégralité_du_discours_dEmmanuel_Macron_Cut_148', 1, 'DE FRANÇAIS PEUVENT'),
(1055, 5, 'Gilets_jaunes_-_réécoutez_lintégralité_du_discours_dEmmanuel_Macron_Cut_145', 2, 'BEAUCOUP D\'ENTRE NOUS BEAUCOUP'),
(1056, 5, 'Gilets_jaunes_-_réécoutez_lintégralité_du_discours_dEmmanuel_Macron_Cut_161', 2, 'PROCHAINE MAIS CETTE'),
(1057, 5, 'Gilets_jaunes_-_réécoutez_lintégralité_du_discours_dEmmanuel_Macron_Cut_191', 1, 'GARDER LES ENFANTS'),
(1058, 5, 'Gilets_jaunes_-_réécoutez_lintégralité_du_discours_dEmmanuel_Macron_Cut_170', 1, 'CELLE DE LA MÈRE'),
(1059, 5, 'Gilets_jaunes_-_réécoutez_lintégralité_du_discours_dEmmanuel_Macron_Cut_194', 1, 'ET SES'),
(1060, 5, 'Gilets_jaunes_-_réécoutez_lintégralité_du_discours_dEmmanuel_Macron_Cut_176', 1, 'VEUF OU DIVORCÉ'),
(1061, 5, 'Gilets_jaunes_-_réécoutez_lintégralité_du_discours_dEmmanuel_Macron_Cut_173', 1, 'DE FAMILLE CÉLIBATAIRE'),
(1062, 5, 'Gilets_jaunes_-_réécoutez_lintégralité_du_discours_dEmmanuel_Macron_Cut_182', 2, 'QUI NE MÊME PLUS QUI'),
(1063, 5, 'Gilets_jaunes_-_réécoutez_lintégralité_du_discours_dEmmanuel_Macron_Cut_221', 1, 'AN ENFANTS'),
(1064, 5, 'Gilets_jaunes_-_réécoutez_lintégralité_du_discours_dEmmanuel_Macron_Cut_215', 2, 'LEUR VIE À'),
(1065, 5, 'Gilets_jaunes_-_réécoutez_lintégralité_du_discours_dEmmanuel_Macron_Cut_209', 2, 'QUI ONT CONTRIBUÉ TOUTE'),
(1066, 5, 'Gilets_jaunes_-_réécoutez_lintégralité_du_discours_dEmmanuel_Macron_Cut_239', 1, 'N\'EST PAS ENCORE'),
(1067, 5, 'Gilets_jaunes_-_réécoutez_lintégralité_du_discours_dEmmanuel_Macron_Cut_230', 1, 'SITUATION DE HANDICAP'),
(1068, 5, 'Gilets_jaunes_-_réécoutez_lintégralité_du_discours_dEmmanuel_Macron_Cut_233', 2, 'DANS LA PLACE'),
(1069, 5, 'Gilets_jaunes_-_réécoutez_lintégralité_du_discours_dEmmanuel_Macron_Cut_251', 1, 'Y HABITUER ET'),
(1070, 5, 'Gilets_jaunes_-_réécoutez_lintégralité_du_discours_dEmmanuel_Macron_Cut_245', 1, 'MAIS NOUS AVIONS FINI'),
(1071, 5, 'Gilets_jaunes_-_réécoutez_lintégralité_du_discours_dEmmanuel_Macron_Cut_254', 1, 'AU FOND TOUT'),
(1072, 5, 'Gilets_jaunes_-_réécoutez_lintégralité_du_discours_dEmmanuel_Macron_Cut_257', 1, 'SE PASSAIT COMME'),
(1073, 5, 'Gilets_jaunes_-_réécoutez_lintégralité_du_discours_dEmmanuel_Macron_Cut_248', 3, 'LÂCHEMENT PAR NOUS'),
(1074, 5, 'Gilets_jaunes_-_réécoutez_lintégralité_du_discours_dEmmanuel_Macron_Cut_268', 1, 'LES SERVICES PUBLICS'),
(1075, 5, 'Gilets_jaunes_-_réécoutez_lintégralité_du_discours_dEmmanuel_Macron_Cut_283', 1, 'DÉVELOPPE LE SENTIMENT'),
(1076, 5, 'Gilets_jaunes_-_réécoutez_lintégralité_du_discours_dEmmanuel_Macron_Cut_277', 1, 'VIE DISPARAÎTRE MALAISE'),
(1077, 5, 'Gilets_jaunes_-_réécoutez_lintégralité_du_discours_dEmmanuel_Macron_Cut_265', 1, 'QUARTIER VOIT'),
(1078, 5, 'Gilets_jaunes_-_réécoutez_lintégralité_du_discours_dEmmanuel_Macron_Cut_271', 1, 'SE RÉDUIRE ET'),
(1079, 5, 'Gilets_jaunes_-_réécoutez_lintégralité_du_discours_dEmmanuel_Macron_Cut_289', 2, 'ÊTRE ENTENDU MALAISE'),
(1080, 5, 'Gilets_jaunes_-_réécoutez_lintégralité_du_discours_dEmmanuel_Macron_Cut_320', 1, 'QUE J\'AVAIS D\'AUTRES PRIORITÉS'),
(1081, 5, 'Gilets_jaunes_-_réécoutez_lintégralité_du_discours_dEmmanuel_Macron_Cut_327', 1, 'CLAIR AVEC VOUS'),
(1082, 5, 'Gilets_jaunes_-_réécoutez_lintégralité_du_discours_dEmmanuel_Macron_Cut_324', 2, 'SOIR ÊTRE TRÈS'),
(1083, 5, 'Gilets_jaunes_-_réécoutez_lintégralité_du_discours_dEmmanuel_Macron_Cut_340', 1, 'NOTRE PAYS ET'),
(1084, 5, 'Gilets_jaunes_-_réécoutez_lintégralité_du_discours_dEmmanuel_Macron_Cut_337', 1, 'QUE TOUT DANS'),
(1085, 5, 'Gilets_jaunes_-_réécoutez_lintégralité_du_discours_dEmmanuel_Macron_Cut_331', 2, 'C\'EST PRÉCISÉMENT PARCE QUE'),
(1086, 5, 'Gilets_jaunes_-_réécoutez_lintégralité_du_discours_dEmmanuel_Macron_Cut_347', 1, 'JE QUE'),
(1087, 5, 'Gilets_jaunes_-_réécoutez_lintégralité_du_discours_dEmmanuel_Macron_Cut_380', 1, 'DE D\'OUVRIR'),
(1088, 5, 'Gilets_jaunes_-_réécoutez_lintégralité_du_discours_dEmmanuel_Macron_Cut_356', 2, 'PROFONDÉMENT QUE NOUS POUVONS'),
(1089, 5, 'Gilets_jaunes_-_réécoutez_lintégralité_du_discours_dEmmanuel_Macron_Cut_365', 2, 'TOUS ENSEMBLE JE'),
(1090, 5, 'Gilets_jaunes_-_réécoutez_lintégralité_du_discours_dEmmanuel_Macron_Cut_371', 1, 'LA FRANCE PARCE'),
(1091, 5, 'Gilets_jaunes_-_réécoutez_lintégralité_du_discours_dEmmanuel_Macron_Cut_362', 1, 'TROUVER UNE POUR EN SORTIR'),
(1092, 5, 'Gilets_jaunes_-_réécoutez_lintégralité_du_discours_dEmmanuel_Macron_Cut_377', 1, 'VOCATION AU TRAVERS'),
(1093, 5, 'Gilets_jaunes_-_réécoutez_lintégralité_du_discours_dEmmanuel_Macron_Cut_387', 1, 'POUR NOUS-MÊMES ET'),
(1094, 5, 'Gilets_jaunes_-_réécoutez_lintégralité_du_discours_dEmmanuel_Macron_Cut_439', 1, 'QUE JE ME SUIS'),
(1095, 5, 'Gilets_jaunes_-_réécoutez_lintégralité_du_discours_dEmmanuel_Macron_Cut_442', 1, 'PRÉSENTÉ À VOTRE'),
(1096, 5, 'Gilets_jaunes_-_réécoutez_lintégralité_du_discours_dEmmanuel_Macron_Cut_419', 1, 'VENIR UN'),
(1097, 5, 'Gilets_jaunes_-_réécoutez_lintégralité_du_discours_dEmmanuel_Macron_Cut_445', 2, 'SUFFRAGE POUR RÉCONCILIER'),
(1098, 5, 'Gilets_jaunes_-_réécoutez_lintégralité_du_discours_dEmmanuel_Macron_Cut_451', 2, 'C\'EST D\'ABORD L\'ÉTAT D\'URGENCE'),
(1099, 5, 'Gilets_jaunes_-_réécoutez_lintégralité_du_discours_dEmmanuel_Macron_Cut_457', 2, 'ET QUE JE VEUX'),
(1100, 5, 'Gilets_jaunes_-_réécoutez_lintégralité_du_discours_dEmmanuel_Macron_Cut_484', 1, 'ÉCOLE DES UNIVERSITÉS'),
(1101, 5, 'Gilets_jaunes_-_réécoutez_lintégralité_du_discours_dEmmanuel_Macron_Cut_472', 3, 'TRAVAIL UNE NOS ENFANTS MIEUX QUE NOUS'),
(1102, 5, 'Gilets_jaunes_-_réécoutez_lintégralité_du_discours_dEmmanuel_Macron_Cut_463', 1, 'FRANCE DU DU'),
(1103, 5, 'Gilets_jaunes_-_réécoutez_lintégralité_du_discours_dEmmanuel_Macron_Cut_496', 1, 'PLUS JEUNE AU MOINS'),
(1104, 5, 'Gilets_jaunes_-_réécoutez_lintégralité_du_discours_dEmmanuel_Macron_Cut_515', 1, 'FRANCE OÙ L\'ON'),
(1105, 5, 'Gilets_jaunes_-_réécoutez_lintégralité_du_discours_dEmmanuel_Macron_Cut_518', 1, 'PEUT VIVRE DIGNEMENT'),
(1106, 5, 'Gilets_jaunes_-_réécoutez_lintégralité_du_discours_dEmmanuel_Macron_Cut_512', 2, 'NOUS VOULONS UNE'),
(1107, 5, 'Gilets_jaunes_-_réécoutez_lintégralité_du_discours_dEmmanuel_Macron_Cut_559', 1, 'AU SMIC AUGMENTE'),
(1108, 5, 'Gilets_jaunes_-_réécoutez_lintégralité_du_discours_dEmmanuel_Macron_Cut_525', 2, 'JE VEUX INTERVENIR VITE'),
(1109, 5, 'Gilets_jaunes_-_réécoutez_lintégralité_du_discours_dEmmanuel_Macron_Cut_528', 1, 'ET CONCRÈTEMENT SUR'),
(1110, 5, 'Gilets_jaunes_-_réécoutez_lintégralité_du_discours_dEmmanuel_Macron_Cut_568', 3, 'PAR MOIS 2019 SANS QU\'IL'),
(1111, 5, 'Gilets_jaunes_-_réécoutez_lintégralité_du_discours_dEmmanuel_Macron_Cut_583', 1, 'UNE IDÉE JUSTE'),
(1112, 5, 'Gilets_jaunes_-_réécoutez_lintégralité_du_discours_dEmmanuel_Macron_Cut_580', 1, 'JE VEUX RENOUER AVEC'),
(1113, 5, 'Gilets_jaunes_-_réécoutez_lintégralité_du_discours_dEmmanuel_Macron_Cut_595', 2, 'DE LES'),
(1114, 5, 'Gilets_jaunes_-_réécoutez_lintégralité_du_discours_dEmmanuel_Macron_Cut_586', 1, 'QUE LE SURCROÎT'),
(1115, 5, 'Gilets_jaunes_-_réécoutez_lintégralité_du_discours_dEmmanuel_Macron_Cut_601', 1, 'VERSÉES SANS IMPÔTS'),
(1116, 5, 'Gilets_jaunes_-_réécoutez_lintégralité_du_discours_dEmmanuel_Macron_Cut_629', 1, 'PRIME DE FIN'),
(1117, 5, 'Gilets_jaunes_-_réécoutez_lintégralité_du_discours_dEmmanuel_Macron_Cut_626', 1, 'PEUVENT DE VERSER UNE'),
(1118, 5, 'Gilets_jaunes_-_réécoutez_lintégralité_du_discours_dEmmanuel_Macron_Cut_635', 2, 'D\'ANNÉE ALORS ET PRIME'),
(1119, 5, 'Gilets_jaunes_-_réécoutez_lintégralité_du_discours_dEmmanuel_Macron_Cut_658', 1, 'QUI MOINS DE 2000'),
(1120, 5, 'Gilets_jaunes_-_réécoutez_lintégralité_du_discours_dEmmanuel_Macron_Cut_646', 2, 'LES RETRAITÉS CONSTITUENT UNE'),
(1121, 5, 'Gilets_jaunes_-_réécoutez_lintégralité_du_discours_dEmmanuel_Macron_Cut_652', 3, 'PARTIE NOTRE NATION POUR'),
(1122, 5, 'Gilets_jaunes_-_réécoutez_lintégralité_du_discours_dEmmanuel_Macron_Cut_678', 1, 'SES DÉCISIONS AU'),
(1123, 5, 'Gilets_jaunes_-_réécoutez_lintégralité_du_discours_dEmmanuel_Macron_Cut_675', 1, 'L\'ENSEMBLE DE'),
(1124, 5, 'Gilets_jaunes_-_réécoutez_lintégralité_du_discours_dEmmanuel_Macron_Cut_683', 1, 'FORTUNE ET AIDE LA'),
(1125, 5, 'Gilets_jaunes_-_réécoutez_lintégralité_du_discours_dEmmanuel_Macron_Cut_715', 1, 'LA RÉFORME DE'),
(1126, 5, 'Gilets_jaunes_-_réécoutez_lintégralité_du_discours_dEmmanuel_Macron_Cut_701', 2, 'CETTE SEMAINE JE'),
(1127, 5, 'Gilets_jaunes_-_réécoutez_lintégralité_du_discours_dEmmanuel_Macron_Cut_689', 2, 'JE RÉUNIR'),
(1128, 5, 'Gilets_jaunes_-_réécoutez_lintégralité_du_discours_dEmmanuel_Macron_Cut_721', 2, 'FORTUNE MAIS PENDANT'),
(1129, 5, 'Gilets_jaunes_-_réécoutez_lintégralité_du_discours_dEmmanuel_Macron_Cut_760', 1, 'AIDE À CRÉER'),
(1130, 5, 'Gilets_jaunes_-_réécoutez_lintégralité_du_discours_dEmmanuel_Macron_Cut_757', 2, 'NOTRE ÉCONOMIE ET DONC'),
(1131, 5, 'Gilets_jaunes_-_réécoutez_lintégralité_du_discours_dEmmanuel_Macron_Cut_738', 3, 'PAYS S\'AFFAIBLISSAIT CONFORMÉMENT'),
(1132, 5, 'Gilets_jaunes_-_réécoutez_lintégralité_du_discours_dEmmanuel_Macron_Cut_778', 1, 'DE RECRÉER DES'),
(1133, 5, 'Gilets_jaunes_-_réécoutez_lintégralité_du_discours_dEmmanuel_Macron_Cut_769', 1, 'AFFAIBLIR ET ALORS'),
(1134, 5, 'Gilets_jaunes_-_réécoutez_lintégralité_du_discours_dEmmanuel_Macron_Cut_781', 1, 'EMPLOIS DANS TOUS'),
(1135, 5, 'Gilets_jaunes_-_réécoutez_lintégralité_du_discours_dEmmanuel_Macron_Cut_821', 1, 'QUI FONT DU'),
(1136, 5, 'Gilets_jaunes_-_réécoutez_lintégralité_du_discours_dEmmanuel_Macron_Cut_827', 1, 'C\'EST LA'),
(1137, 5, 'Gilets_jaunes_-_réécoutez_lintégralité_du_discours_dEmmanuel_Macron_Cut_818', 1, 'ET LES GRANDES ENTREPRISES'),
(1138, 5, 'Gilets_jaunes_-_réécoutez_lintégralité_du_discours_dEmmanuel_Macron_Cut_842', 1, 'PAR UNE MEILLEURE'),
(1139, 5, 'Gilets_jaunes_-_réécoutez_lintégralité_du_discours_dEmmanuel_Macron_Cut_839', 1, 'D\'IMPÔTS PLUS RAPIDE'),
(1140, 5, 'Gilets_jaunes_-_réécoutez_lintégralité_du_discours_dEmmanuel_Macron_Cut_856', 1, 'TRANSFORMATIONS DE NOTRE'),
(1141, 5, 'Gilets_jaunes_-_réécoutez_lintégralité_du_discours_dEmmanuel_Macron_Cut_862', 1, 'PEUPLE A CHOISI'),
(1142, 5, 'Gilets_jaunes_-_réécoutez_lintégralité_du_discours_dEmmanuel_Macron_Cut_836', 2, 'PAR DES MESURES PAR DES BAISSES'),
(1143, 5, 'Gilets_jaunes_-_réécoutez_lintégralité_du_discours_dEmmanuel_Macron_Cut_882', 1, 'L\'INDEMNISATION DU CHÔMAGE'),
(1144, 5, 'Gilets_jaunes_-_réécoutez_lintégralité_du_discours_dEmmanuel_Macron_Cut_879', 1, 'DE DE'),
(1145, 5, 'Gilets_jaunes_-_réécoutez_lintégralité_du_discours_dEmmanuel_Macron_Cut_891', 2, 'VOULONS DES RÈGLES'),
(1146, 5, 'Gilets_jaunes_-_réécoutez_lintégralité_du_discours_dEmmanuel_Macron_Cut_906', 1, 'POUR LA FRANCE ET'),
(1147, 5, 'Gilets_jaunes_-_réécoutez_lintégralité_du_discours_dEmmanuel_Macron_Cut_902', 3, 'LECLERC ET QUI CEUX QUI TRAVAILLENT'),
(1148, 5, 'Gilets_jaunes_-_réécoutez_lintégralité_du_discours_dEmmanuel_Macron_Cut_912', 2, 'NOUS DEVONS AVANT TOUTE'),
(1149, 5, 'Gilets_jaunes_-_réécoutez_lintégralité_du_discours_dEmmanuel_Macron_Cut_918', 1, 'ENSEMBLE TOUS NOS'),
(1150, 5, 'Gilets_jaunes_-_réécoutez_lintégralité_du_discours_dEmmanuel_Macron_Cut_930', 1, 'D\'APPRENDRE POUR'),
(1151, 5, 'Gilets_jaunes_-_réécoutez_lintégralité_du_discours_dEmmanuel_Macron_Cut_936', 1, 'LE DEVOIR'),
(1152, 5, 'Gilets_jaunes_-_réécoutez_lintégralité_du_discours_dEmmanuel_Macron_Cut_915', 3, 'CHOSE ASSUMER TOUS'),
(1153, 5, 'Gilets_jaunes_-_réécoutez_lintégralité_du_discours_dEmmanuel_Macron_Cut_924', 3, 'DEVOIRS DE PRODUIRE POUR'),
(1154, 5, 'Gilets_jaunes_-_réécoutez_lintégralité_du_discours_dEmmanuel_Macron_Cut_984', 2, 'D\'OPINION MIEUX ENTENDU'),
(1155, 5, 'Gilets_jaunes_-_réécoutez_lintégralité_du_discours_dEmmanuel_Macron_Cut_1011', 1, 'DES CITOYENS N\'APPARTENANT'),
(1156, 5, 'Gilets_jaunes_-_réécoutez_lintégralité_du_discours_dEmmanuel_Macron_Cut_978', 2, 'PRÉSENTATION LA POSSIBILITÉ DE'),
(1157, 5, 'Gilets_jaunes_-_réécoutez_lintégralité_du_discours_dEmmanuel_Macron_Cut_1008', 1, 'À PARTICIPER AU DÉBAT'),
(1158, 5, 'Gilets_jaunes_-_réécoutez_lintégralité_du_discours_dEmmanuel_Macron_Cut_1028', 1, 'DE NOTRE QUOTIDIEN'),
(1159, 5, 'Gilets_jaunes_-_réécoutez_lintégralité_du_discours_dEmmanuel_Macron_Cut_1031', 1, 'POUR FAIRE FACE'),
(1160, 5, 'Gilets_jaunes_-_réécoutez_lintégralité_du_discours_dEmmanuel_Macron_Cut_1050', 1, 'AUSSI DU TERRAIN'),
(1161, 5, 'Gilets_jaunes_-_réécoutez_lintégralité_du_discours_dEmmanuel_Macron_Cut_1059', 1, 'LA QUESTION DE'),
(1162, 5, 'Gilets_jaunes_-_réécoutez_lintégralité_du_discours_dEmmanuel_Macron_Cut_1053', 1, 'JE VEUX QUE'),
(1163, 5, 'Gilets_jaunes_-_réécoutez_lintégralité_du_discours_dEmmanuel_Macron_Cut_1047', 1, 'ET JE RENTRE'),
(1164, 5, 'Gilets_jaunes_-_réécoutez_lintégralité_du_discours_dEmmanuel_Macron_Cut_1090', 1, 'TOUS NOS TERRITOIRES'),
(1165, 5, 'Gilets_jaunes_-_réécoutez_lintégralité_du_discours_dEmmanuel_Macron_Cut_1078', 1, 'TROP DEPUIS'),
(1166, 5, 'Gilets_jaunes_-_réécoutez_lintégralité_du_discours_dEmmanuel_Macron_Cut_1097', 1, 'ELLE-MÊME SUR CE'),
(1167, 5, 'Gilets_jaunes_-_réécoutez_lintégralité_du_discours_dEmmanuel_Macron_Cut_1094', 2, 'D\'ACCORD LA AVEC'),
(1168, 5, 'Gilets_jaunes_-_réécoutez_lintégralité_du_discours_dEmmanuel_Macron_Cut_1100', 1, 'QU\'EST SON IDENTITÉ'),
(1169, 5, 'Gilets_jaunes_-_réécoutez_lintégralité_du_discours_dEmmanuel_Macron_Cut_1105', 1, 'IL ME FAUT L\'AFFRONTER'),
(1170, 5, 'Gilets_jaunes_-_réécoutez_lintégralité_du_discours_dEmmanuel_Macron_Cut_1118', 1, 'CHACUN IL Y'),
(1171, 5, 'Gilets_jaunes_-_réécoutez_lintégralité_du_discours_dEmmanuel_Macron_Cut_1109', 1, 'IL DEVRA SE DÉROULER'),
(1172, 5, 'Gilets_jaunes_-_réécoutez_lintégralité_du_discours_dEmmanuel_Macron_Cut_1115', 2, 'DANS NOS INSTITUTIONS'),
(1173, 5, 'Gilets_jaunes_-_réécoutez_lintégralité_du_discours_dEmmanuel_Macron_Cut_1124', 4, 'GOUVERNEMENT PARTENAIRES'),
(1174, 5, 'Gilets_jaunes_-_réécoutez_lintégralité_du_discours_dEmmanuel_Macron_Cut_1134', 1, 'METS UN TEL DÉBAT'),
(1175, 5, 'Gilets_jaunes_-_réécoutez_lintégralité_du_discours_dEmmanuel_Macron_Cut_1137', 1, 'N\'EST PAS SEULEMENT'),
(1176, 5, 'Gilets_jaunes_-_réécoutez_lintégralité_du_discours_dEmmanuel_Macron_Cut_1149', 1, 'PARTOUT SUR LE'),
(1177, 5, 'Gilets_jaunes_-_réécoutez_lintégralité_du_discours_dEmmanuel_Macron_Cut_1164', 1, 'LES DEMANDÉ'),
(1178, 5, 'Gilets_jaunes_-_réécoutez_lintégralité_du_discours_dEmmanuel_Macron_Cut_1130', 3, 'VOUS AUREZ VOTRE PART'),
(1179, 5, 'Gilets_jaunes_-_réécoutez_lintégralité_du_discours_dEmmanuel_Macron_Cut_1179', 1, 'MOI-MÊME LES MAIRES'),
(1180, 5, 'Gilets_jaunes_-_réécoutez_lintégralité_du_discours_dEmmanuel_Macron_Cut_1188', 1, 'BÂTIR LE SOCLE'),
(1181, 5, 'Gilets_jaunes_-_réécoutez_lintégralité_du_discours_dEmmanuel_Macron_Cut_1194', 1, 'CONTRAT POUR LA'),
(1182, 5, 'Gilets_jaunes_-_réécoutez_lintégralité_du_discours_dEmmanuel_Macron_Cut_1199', 1, 'NE PAS'),
(1183, 5, 'Gilets_jaunes_-_réécoutez_lintégralité_du_discours_dEmmanuel_Macron_Cut_1205', 1, 'DE NOS VIES'),
(1184, 5, 'Gilets_jaunes_-_réécoutez_lintégralité_du_discours_dEmmanuel_Macron_Cut_1176', 2, 'C\'EST POURQUOI JE RENCONTRERAI'),
(1185, 5, 'Gilets_jaunes_-_réécoutez_lintégralité_du_discours_dEmmanuel_Macron_Cut_1220', 1, 'POUR VOUS RENDRE COMPTE'),
(1186, 5, 'Gilets_jaunes_-_réécoutez_lintégralité_du_discours_dEmmanuel_Macron_Cut_1224', 1, 'C\'EST POUR LA FRANCE'),
(1187, 6, 'REPLAY_-_Emmanuel_Macron_aux_funérailles_nationales_de_Béji_Caïd_Essebsi_Cut_6', 2, 'LES MESSIEURS LES CHEFS'),
(1188, 6, 'REPLAY_-_Emmanuel_Macron_aux_funérailles_nationales_de_Béji_Caïd_Essebsi_Cut_12', 2, 'GOUVERNEMENT MESDAMES'),
(1189, 6, 'REPLAY_-_Emmanuel_Macron_aux_funérailles_nationales_de_Béji_Caïd_Essebsi_Cut_35', 1, 'DONT LE DESTIN'),
(1190, 6, 'REPLAY_-_Emmanuel_Macron_aux_funérailles_nationales_de_Béji_Caïd_Essebsi_Cut_23', 1, 'EN CE JOUR'),
(1191, 6, 'REPLAY_-_Emmanuel_Macron_aux_funérailles_nationales_de_Béji_Caïd_Essebsi_Cut_20', 2, 'LE 25 JUILLET DERNIER'),
(1192, 6, 'REPLAY_-_Emmanuel_Macron_aux_funérailles_nationales_de_Béji_Caïd_Essebsi_Cut_32', 2, 'RÉPUBLIQUE ET LUI'),
(1193, 6, 'REPLAY_-_Emmanuel_Macron_aux_funérailles_nationales_de_Béji_Caïd_Essebsi_Cut_44', 2, 'L\'AFFECTION LE'),
(1194, 6, 'REPLAY_-_Emmanuel_Macron_aux_funérailles_nationales_de_Béji_Caïd_Essebsi_Cut_49', 3, 'DIRE AUSSI NOTRE ADMIRATION'),
(1195, 6, 'REPLAY_-_Emmanuel_Macron_aux_funérailles_nationales_de_Béji_Caïd_Essebsi_Cut_55', 1, 'MAIS IL Y A'),
(1196, 6, 'REPLAY_-_Emmanuel_Macron_aux_funérailles_nationales_de_Béji_Caïd_Essebsi_Cut_61', 1, 'DIGNITÉ D\'UN PEUPLE'),
(1197, 6, 'REPLAY_-_Emmanuel_Macron_aux_funérailles_nationales_de_Béji_Caïd_Essebsi_Cut_79', 2, 'QUI FAIT MINISTRE DE'),
(1198, 6, 'REPLAY_-_Emmanuel_Macron_aux_funérailles_nationales_de_Béji_Caïd_Essebsi_Cut_73', 3, 'C\'EST ENGAGEMENT DESTOURIEN CELUI'),
(1199, 6, 'REPLAY_-_Emmanuel_Macron_aux_funérailles_nationales_de_Béji_Caïd_Essebsi_Cut_106', 2, 'DÉCENNIES UN HOMME DE'),
(1200, 6, 'REPLAY_-_Emmanuel_Macron_aux_funérailles_nationales_de_Béji_Caïd_Essebsi_Cut_94', 1, 'X PRÉSIDENT DE LA'),
(1201, 6, 'REPLAY_-_Emmanuel_Macron_aux_funérailles_nationales_de_Béji_Caïd_Essebsi_Cut_100', 2, 'CHAMBRE QUI CES DERNIÈRES'),
(1202, 6, 'REPLAY_-_Emmanuel_Macron_aux_funérailles_nationales_de_Béji_Caïd_Essebsi_Cut_109', 2, 'COMBAT DE CONQUÊTE'),
(1203, 6, 'REPLAY_-_Emmanuel_Macron_aux_funérailles_nationales_de_Béji_Caïd_Essebsi_Cut_134', 1, 'HONORIS CAUSA DE'),
(1204, 6, 'REPLAY_-_Emmanuel_Macron_aux_funérailles_nationales_de_Béji_Caïd_Essebsi_Cut_131', 2, 'PLUS TARD DOCTEUR'),
(1205, 6, 'REPLAY_-_Emmanuel_Macron_aux_funérailles_nationales_de_Béji_Caïd_Essebsi_Cut_113', 2, 'QUI PARFOIS CONDUIT'),
(1206, 6, 'REPLAY_-_Emmanuel_Macron_aux_funérailles_nationales_de_Béji_Caïd_Essebsi_Cut_119', 2, 'DÉMISSIONNÉ PARCE QU\'IL'),
(1207, 6, 'REPLAY_-_Emmanuel_Macron_aux_funérailles_nationales_de_Béji_Caïd_Essebsi_Cut_128', 3, 'DE LA PLUSIEURS DÉCENNIES'),
(1208, 6, 'REPLAY_-_Emmanuel_Macron_aux_funérailles_nationales_de_Béji_Caïd_Essebsi_Cut_153', 2, 'FILIALE SI VOUS M\'AUTORISEZ'),
(1209, 6, 'REPLAY_-_Emmanuel_Macron_aux_funérailles_nationales_de_Béji_Caïd_Essebsi_Cut_149', 2, 'PARTICULIER AVEC LA FRANCE'),
(1210, 6, 'REPLAY_-_Emmanuel_Macron_aux_funérailles_nationales_de_Béji_Caïd_Essebsi_Cut_159', 1, 'JE CROIS POUR BEAUCOUP'),
(1211, 6, 'REPLAY_-_Emmanuel_Macron_aux_funérailles_nationales_de_Béji_Caïd_Essebsi_Cut_165', 1, 'AVONS CES'),
(1212, 6, 'REPLAY_-_Emmanuel_Macron_aux_funérailles_nationales_de_Béji_Caïd_Essebsi_Cut_168', 2, 'DERNIÈRES ANNÉES DANS'),
(1213, 6, 'REPLAY_-_Emmanuel_Macron_aux_funérailles_nationales_de_Béji_Caïd_Essebsi_Cut_174', 1, 'TAILLE DU QUOTIDIEN ET'),
(1214, 6, 'REPLAY_-_Emmanuel_Macron_aux_funérailles_nationales_de_Béji_Caïd_Essebsi_Cut_187', 1, 'QUI ÉTAIT LE'),
(1215, 6, 'REPLAY_-_Emmanuel_Macron_aux_funérailles_nationales_de_Béji_Caïd_Essebsi_Cut_184', 2, 'LA SAGESSE DE CELUI'),
(1216, 6, 'REPLAY_-_Emmanuel_Macron_aux_funérailles_nationales_de_Béji_Caïd_Essebsi_Cut_200', 1, 'VOUS AVEZ UN'),
(1217, 6, 'REPLAY_-_Emmanuel_Macron_aux_funérailles_nationales_de_Béji_Caïd_Essebsi_Cut_197', 2, 'ET LA CHOSE'),
(1218, 6, 'REPLAY_-_Emmanuel_Macron_aux_funérailles_nationales_de_Béji_Caïd_Essebsi_Cut_206', 2, 'LA SAGESSE DES DÉCENNIES'),
(1219, 6, 'REPLAY_-_Emmanuel_Macron_aux_funérailles_nationales_de_Béji_Caïd_Essebsi_Cut_217', 1, 'UN PEU PLUS D\'UN'),
(1220, 6, 'REPLAY_-_Emmanuel_Macron_aux_funérailles_nationales_de_Béji_Caïd_Essebsi_Cut_231', 2, 'INCROYABLE MES FRÈRES'),
(1221, 6, 'REPLAY_-_Emmanuel_Macron_aux_funérailles_nationales_de_Béji_Caïd_Essebsi_Cut_225', 3, 'AVEC UNE FORCE'),
(1222, 6, 'REPLAY_-_Emmanuel_Macron_aux_funérailles_nationales_de_Béji_Caïd_Essebsi_Cut_234', 2, 'EXPLIQUANT COMBIEN IL'),
(1223, 6, 'REPLAY_-_Emmanuel_Macron_aux_funérailles_nationales_de_Béji_Caïd_Essebsi_Cut_262', 1, 'MOIS ICI MÊME'),
(1224, 6, 'REPLAY_-_Emmanuel_Macron_aux_funérailles_nationales_de_Béji_Caïd_Essebsi_Cut_246', 1, 'AVOIR AVANT LUI'),
(1225, 6, 'REPLAY_-_Emmanuel_Macron_aux_funérailles_nationales_de_Béji_Caïd_Essebsi_Cut_259', 2, 'SOMMET DANS PLUSIEURS'),
(1226, 6, 'REPLAY_-_Emmanuel_Macron_aux_funérailles_nationales_de_Béji_Caïd_Essebsi_Cut_243', 2, 'DE CONVICTION SU'),
(1227, 6, 'REPLAY_-_Emmanuel_Macron_aux_funérailles_nationales_de_Béji_Caïd_Essebsi_Cut_280', 1, 'DE CONSTITUTION'),
(1228, 6, 'REPLAY_-_Emmanuel_Macron_aux_funérailles_nationales_de_Béji_Caïd_Essebsi_Cut_274', 2, 'POUR NOTRE PEUPLE'),
(1229, 6, 'REPLAY_-_Emmanuel_Macron_aux_funérailles_nationales_de_Béji_Caïd_Essebsi_Cut_271', 2, 'SUPPORTER POUR VOTRE PAYS'),
(1230, 6, 'REPLAY_-_Emmanuel_Macron_aux_funérailles_nationales_de_Béji_Caïd_Essebsi_Cut_284', 2, 'LA L\'ATTACHEMENT'),
(1231, 6, 'REPLAY_-_Emmanuel_Macron_aux_funérailles_nationales_de_Béji_Caïd_Essebsi_Cut_293', 1, 'LES FEMMES ET'),
(1232, 6, 'REPLAY_-_Emmanuel_Macron_aux_funérailles_nationales_de_Béji_Caïd_Essebsi_Cut_296', 1, 'LES HOMMES AVEC'),
(1233, 6, 'REPLAY_-_Emmanuel_Macron_aux_funérailles_nationales_de_Béji_Caïd_Essebsi_Cut_290', 1, 'ET À L\'ÉGALITÉ ENTRE'),
(1234, 6, 'REPLAY_-_Emmanuel_Macron_aux_funérailles_nationales_de_Béji_Caïd_Essebsi_Cut_301', 1, 'LES COMBATS DE SON'),
(1235, 6, 'REPLAY_-_Emmanuel_Macron_aux_funérailles_nationales_de_Béji_Caïd_Essebsi_Cut_306', 1, 'DANS L\'AIR DE LA'),
(1236, 6, 'REPLAY_-_Emmanuel_Macron_aux_funérailles_nationales_de_Béji_Caïd_Essebsi_Cut_314', 1, 'TERRORISME LÀ'),
(1237, 6, 'REPLAY_-_Emmanuel_Macron_aux_funérailles_nationales_de_Béji_Caïd_Essebsi_Cut_317', 1, 'OÙ LE COURS'),
(1238, 6, 'REPLAY_-_Emmanuel_Macron_aux_funérailles_nationales_de_Béji_Caïd_Essebsi_Cut_320', 1, 'DU MONDE NOUS'),
(1239, 6, 'REPLAY_-_Emmanuel_Macron_aux_funérailles_nationales_de_Béji_Caïd_Essebsi_Cut_311', 3, 'L\'OBSCURANTISME MENACÉ LE'),
(1240, 6, 'REPLAY_-_Emmanuel_Macron_aux_funérailles_nationales_de_Béji_Caïd_Essebsi_Cut_339', 3, 'TUNISIE ÉCLAIRÉ OUVERTE'),
(1241, 6, 'REPLAY_-_Emmanuel_Macron_aux_funérailles_nationales_de_Béji_Caïd_Essebsi_Cut_333', 2, 'IL A FAIT DE CEUX ONT TENU AVEC'),
(1242, 6, 'REPLAY_-_Emmanuel_Macron_aux_funérailles_nationales_de_Béji_Caïd_Essebsi_Cut_336', 2, 'COURAGE POUR UNE'),
(1243, 6, 'REPLAY_-_Emmanuel_Macron_aux_funérailles_nationales_de_Béji_Caïd_Essebsi_Cut_348', 1, 'LE BON GRAIN ET'),
(1244, 6, 'REPLAY_-_Emmanuel_Macron_aux_funérailles_nationales_de_Béji_Caïd_Essebsi_Cut_362', 3, 'FUNÉRAILLES LE PEUPLE EN TENUE À'),
(1245, 6, 'REPLAY_-_Emmanuel_Macron_aux_funérailles_nationales_de_Béji_Caïd_Essebsi_Cut_367', 1, 'D\'AILLEURS ET JE'),
(1246, 6, 'REPLAY_-_Emmanuel_Macron_aux_funérailles_nationales_de_Béji_Caïd_Essebsi_Cut_388', 1, 'LES PEUPLES SONT'),
(1247, 6, 'REPLAY_-_Emmanuel_Macron_aux_funérailles_nationales_de_Béji_Caïd_Essebsi_Cut_379', 1, 'SIÈCLES SI CE'),
(1248, 6, 'REPLAY_-_Emmanuel_Macron_aux_funérailles_nationales_de_Béji_Caïd_Essebsi_Cut_373', 1, 'CE LIEU QUI'),
(1249, 6, 'REPLAY_-_Emmanuel_Macron_aux_funérailles_nationales_de_Béji_Caïd_Essebsi_Cut_376', 1, 'RÉCONCILIE AINSI LES'),
(1250, 6, 'REPLAY_-_Emmanuel_Macron_aux_funérailles_nationales_de_Béji_Caïd_Essebsi_Cut_385', 3, 'N\'ÉTAIT LES COMBIEN'),
(1251, 6, 'REPLAY_-_Emmanuel_Macron_aux_funérailles_nationales_de_Béji_Caïd_Essebsi_Cut_399', 1, 'POUR DONNER SA GRATITUDE'),
(1252, 6, 'REPLAY_-_Emmanuel_Macron_aux_funérailles_nationales_de_Béji_Caïd_Essebsi_Cut_404', 1, 'DE FAMILLE'),
(1253, 6, 'REPLAY_-_Emmanuel_Macron_aux_funérailles_nationales_de_Béji_Caïd_Essebsi_Cut_410', 1, 'ET DE QUI VOUS'),
(1254, 6, 'REPLAY_-_Emmanuel_Macron_aux_funérailles_nationales_de_Béji_Caïd_Essebsi_Cut_418', 1, 'QUI SERA QU\'IL FAUT'),
(1255, 6, 'REPLAY_-_Emmanuel_Macron_aux_funérailles_nationales_de_Béji_Caïd_Essebsi_Cut_447', 2, 'IL LE SAVAIT AU'),
(1256, 6, 'REPLAY_-_Emmanuel_Macron_aux_funérailles_nationales_de_Béji_Caïd_Essebsi_Cut_456', 1, 'PARCE QUE DE TOUTES'),
(1257, 6, 'REPLAY_-_Emmanuel_Macron_aux_funérailles_nationales_de_Béji_Caïd_Essebsi_Cut_459', 1, 'VOS FORCES CES');

--
-- Index pour les tables exportées
--

--
-- Index pour la table `administration`
--
ALTER TABLE `administration`
  ADD PRIMARY KEY (`id`);

--
-- Index pour la table `audio`
--
ALTER TABLE `audio`
  ADD PRIMARY KEY (`id`);

--
-- Index pour la table `audio_cut`
--
ALTER TABLE `audio_cut`
  ADD PRIMARY KEY (`id`);

--
-- Index pour la table `format`
--
ALTER TABLE `format`
  ADD PRIMARY KEY (`id`);

--
-- Index pour la table `langue`
--
ALTER TABLE `langue`
  ADD PRIMARY KEY (`id`);

--
-- Index pour la table `personne`
--
ALTER TABLE `personne`
  ADD PRIMARY KEY (`id`);

--
-- Index pour la table `video`
--
ALTER TABLE `video`
  ADD PRIMARY KEY (`id`);

--
-- Index pour la table `video_create`
--
ALTER TABLE `video_create`
  ADD PRIMARY KEY (`id`);

--
-- Index pour la table `video_cut`
--
ALTER TABLE `video_cut`
  ADD PRIMARY KEY (`id`);

--
-- AUTO_INCREMENT pour les tables exportées
--

--
-- AUTO_INCREMENT pour la table `administration`
--
ALTER TABLE `administration`
  MODIFY `id` int(11) NOT NULL AUTO_INCREMENT, AUTO_INCREMENT=2;
--
-- AUTO_INCREMENT pour la table `audio`
--
ALTER TABLE `audio`
  MODIFY `id` int(11) NOT NULL AUTO_INCREMENT, AUTO_INCREMENT=7;
--
-- AUTO_INCREMENT pour la table `audio_cut`
--
ALTER TABLE `audio_cut`
  MODIFY `id` int(11) NOT NULL AUTO_INCREMENT;
--
-- AUTO_INCREMENT pour la table `format`
--
ALTER TABLE `format`
  MODIFY `id` int(11) NOT NULL AUTO_INCREMENT;
--
-- AUTO_INCREMENT pour la table `langue`
--
ALTER TABLE `langue`
  MODIFY `id` int(11) NOT NULL AUTO_INCREMENT, AUTO_INCREMENT=14;
--
-- AUTO_INCREMENT pour la table `personne`
--
ALTER TABLE `personne`
  MODIFY `id` int(11) NOT NULL AUTO_INCREMENT, AUTO_INCREMENT=9;
--
-- AUTO_INCREMENT pour la table `video`
--
ALTER TABLE `video`
  MODIFY `id` int(11) NOT NULL AUTO_INCREMENT, AUTO_INCREMENT=7;
--
-- AUTO_INCREMENT pour la table `video_create`
--
ALTER TABLE `video_create`
  MODIFY `id` int(11) NOT NULL AUTO_INCREMENT;
--
-- AUTO_INCREMENT pour la table `video_cut`
--
ALTER TABLE `video_cut`
  MODIFY `id` int(11) NOT NULL AUTO_INCREMENT, AUTO_INCREMENT=1258;
/*!40101 SET CHARACTER_SET_CLIENT=@OLD_CHARACTER_SET_CLIENT */;
/*!40101 SET CHARACTER_SET_RESULTS=@OLD_CHARACTER_SET_RESULTS */;
/*!40101 SET COLLATION_CONNECTION=@OLD_COLLATION_CONNECTION */;
