-- phpMyAdmin SQL Dump
-- version 4.2.12deb2+deb8u6
-- http://www.phpmyadmin.net
--
-- Host: localhost
-- Generation Time: Aug 11, 2019 at 08:15 PM
-- Server version: 5.5.62-0+deb8u1
-- PHP Version: 5.6.40-0+deb8u4

SET SQL_MODE = "NO_AUTO_VALUE_ON_ZERO";
SET time_zone = "+00:00";


/*!40101 SET @OLD_CHARACTER_SET_CLIENT=@@CHARACTER_SET_CLIENT */;
/*!40101 SET @OLD_CHARACTER_SET_RESULTS=@@CHARACTER_SET_RESULTS */;
/*!40101 SET @OLD_COLLATION_CONNECTION=@@COLLATION_CONNECTION */;
/*!40101 SET NAMES utf8 */;

--
-- Database: `speechvip`
--

-- --------------------------------------------------------

--
-- Table structure for table `audio`
--

CREATE TABLE IF NOT EXISTS `audio` (
`id` int(11) NOT NULL,
  `id_video` int(11) DEFAULT NULL,
  `id_format` int(11) DEFAULT NULL,
  `nom` varchar(500) CHARACTER SET utf8 NOT NULL,
  `duree` double DEFAULT NULL
) ENGINE=InnoDB AUTO_INCREMENT=3 DEFAULT CHARSET=latin1;

--
-- Dumping data for table `audio`
--

INSERT INTO `audio` (`id`, `id_video`, `id_format`, `nom`, `duree`) VALUES
(1, 1, NULL, 'Gilets_jaunes_-_réécoutez_lintégralité_du_discours_dEmmanuel_Macron_192bitrate_mono', 769.490045),
(2, 2, NULL, 'REPLAY_-_Emmanuel_Macron_aux_funérailles_nationales_de_Béji_Caïd_Essebsi_192bitrate_mono', 553.953719);

-- --------------------------------------------------------

--
-- Table structure for table `audio_cut`
--

CREATE TABLE IF NOT EXISTS `audio_cut` (
`id` int(11) NOT NULL,
  `id_audio` int(11) NOT NULL,
  `id_format` int(11) DEFAULT NULL,
  `duree` double NOT NULL,
  `nom` varchar(500) CHARACTER SET utf8 NOT NULL
) ENGINE=InnoDB DEFAULT CHARSET=latin1;

-- --------------------------------------------------------

--
-- Table structure for table `format`
--

CREATE TABLE IF NOT EXISTS `format` (
`id` int(11) NOT NULL,
  `format` varchar(254) CHARACTER SET utf8 NOT NULL
) ENGINE=InnoDB DEFAULT CHARSET=latin1;

-- --------------------------------------------------------

--
-- Table structure for table `langue`
--

CREATE TABLE IF NOT EXISTS `langue` (
`id` int(11) NOT NULL,
  `language` varchar(254) CHARACTER SET utf8 NOT NULL,
  `languageCode` varchar(255) NOT NULL
) ENGINE=InnoDB AUTO_INCREMENT=14 DEFAULT CHARSET=latin1;

--
-- Dumping data for table `langue`
--

INSERT INTO `langue` (`id`, `language`, `languageCode`) VALUES
(1, 'Anglais', 'en-US'),
(2, 'Français', 'fr-FR'),
(3, 'Allemand', 'de-DE'),
(4, 'Italien', 'it-IT'),
(5, 'Espagnol', 'es-ES'),
(6, 'Français', 'fr-CA'),
(7, 'Afrique du sud', 'af-ZA'),
(8, 'Catalan', 'ca-ES'),
(9, 'Danois', 'da-DK'),
(10, 'Anglais', 'en-AU'),
(11, 'Anglais', 'en-CA'),
(12, 'Portugais (Portugal)', 'pt-PT'),
(13, 'Portugais (Brésil)', 'pt-BR');

-- --------------------------------------------------------

--
-- Table structure for table `personne`
--

CREATE TABLE IF NOT EXISTS `personne` (
`id` int(11) NOT NULL,
  `PrenomNom` varchar(255) NOT NULL
) ENGINE=InnoDB AUTO_INCREMENT=4 DEFAULT CHARSET=latin1;

--
-- Dumping data for table `personne`
--

INSERT INTO `personne` (`id`, `PrenomNom`) VALUES
(1, 'Hillary Clinton'),
(2, 'Donald Trump'),
(3, 'Emmanuel Macron');

-- --------------------------------------------------------

--
-- Table structure for table `video`
--

CREATE TABLE IF NOT EXISTS `video` (
`id` int(11) NOT NULL,
  `id_personne` int(11) DEFAULT NULL,
  `id_language` int(11) DEFAULT NULL,
  `id_format` int(11) DEFAULT NULL,
  `nom` varchar(254) CHARACTER SET utf8 NOT NULL,
  `duree` double NOT NULL
) ENGINE=InnoDB AUTO_INCREMENT=3 DEFAULT CHARSET=latin1;

--
-- Dumping data for table `video`
--

INSERT INTO `video` (`id`, `id_personne`, `id_language`, `id_format`, `nom`, `duree`) VALUES
(1, 3, 2, NULL, 'Gilets_jaunes_-_réécoutez_lintégralité_du_discours_dEmmanuel_Macron.mp4', 769.4687),
(2, 3, 2, NULL, 'REPLAY_-_Emmanuel_Macron_aux_funérailles_nationales_de_Béji_Caïd_Essebsi.mp4', 553.92);

-- --------------------------------------------------------

--
-- Table structure for table `video_create`
--

CREATE TABLE IF NOT EXISTS `video_create` (
`id` int(11) NOT NULL,
  `nom` varchar(500) NOT NULL
) ENGINE=InnoDB AUTO_INCREMENT=2 DEFAULT CHARSET=latin1;

--
-- Dumping data for table `video_create`
--

INSERT INTO `video_create` (`id`, `nom`) VALUES
(1, 'les retraites de l''état.mp4');

-- --------------------------------------------------------

--
-- Table structure for table `video_cut`
--

CREATE TABLE IF NOT EXISTS `video_cut` (
`id` int(11) NOT NULL,
  `id_video` int(11) DEFAULT NULL,
  `id_format` int(11) DEFAULT NULL,
  `nom` varchar(500) NOT NULL,
  `duree` double NOT NULL,
  `mot` varchar(500) CHARACTER SET utf8 COLLATE utf8_bin NOT NULL
) ENGINE=InnoDB AUTO_INCREMENT=1212 DEFAULT CHARSET=latin1;

--
-- Dumping data for table `video_cut`
--

INSERT INTO `video_cut` (`id`, `id_video`, `id_format`, `nom`, `duree`, `mot`) VALUES
(1, 1, NULL, 'Gilets_jaunes_-_réécoutez_lintégralité_du_discours_dEmmanuel_Macron_Cut_3', 0.30000000000000004, 'DE'),
(2, 1, NULL, 'Gilets_jaunes_-_réécoutez_lintégralité_du_discours_dEmmanuel_Macron_Cut_1', 0.5999999999999996, 'ILS'),
(3, 1, NULL, 'Gilets_jaunes_-_réécoutez_lintégralité_du_discours_dEmmanuel_Macron_Cut_5', 0.30000000000000004, 'DERNIÈRES'),
(4, 1, NULL, 'Gilets_jaunes_-_réécoutez_lintégralité_du_discours_dEmmanuel_Macron_Cut_7', 0.2999999999999998, 'MÊLER'),
(5, 1, NULL, 'Gilets_jaunes_-_réécoutez_lintégralité_du_discours_dEmmanuel_Macron_Cut_9', 0.5, 'DANS'),
(6, 1, NULL, 'Gilets_jaunes_-_réécoutez_lintégralité_du_discours_dEmmanuel_Macron_Cut_11', 0.3000000000000007, 'REVENDICATIONS'),
(7, 1, NULL, 'Gilets_jaunes_-_réécoutez_lintégralité_du_discours_dEmmanuel_Macron_Cut_12', 0.30000000000000027, 'L''HEXAGONE'),
(8, 1, NULL, 'Gilets_jaunes_-_réécoutez_lintégralité_du_discours_dEmmanuel_Macron_Cut_14', 0.2999999999999998, 'ET'),
(9, 1, NULL, 'Gilets_jaunes_-_réécoutez_lintégralité_du_discours_dEmmanuel_Macron_Cut_15', 0.20000000000000018, 'AUTRES'),
(10, 1, NULL, 'Gilets_jaunes_-_réécoutez_lintégralité_du_discours_dEmmanuel_Macron_Cut_16', 0.2999999999999998, 'MÈRE'),
(11, 1, NULL, 'Gilets_jaunes_-_réécoutez_lintégralité_du_discours_dEmmanuel_Macron_Cut_18', 0.6999999999999993, 'PROFONDÉMENT'),
(12, 1, NULL, 'Gilets_jaunes_-_réécoutez_lintégralité_du_discours_dEmmanuel_Macron_Cut_19', 0.3000000000000007, 'TROUBLÉ'),
(13, 1, NULL, 'Gilets_jaunes_-_réécoutez_lintégralité_du_discours_dEmmanuel_Macron_Cut_20', 0.39999999999999947, 'LA'),
(14, 1, NULL, 'Gilets_jaunes_-_réécoutez_lintégralité_du_discours_dEmmanuel_Macron_Cut_21', 0.20000000000000018, 'NATION'),
(15, 1, NULL, 'Gilets_jaunes_-_réécoutez_lintégralité_du_discours_dEmmanuel_Macron_Cut_24', 0.5, 'CES'),
(16, 1, NULL, 'Gilets_jaunes_-_réécoutez_lintégralité_du_discours_dEmmanuel_Macron_Cut_23', 0.5999999999999996, 'JE'),
(17, 1, NULL, 'Gilets_jaunes_-_réécoutez_lintégralité_du_discours_dEmmanuel_Macron_Cut_25', 0.20000000000000284, 'VIOLENCES'),
(18, 1, NULL, 'Gilets_jaunes_-_réécoutez_lintégralité_du_discours_dEmmanuel_Macron_Cut_22', 0.5, 'ET'),
(19, 1, NULL, 'Gilets_jaunes_-_réécoutez_lintégralité_du_discours_dEmmanuel_Macron_Cut_30', 0.29999999999999893, 'ENCHAÎNEMENT'),
(20, 1, NULL, 'Gilets_jaunes_-_réécoutez_lintégralité_du_discours_dEmmanuel_Macron_Cut_26', 0.29999999999999893, 'VEUX'),
(21, 1, NULL, 'Gilets_jaunes_-_réécoutez_lintégralité_du_discours_dEmmanuel_Macron_Cut_31', 0.3000000000000007, 'DE'),
(22, 1, NULL, 'Gilets_jaunes_-_réécoutez_lintégralité_du_discours_dEmmanuel_Macron_Cut_33', 0.5, 'VIOLENCE'),
(23, 1, NULL, 'Gilets_jaunes_-_réécoutez_lintégralité_du_discours_dEmmanuel_Macron_Cut_32', 0.5, 'VOUS'),
(24, 1, NULL, 'Gilets_jaunes_-_réécoutez_lintégralité_du_discours_dEmmanuel_Macron_Cut_37', 0.3999999999999986, 'D''EMBLÉE'),
(25, 1, NULL, 'Gilets_jaunes_-_réécoutez_lintégralité_du_discours_dEmmanuel_Macron_Cut_38', 0.5, 'QU''UNE'),
(26, 1, NULL, 'Gilets_jaunes_-_réécoutez_lintégralité_du_discours_dEmmanuel_Macron_Cut_39', 0.5, 'INDULGENCE'),
(27, 1, NULL, 'Gilets_jaunes_-_réécoutez_lintégralité_du_discours_dEmmanuel_Macron_Cut_42', 0.6000000000000014, 'TOUS'),
(28, 1, NULL, 'Gilets_jaunes_-_réécoutez_lintégralité_du_discours_dEmmanuel_Macron_Cut_48', 0.5, 'QUI'),
(29, 1, NULL, 'Gilets_jaunes_-_réécoutez_lintégralité_du_discours_dEmmanuel_Macron_Cut_51', 0.40000000000000213, 'DE'),
(30, 1, NULL, 'Gilets_jaunes_-_réécoutez_lintégralité_du_discours_dEmmanuel_Macron_Cut_52', 0.5999999999999979, 'PROFITER'),
(31, 1, NULL, 'Gilets_jaunes_-_réécoutez_lintégralité_du_discours_dEmmanuel_Macron_Cut_54', 0.3000000000000007, 'COLÈRES'),
(32, 1, NULL, 'Gilets_jaunes_-_réécoutez_lintégralité_du_discours_dEmmanuel_Macron_Cut_55', 0.5, 'SINCÈRE'),
(33, 1, NULL, 'Gilets_jaunes_-_réécoutez_lintégralité_du_discours_dEmmanuel_Macron_Cut_59', 0.29999999999999716, 'VOILIERS'),
(34, 2, NULL, 'REPLAY_-_Emmanuel_Macron_aux_funérailles_nationales_de_Béji_Caïd_Essebsi_Cut_5', 0.30000000000000004, 'PRÉSIDENT'),
(35, 2, NULL, 'REPLAY_-_Emmanuel_Macron_aux_funérailles_nationales_de_Béji_Caïd_Essebsi_Cut_1', 0.5999999999999996, 'MESDAMES'),
(36, 2, NULL, 'REPLAY_-_Emmanuel_Macron_aux_funérailles_nationales_de_Béji_Caïd_Essebsi_Cut_7', 0.20000000000000018, 'LES'),
(37, 2, NULL, 'REPLAY_-_Emmanuel_Macron_aux_funérailles_nationales_de_Béji_Caïd_Essebsi_Cut_8', 0.2999999999999998, 'MEMBRES'),
(38, 2, NULL, 'REPLAY_-_Emmanuel_Macron_aux_funérailles_nationales_de_Béji_Caïd_Essebsi_Cut_10', 0.20000000000000018, 'GOUVERNEMENT'),
(39, 2, NULL, 'REPLAY_-_Emmanuel_Macron_aux_funérailles_nationales_de_Béji_Caïd_Essebsi_Cut_12', 0.2999999999999998, 'FAMILLE'),
(40, 1, NULL, 'Gilets_jaunes_-_réécoutez_lintégralité_du_discours_dEmmanuel_Macron_Cut_62', 0.20000000000000284, 'VU'),
(41, 1, NULL, 'Gilets_jaunes_-_réécoutez_lintégralité_du_discours_dEmmanuel_Macron_Cut_64', 0.29999999999999716, 'RESPONSABLES'),
(42, 1, NULL, 'Gilets_jaunes_-_réécoutez_lintégralité_du_discours_dEmmanuel_Macron_Cut_65', 0.6000000000000014, 'POLITIQUES'),
(43, 1, NULL, 'Gilets_jaunes_-_réécoutez_lintégralité_du_discours_dEmmanuel_Macron_Cut_66', 0.5, 'DANS'),
(44, 1, NULL, 'Gilets_jaunes_-_réécoutez_lintégralité_du_discours_dEmmanuel_Macron_Cut_68', 0.20000000000000284, 'SEUL'),
(45, 1, NULL, 'Gilets_jaunes_-_réécoutez_lintégralité_du_discours_dEmmanuel_Macron_Cut_69', 0.5, 'PROJET'),
(46, 1, NULL, 'Gilets_jaunes_-_réécoutez_lintégralité_du_discours_dEmmanuel_Macron_Cut_72', 0.5, 'BOUSCULER'),
(47, 1, NULL, 'Gilets_jaunes_-_réécoutez_lintégralité_du_discours_dEmmanuel_Macron_Cut_74', 0.6000000000000014, 'RÉPUBLIQUE'),
(48, 1, NULL, 'Gilets_jaunes_-_réécoutez_lintégralité_du_discours_dEmmanuel_Macron_Cut_77', 0.29999999999999716, 'DÉSORDRE'),
(49, 1, NULL, 'Gilets_jaunes_-_réécoutez_lintégralité_du_discours_dEmmanuel_Macron_Cut_79', 0.5, 'L''ANARCHIE'),
(50, 2, NULL, 'REPLAY_-_Emmanuel_Macron_aux_funérailles_nationales_de_Béji_Caïd_Essebsi_Cut_13', 0.5999999999999996, 'LES'),
(51, 2, NULL, 'REPLAY_-_Emmanuel_Macron_aux_funérailles_nationales_de_Béji_Caïd_Essebsi_Cut_14', 0.40000000000000036, 'MESSIEURS'),
(52, 2, NULL, 'REPLAY_-_Emmanuel_Macron_aux_funérailles_nationales_de_Béji_Caïd_Essebsi_Cut_17', 0.3000000000000007, 'D''ÉTAT'),
(53, 2, NULL, 'REPLAY_-_Emmanuel_Macron_aux_funérailles_nationales_de_Béji_Caïd_Essebsi_Cut_20', 0.20000000000000107, 'GOUVERNEMENT'),
(54, 1, NULL, 'Gilets_jaunes_-_réécoutez_lintégralité_du_discours_dEmmanuel_Macron_Cut_81', 0.29999999999999716, 'COLÈRE'),
(55, 1, NULL, 'Gilets_jaunes_-_réécoutez_lintégralité_du_discours_dEmmanuel_Macron_Cut_83', 0.5, 'JUSTIFIE'),
(56, 1, NULL, 'Gilets_jaunes_-_réécoutez_lintégralité_du_discours_dEmmanuel_Macron_Cut_84', 0.20000000000000284, 'QU''ON'),
(57, 2, NULL, 'REPLAY_-_Emmanuel_Macron_aux_funérailles_nationales_de_Béji_Caïd_Essebsi_Cut_30', 0.3000000000000007, 'ET'),
(58, 2, NULL, 'REPLAY_-_Emmanuel_Macron_aux_funérailles_nationales_de_Béji_Caïd_Essebsi_Cut_28', 0.40000000000000213, 'AUJOURD''HUI'),
(59, 2, NULL, 'REPLAY_-_Emmanuel_Macron_aux_funérailles_nationales_de_Béji_Caïd_Essebsi_Cut_27', 0.5, 'MAIS'),
(60, 1, NULL, 'Gilets_jaunes_-_réécoutez_lintégralité_du_discours_dEmmanuel_Macron_Cut_85', 0.5, 'S''ATTAQUE'),
(61, 2, NULL, 'REPLAY_-_Emmanuel_Macron_aux_funérailles_nationales_de_Béji_Caïd_Essebsi_Cut_26', 0.5, 'LE'),
(62, 2, NULL, 'REPLAY_-_Emmanuel_Macron_aux_funérailles_nationales_de_Béji_Caïd_Essebsi_Cut_31', 0.5, 'ACCOMPAGNÉ'),
(63, 2, NULL, 'REPLAY_-_Emmanuel_Macron_aux_funérailles_nationales_de_Béji_Caïd_Essebsi_Cut_36', 0.3000000000000007, 'QUITTÉ'),
(64, 1, NULL, 'Gilets_jaunes_-_réécoutez_lintégralité_du_discours_dEmmanuel_Macron_Cut_87', 0.20000000000000284, 'UN'),
(65, 2, NULL, 'REPLAY_-_Emmanuel_Macron_aux_funérailles_nationales_de_Béji_Caïd_Essebsi_Cut_37', 0.3999999999999986, 'PRÉSIDENT'),
(66, 2, NULL, 'REPLAY_-_Emmanuel_Macron_aux_funérailles_nationales_de_Béji_Caïd_Essebsi_Cut_38', 0.3000000000000007, 'ESSEBSI'),
(67, 1, NULL, 'Gilets_jaunes_-_réécoutez_lintégralité_du_discours_dEmmanuel_Macron_Cut_88', 0.5, 'POLICIER'),
(68, 1, NULL, 'Gilets_jaunes_-_réécoutez_lintégralité_du_discours_dEmmanuel_Macron_Cut_90', 0.5, 'GENDARME'),
(69, 1, NULL, 'Gilets_jaunes_-_réécoutez_lintégralité_du_discours_dEmmanuel_Macron_Cut_92', 0.3999999999999986, 'DÉGRADE'),
(70, 1, NULL, 'Gilets_jaunes_-_réécoutez_lintégralité_du_discours_dEmmanuel_Macron_Cut_94', 0.5, 'COMMERCE'),
(71, 1, NULL, 'Gilets_jaunes_-_réécoutez_lintégralité_du_discours_dEmmanuel_Macron_Cut_97', 0.3999999999999986, 'BÂTIMENTS'),
(72, 2, NULL, 'REPLAY_-_Emmanuel_Macron_aux_funérailles_nationales_de_Béji_Caïd_Essebsi_Cut_40', 0.3999999999999986, 'À'),
(73, 2, NULL, 'REPLAY_-_Emmanuel_Macron_aux_funérailles_nationales_de_Béji_Caïd_Essebsi_Cut_39', 0.6000000000000014, 'LE'),
(74, 2, NULL, 'REPLAY_-_Emmanuel_Macron_aux_funérailles_nationales_de_Béji_Caïd_Essebsi_Cut_41', 0.3999999999999986, 'CELUI'),
(75, 2, NULL, 'REPLAY_-_Emmanuel_Macron_aux_funérailles_nationales_de_Béji_Caïd_Essebsi_Cut_42', 0.6000000000000014, '25'),
(76, 1, NULL, 'Gilets_jaunes_-_réécoutez_lintégralité_du_discours_dEmmanuel_Macron_Cut_99', 0.5999999999999943, 'NOTRE'),
(77, 2, NULL, 'REPLAY_-_Emmanuel_Macron_aux_funérailles_nationales_de_Béji_Caïd_Essebsi_Cut_43', 0.29999999999999716, 'JUILLET'),
(78, 2, NULL, 'REPLAY_-_Emmanuel_Macron_aux_funérailles_nationales_de_Béji_Caïd_Essebsi_Cut_44', 0.20000000000000284, 'DERNIER'),
(79, 1, NULL, 'Gilets_jaunes_-_réécoutez_lintégralité_du_discours_dEmmanuel_Macron_Cut_100', 0.20000000000000284, 'LIBERTÉ'),
(80, 1, NULL, 'Gilets_jaunes_-_réécoutez_lintégralité_du_discours_dEmmanuel_Macron_Cut_103', 0.20000000000000284, 'PARCE'),
(81, 2, NULL, 'REPLAY_-_Emmanuel_Macron_aux_funérailles_nationales_de_Béji_Caïd_Essebsi_Cut_45', 0.29999999999999716, 'EN'),
(82, 1, NULL, 'Gilets_jaunes_-_réécoutez_lintégralité_du_discours_dEmmanuel_Macron_Cut_105', 0.3999999999999986, 'CHACUN'),
(83, 2, NULL, 'REPLAY_-_Emmanuel_Macron_aux_funérailles_nationales_de_Béji_Caïd_Essebsi_Cut_47', 0.29999999999999716, 'JOUR'),
(84, 1, NULL, 'Gilets_jaunes_-_réécoutez_lintégralité_du_discours_dEmmanuel_Macron_Cut_106', 0.20000000000000284, 'PEUT'),
(85, 2, NULL, 'REPLAY_-_Emmanuel_Macron_aux_funérailles_nationales_de_Béji_Caïd_Essebsi_Cut_49', 0.29999999999999716, 'DE'),
(86, 1, NULL, 'Gilets_jaunes_-_réécoutez_lintégralité_du_discours_dEmmanuel_Macron_Cut_107', 0.29999999999999716, 'EXPRIMER'),
(87, 2, NULL, 'REPLAY_-_Emmanuel_Macron_aux_funérailles_nationales_de_Béji_Caïd_Essebsi_Cut_51', 0.30000000000000426, 'FÊTE'),
(88, 1, NULL, 'Gilets_jaunes_-_réécoutez_lintégralité_du_discours_dEmmanuel_Macron_Cut_108', 0.30000000000000426, 'SES'),
(89, 1, NULL, 'Gilets_jaunes_-_réécoutez_lintégralité_du_discours_dEmmanuel_Macron_Cut_111', 0.29999999999999716, 'D''AUTRES'),
(90, 2, NULL, 'REPLAY_-_Emmanuel_Macron_aux_funérailles_nationales_de_Béji_Caïd_Essebsi_Cut_54', 0.5, 'RÉPUBLIQUE'),
(91, 2, NULL, 'REPLAY_-_Emmanuel_Macron_aux_funérailles_nationales_de_Béji_Caïd_Essebsi_Cut_56', 0.29999999999999716, 'LUI'),
(92, 1, NULL, 'Gilets_jaunes_-_réécoutez_lintégralité_du_discours_dEmmanuel_Macron_Cut_112', 0.30000000000000426, 'PEUVENT'),
(93, 2, NULL, 'REPLAY_-_Emmanuel_Macron_aux_funérailles_nationales_de_Béji_Caïd_Essebsi_Cut_57', 0.20000000000000284, 'DONT'),
(94, 2, NULL, 'REPLAY_-_Emmanuel_Macron_aux_funérailles_nationales_de_Béji_Caïd_Essebsi_Cut_58', 0.20000000000000284, 'LE'),
(95, 1, NULL, 'Gilets_jaunes_-_réécoutez_lintégralité_du_discours_dEmmanuel_Macron_Cut_115', 0.20000000000000284, 'LES'),
(96, 2, NULL, 'REPLAY_-_Emmanuel_Macron_aux_funérailles_nationales_de_Béji_Caïd_Essebsi_Cut_59', 0.29999999999999716, 'DESTIN'),
(97, 2, NULL, 'REPLAY_-_Emmanuel_Macron_aux_funérailles_nationales_de_Béji_Caïd_Essebsi_Cut_60', 0.29999999999999716, 'ÉTAIT'),
(98, 2, NULL, 'REPLAY_-_Emmanuel_Macron_aux_funérailles_nationales_de_Béji_Caïd_Essebsi_Cut_61', 0.20000000000000284, 'LIÉ'),
(99, 2, NULL, 'REPLAY_-_Emmanuel_Macron_aux_funérailles_nationales_de_Béji_Caïd_Essebsi_Cut_66', 0.4000000000000057, 'TUNISIE'),
(100, 2, NULL, 'REPLAY_-_Emmanuel_Macron_aux_funérailles_nationales_de_Béji_Caïd_Essebsi_Cut_63', 0.5999999999999943, 'JE'),
(101, 2, NULL, 'REPLAY_-_Emmanuel_Macron_aux_funérailles_nationales_de_Béji_Caïd_Essebsi_Cut_64', 0.5, 'VOUS'),
(102, 2, NULL, 'REPLAY_-_Emmanuel_Macron_aux_funérailles_nationales_de_Béji_Caïd_Essebsi_Cut_67', 0.20000000000000284, 'VOULAIS'),
(103, 2, NULL, 'REPLAY_-_Emmanuel_Macron_aux_funérailles_nationales_de_Béji_Caïd_Essebsi_Cut_68', 0.20000000000000284, 'DIRE'),
(104, 2, NULL, 'REPLAY_-_Emmanuel_Macron_aux_funérailles_nationales_de_Béji_Caïd_Essebsi_Cut_71', 0.20000000000000284, 'ET'),
(105, 2, NULL, 'REPLAY_-_Emmanuel_Macron_aux_funérailles_nationales_de_Béji_Caïd_Essebsi_Cut_69', 0.29999999999999716, 'ICI'),
(106, 2, NULL, 'REPLAY_-_Emmanuel_Macron_aux_funérailles_nationales_de_Béji_Caïd_Essebsi_Cut_75', 0.20000000000000284, 'ÉTANT'),
(107, 2, NULL, 'REPLAY_-_Emmanuel_Macron_aux_funérailles_nationales_de_Béji_Caïd_Essebsi_Cut_76', 0.29999999999999716, 'PARMI'),
(108, 1, NULL, 'Gilets_jaunes_-_réécoutez_lintégralité_du_discours_dEmmanuel_Macron_Cut_120', 0.3999999999999986, 'AVOIR'),
(109, 1, NULL, 'Gilets_jaunes_-_réécoutez_lintégralité_du_discours_dEmmanuel_Macron_Cut_122', 0.5999999999999943, 'LA'),
(110, 1, NULL, 'Gilets_jaunes_-_réécoutez_lintégralité_du_discours_dEmmanuel_Macron_Cut_123', 0.5, 'C''EST'),
(111, 1, NULL, 'Gilets_jaunes_-_réécoutez_lintégralité_du_discours_dEmmanuel_Macron_Cut_121', 0.6000000000000014, 'LA'),
(112, 1, NULL, 'Gilets_jaunes_-_réécoutez_lintégralité_du_discours_dEmmanuel_Macron_Cut_125', 0.29999999999999716, 'DE'),
(113, 1, NULL, 'Gilets_jaunes_-_réécoutez_lintégralité_du_discours_dEmmanuel_Macron_Cut_127', 0.20000000000000284, 'DONC'),
(114, 1, NULL, 'Gilets_jaunes_-_réécoutez_lintégralité_du_discours_dEmmanuel_Macron_Cut_126', 0.4000000000000057, 'LIBERTÉ'),
(115, 1, NULL, 'Gilets_jaunes_-_réécoutez_lintégralité_du_discours_dEmmanuel_Macron_Cut_128', 0.29999999999999716, 'VIOLENCE'),
(116, 1, NULL, 'Gilets_jaunes_-_réécoutez_lintégralité_du_discours_dEmmanuel_Macron_Cut_133', 0.20000000000000284, 'CESSE'),
(117, 1, NULL, 'Gilets_jaunes_-_réécoutez_lintégralité_du_discours_dEmmanuel_Macron_Cut_130', 0.5, 'DÉSACCORDS'),
(118, 1, NULL, 'Gilets_jaunes_-_réécoutez_lintégralité_du_discours_dEmmanuel_Macron_Cut_132', 0.4000000000000057, 'LE'),
(119, 1, NULL, 'Gilets_jaunes_-_réécoutez_lintégralité_du_discours_dEmmanuel_Macron_Cut_134', 0.20000000000000284, 'SE'),
(120, 1, NULL, 'Gilets_jaunes_-_réécoutez_lintégralité_du_discours_dEmmanuel_Macron_Cut_135', 0.20000000000000284, 'CAS'),
(121, 1, NULL, 'Gilets_jaunes_-_réécoutez_lintégralité_du_discours_dEmmanuel_Macron_Cut_136', 0.3999999999999915, 'DÉCHAÎNE'),
(122, 2, NULL, 'REPLAY_-_Emmanuel_Macron_aux_funérailles_nationales_de_Béji_Caïd_Essebsi_Cut_80', 0.3999999999999986, 'ET'),
(123, 2, NULL, 'REPLAY_-_Emmanuel_Macron_aux_funérailles_nationales_de_Béji_Caïd_Essebsi_Cut_79', 0.5, 'DU'),
(124, 2, NULL, 'REPLAY_-_Emmanuel_Macron_aux_funérailles_nationales_de_Béji_Caïd_Essebsi_Cut_81', 0.6000000000000014, 'L''ACCOMPAGNER'),
(125, 2, NULL, 'REPLAY_-_Emmanuel_Macron_aux_funérailles_nationales_de_Béji_Caïd_Essebsi_Cut_82', 0.20000000000000284, 'PEUPLE'),
(126, 2, NULL, 'REPLAY_-_Emmanuel_Macron_aux_funérailles_nationales_de_Béji_Caïd_Essebsi_Cut_84', 0.20000000000000284, 'CE'),
(127, 2, NULL, 'REPLAY_-_Emmanuel_Macron_aux_funérailles_nationales_de_Béji_Caïd_Essebsi_Cut_78', 0.5, 'L''AMITIÉ'),
(128, 2, NULL, 'REPLAY_-_Emmanuel_Macron_aux_funérailles_nationales_de_Béji_Caïd_Essebsi_Cut_86', 0.20000000000000284, 'MOMENT'),
(129, 2, NULL, 'REPLAY_-_Emmanuel_Macron_aux_funérailles_nationales_de_Béji_Caïd_Essebsi_Cut_85', 0.3999999999999986, 'FRANÇAIS'),
(130, 2, NULL, 'REPLAY_-_Emmanuel_Macron_aux_funérailles_nationales_de_Béji_Caïd_Essebsi_Cut_87', 0.29999999999999716, 'ET'),
(131, 2, NULL, 'REPLAY_-_Emmanuel_Macron_aux_funérailles_nationales_de_Béji_Caïd_Essebsi_Cut_89', 0.20000000000000284, 'POUR'),
(132, 2, NULL, 'REPLAY_-_Emmanuel_Macron_aux_funérailles_nationales_de_Béji_Caïd_Essebsi_Cut_92', 0.20000000000000284, 'PEUPLE'),
(133, 2, NULL, 'REPLAY_-_Emmanuel_Macron_aux_funérailles_nationales_de_Béji_Caïd_Essebsi_Cut_90', 0.30000000000000426, 'L''AFFECTION'),
(134, 1, NULL, 'Gilets_jaunes_-_réécoutez_lintégralité_du_discours_dEmmanuel_Macron_Cut_137', 0.5, 'ET'),
(135, 1, NULL, 'Gilets_jaunes_-_réécoutez_lintégralité_du_discours_dEmmanuel_Macron_Cut_138', 0.5999999999999943, 'NOUS'),
(136, 2, NULL, 'REPLAY_-_Emmanuel_Macron_aux_funérailles_nationales_de_Béji_Caïd_Essebsi_Cut_93', 0.29999999999999716, 'TUNISIEN'),
(137, 1, NULL, 'Gilets_jaunes_-_réécoutez_lintégralité_du_discours_dEmmanuel_Macron_Cut_139', 0.29999999999999716, 'L''ORDRE'),
(138, 2, NULL, 'REPLAY_-_Emmanuel_Macron_aux_funérailles_nationales_de_Béji_Caïd_Essebsi_Cut_95', 0.4000000000000057, 'RESPECT'),
(139, 1, NULL, 'Gilets_jaunes_-_réécoutez_lintégralité_du_discours_dEmmanuel_Macron_Cut_140', 0.4000000000000057, 'METTRONS'),
(140, 1, NULL, 'Gilets_jaunes_-_réécoutez_lintégralité_du_discours_dEmmanuel_Macron_Cut_141', 0.6000000000000085, 'RÉPUBLICAIN'),
(141, 1, NULL, 'Gilets_jaunes_-_réécoutez_lintégralité_du_discours_dEmmanuel_Macron_Cut_144', 0.20000000000000284, 'MOYENS'),
(142, 1, NULL, 'Gilets_jaunes_-_réécoutez_lintégralité_du_discours_dEmmanuel_Macron_Cut_146', 0.29999999999999716, 'DOIVENT'),
(143, 1, NULL, 'Gilets_jaunes_-_réécoutez_lintégralité_du_discours_dEmmanuel_Macron_Cut_149', 0.29999999999999716, 'NE'),
(144, 1, NULL, 'Gilets_jaunes_-_réécoutez_lintégralité_du_discours_dEmmanuel_Macron_Cut_150', 0.20000000000000284, 'RÉGNER'),
(145, 1, NULL, 'Gilets_jaunes_-_réécoutez_lintégralité_du_discours_dEmmanuel_Macron_Cut_152', 0.5, 'CONSTRUIRA'),
(146, 1, NULL, 'Gilets_jaunes_-_réécoutez_lintégralité_du_discours_dEmmanuel_Macron_Cut_154', 0.5, 'DURABLE'),
(147, 1, NULL, 'Gilets_jaunes_-_réécoutez_lintégralité_du_discours_dEmmanuel_Macron_Cut_155', 0.5, 'TANT'),
(148, 1, NULL, 'Gilets_jaunes_-_réécoutez_lintégralité_du_discours_dEmmanuel_Macron_Cut_156', 0.4000000000000057, 'QU''ON'),
(149, 2, NULL, 'REPLAY_-_Emmanuel_Macron_aux_funérailles_nationales_de_Béji_Caïd_Essebsi_Cut_100', 0.30000000000000426, 'NOTRE'),
(150, 2, NULL, 'REPLAY_-_Emmanuel_Macron_aux_funérailles_nationales_de_Béji_Caïd_Essebsi_Cut_98', 0.5999999999999943, 'LA'),
(151, 2, NULL, 'REPLAY_-_Emmanuel_Macron_aux_funérailles_nationales_de_Béji_Caïd_Essebsi_Cut_97', 0.5, 'POUR'),
(152, 2, NULL, 'REPLAY_-_Emmanuel_Macron_aux_funérailles_nationales_de_Béji_Caïd_Essebsi_Cut_101', 0.29999999999999716, 'ADMIRATION'),
(153, 2, NULL, 'REPLAY_-_Emmanuel_Macron_aux_funérailles_nationales_de_Béji_Caïd_Essebsi_Cut_102', 0.29999999999999716, 'FORCE'),
(154, 2, NULL, 'REPLAY_-_Emmanuel_Macron_aux_funérailles_nationales_de_Béji_Caïd_Essebsi_Cut_103', 0.20000000000000284, 'LA'),
(155, 2, NULL, 'REPLAY_-_Emmanuel_Macron_aux_funérailles_nationales_de_Béji_Caïd_Essebsi_Cut_104', 0.20000000000000284, 'DIGNITÉ'),
(156, 1, NULL, 'Gilets_jaunes_-_réécoutez_lintégralité_du_discours_dEmmanuel_Macron_Cut_160', 0.5999999999999943, 'J''AI'),
(157, 1, NULL, 'Gilets_jaunes_-_réécoutez_lintégralité_du_discours_dEmmanuel_Macron_Cut_159', 0.5, 'POUR'),
(158, 1, NULL, 'Gilets_jaunes_-_réécoutez_lintégralité_du_discours_dEmmanuel_Macron_Cut_162', 0.20000000000000284, 'LA'),
(159, 1, NULL, 'Gilets_jaunes_-_réécoutez_lintégralité_du_discours_dEmmanuel_Macron_Cut_161', 0.20000000000000284, 'DONNÉ'),
(160, 1, NULL, 'Gilets_jaunes_-_réécoutez_lintégralité_du_discours_dEmmanuel_Macron_Cut_164', 0.20000000000000284, 'CIVILE'),
(161, 1, NULL, 'Gilets_jaunes_-_réécoutez_lintégralité_du_discours_dEmmanuel_Macron_Cut_165', 0.4000000000000057, 'EN'),
(162, 1, NULL, 'Gilets_jaunes_-_réécoutez_lintégralité_du_discours_dEmmanuel_Macron_Cut_166', 0.20000000000000284, 'CE'),
(163, 1, NULL, 'Gilets_jaunes_-_réécoutez_lintégralité_du_discours_dEmmanuel_Macron_Cut_167', 0.3999999999999915, 'SENS'),
(164, 1, NULL, 'Gilets_jaunes_-_réécoutez_lintégralité_du_discours_dEmmanuel_Macron_Cut_168', 0.29999999999999716, 'AU'),
(165, 1, NULL, 'Gilets_jaunes_-_réécoutez_lintégralité_du_discours_dEmmanuel_Macron_Cut_169', 0.6000000000000085, 'GOUVERNEMENT'),
(166, 1, NULL, 'Gilets_jaunes_-_réécoutez_lintégralité_du_discours_dEmmanuel_Macron_Cut_171', 0.4000000000000057, 'INSTRUCTIONS'),
(167, 1, NULL, 'Gilets_jaunes_-_réécoutez_lintégralité_du_discours_dEmmanuel_Macron_Cut_172', 0.5, 'LES'),
(168, 1, NULL, 'Gilets_jaunes_-_réécoutez_lintégralité_du_discours_dEmmanuel_Macron_Cut_173', 0.20000000000000284, 'PLUS'),
(169, 1, NULL, 'Gilets_jaunes_-_réécoutez_lintégralité_du_discours_dEmmanuel_Macron_Cut_174', 0.5, 'RIGOUREUSES'),
(170, 2, NULL, 'REPLAY_-_Emmanuel_Macron_aux_funérailles_nationales_de_Béji_Caïd_Essebsi_Cut_106', 0.5999999999999943, 'DURANT'),
(171, 2, NULL, 'REPLAY_-_Emmanuel_Macron_aux_funérailles_nationales_de_Béji_Caïd_Essebsi_Cut_105', 0.5, 'LA'),
(172, 2, NULL, 'REPLAY_-_Emmanuel_Macron_aux_funérailles_nationales_de_Béji_Caïd_Essebsi_Cut_108', 0.20000000000000284, 'CES'),
(173, 2, NULL, 'REPLAY_-_Emmanuel_Macron_aux_funérailles_nationales_de_Béji_Caïd_Essebsi_Cut_107', 0.5, 'IL'),
(174, 2, NULL, 'REPLAY_-_Emmanuel_Macron_aux_funérailles_nationales_de_Béji_Caïd_Essebsi_Cut_110', 0.20000000000000284, 'JOURS'),
(175, 2, NULL, 'REPLAY_-_Emmanuel_Macron_aux_funérailles_nationales_de_Béji_Caïd_Essebsi_Cut_109', 0.5, 'SÉRÉNITÉ'),
(176, 2, NULL, 'REPLAY_-_Emmanuel_Macron_aux_funérailles_nationales_de_Béji_Caïd_Essebsi_Cut_114', 0.4000000000000057, 'TRISTESSE'),
(177, 2, NULL, 'REPLAY_-_Emmanuel_Macron_aux_funérailles_nationales_de_Béji_Caïd_Essebsi_Cut_118', 0.20000000000000284, 'LÀ'),
(178, 2, NULL, 'REPLAY_-_Emmanuel_Macron_aux_funérailles_nationales_de_Béji_Caïd_Essebsi_Cut_119', 0.20000000000000284, 'QUI'),
(179, 2, NULL, 'REPLAY_-_Emmanuel_Macron_aux_funérailles_nationales_de_Béji_Caïd_Essebsi_Cut_120', 0.29999999999999716, 'EMPLIT'),
(180, 1, NULL, 'Gilets_jaunes_-_réécoutez_lintégralité_du_discours_dEmmanuel_Macron_Cut_175', 0.4000000000000057, 'AU'),
(181, 1, NULL, 'Gilets_jaunes_-_réécoutez_lintégralité_du_discours_dEmmanuel_Macron_Cut_177', 0.5999999999999943, 'UNE'),
(182, 1, NULL, 'Gilets_jaunes_-_réécoutez_lintégralité_du_discours_dEmmanuel_Macron_Cut_178', 0.5, 'ET'),
(183, 1, NULL, 'Gilets_jaunes_-_réécoutez_lintégralité_du_discours_dEmmanuel_Macron_Cut_176', 0.5999999999999943, 'JE'),
(184, 1, NULL, 'Gilets_jaunes_-_réécoutez_lintégralité_du_discours_dEmmanuel_Macron_Cut_179', 0.4000000000000057, 'DÉBUT'),
(185, 1, NULL, 'Gilets_jaunes_-_réécoutez_lintégralité_du_discours_dEmmanuel_Macron_Cut_180', 0.29999999999999716, 'INDIGNATION'),
(186, 1, NULL, 'Gilets_jaunes_-_réécoutez_lintégralité_du_discours_dEmmanuel_Macron_Cut_181', 0.20000000000000284, 'CETTE'),
(187, 1, NULL, 'Gilets_jaunes_-_réécoutez_lintégralité_du_discours_dEmmanuel_Macron_Cut_182', 0.20000000000000284, 'N''OUBLIE'),
(188, 1, NULL, 'Gilets_jaunes_-_réécoutez_lintégralité_du_discours_dEmmanuel_Macron_Cut_185', 0.30000000000001137, 'CELA'),
(189, 1, NULL, 'Gilets_jaunes_-_réécoutez_lintégralité_du_discours_dEmmanuel_Macron_Cut_186', 0.29999999999999716, 'INDIGNATION'),
(190, 1, NULL, 'Gilets_jaunes_-_réécoutez_lintégralité_du_discours_dEmmanuel_Macron_Cut_187', 0.20000000000000284, 'PAS'),
(191, 1, NULL, 'Gilets_jaunes_-_réécoutez_lintégralité_du_discours_dEmmanuel_Macron_Cut_192', 0.29999999999999716, 'COLÈRE'),
(192, 2, NULL, 'REPLAY_-_Emmanuel_Macron_aux_funérailles_nationales_de_Béji_Caïd_Essebsi_Cut_122', 0.5, 'MAIS'),
(193, 2, NULL, 'REPLAY_-_Emmanuel_Macron_aux_funérailles_nationales_de_Béji_Caïd_Essebsi_Cut_123', 0.5, 'QUI'),
(194, 2, NULL, 'REPLAY_-_Emmanuel_Macron_aux_funérailles_nationales_de_Béji_Caïd_Essebsi_Cut_127', 0.20000000000000284, 'AUSSI'),
(195, 2, NULL, 'REPLAY_-_Emmanuel_Macron_aux_funérailles_nationales_de_Béji_Caïd_Essebsi_Cut_129', 0.20000000000000284, 'TIENT'),
(196, 2, NULL, 'REPLAY_-_Emmanuel_Macron_aux_funérailles_nationales_de_Béji_Caïd_Essebsi_Cut_130', 0.20000000000000284, 'TOUTE'),
(197, 2, NULL, 'REPLAY_-_Emmanuel_Macron_aux_funérailles_nationales_de_Béji_Caïd_Essebsi_Cut_132', 0.30000000000001137, 'CÔTÉ'),
(198, 2, NULL, 'REPLAY_-_Emmanuel_Macron_aux_funérailles_nationales_de_Béji_Caïd_Essebsi_Cut_136', 0.20000000000000284, 'SON'),
(199, 2, NULL, 'REPLAY_-_Emmanuel_Macron_aux_funérailles_nationales_de_Béji_Caïd_Essebsi_Cut_134', 0.20000000000000284, 'DIGNITÉ'),
(200, 2, NULL, 'REPLAY_-_Emmanuel_Macron_aux_funérailles_nationales_de_Béji_Caïd_Essebsi_Cut_137', 0.3999999999999915, 'PRÉSIDENT'),
(201, 2, NULL, 'REPLAY_-_Emmanuel_Macron_aux_funérailles_nationales_de_Béji_Caïd_Essebsi_Cut_138', 0.4000000000000057, 'D''UN'),
(202, 2, NULL, 'REPLAY_-_Emmanuel_Macron_aux_funérailles_nationales_de_Béji_Caïd_Essebsi_Cut_139', 0.20000000000000284, 'PEUPLE'),
(203, 1, NULL, 'Gilets_jaunes_-_réécoutez_lintégralité_du_discours_dEmmanuel_Macron_Cut_194', 0.5, 'ET'),
(204, 1, NULL, 'Gilets_jaunes_-_réécoutez_lintégralité_du_discours_dEmmanuel_Macron_Cut_193', 0.5999999999999943, 'BEAUCOUP'),
(205, 2, NULL, 'REPLAY_-_Emmanuel_Macron_aux_funérailles_nationales_de_Béji_Caïd_Essebsi_Cut_140', 0.29999999999999716, 'LA'),
(206, 2, NULL, 'REPLAY_-_Emmanuel_Macron_aux_funérailles_nationales_de_Béji_Caïd_Essebsi_Cut_141', 0.6000000000000085, 'FAUT'),
(207, 2, NULL, 'REPLAY_-_Emmanuel_Macron_aux_funérailles_nationales_de_Béji_Caïd_Essebsi_Cut_142', 0.5, 'LE'),
(208, 1, NULL, 'Gilets_jaunes_-_réécoutez_lintégralité_du_discours_dEmmanuel_Macron_Cut_197', 0.30000000000001137, 'D''ENTRE'),
(209, 1, NULL, 'Gilets_jaunes_-_réécoutez_lintégralité_du_discours_dEmmanuel_Macron_Cut_196', 0.30000000000001137, 'JE'),
(210, 1, NULL, 'Gilets_jaunes_-_réécoutez_lintégralité_du_discours_dEmmanuel_Macron_Cut_201', 0.20000000000000284, 'PAS'),
(211, 2, NULL, 'REPLAY_-_Emmanuel_Macron_aux_funérailles_nationales_de_Béji_Caïd_Essebsi_Cut_145', 0.20000000000000284, 'AUSSI'),
(212, 2, NULL, 'REPLAY_-_Emmanuel_Macron_aux_funérailles_nationales_de_Béji_Caïd_Essebsi_Cut_143', 0.4000000000000057, 'COMPAGNE'),
(213, 2, NULL, 'REPLAY_-_Emmanuel_Macron_aux_funérailles_nationales_de_Béji_Caïd_Essebsi_Cut_146', 0.30000000000001137, 'PROFOND'),
(214, 1, NULL, 'Gilets_jaunes_-_réécoutez_lintégralité_du_discours_dEmmanuel_Macron_Cut_198', 0.29999999999999716, 'NOUS'),
(215, 1, NULL, 'Gilets_jaunes_-_réécoutez_lintégralité_du_discours_dEmmanuel_Macron_Cut_203', 0.5, 'RÉDUIRE'),
(216, 1, NULL, 'Gilets_jaunes_-_réécoutez_lintégralité_du_discours_dEmmanuel_Macron_Cut_205', 0.29999999999999716, 'DE'),
(217, 2, NULL, 'REPLAY_-_Emmanuel_Macron_aux_funérailles_nationales_de_Béji_Caïd_Essebsi_Cut_147', 0.3999999999999915, 'RESPECT'),
(218, 1, NULL, 'Gilets_jaunes_-_réécoutez_lintégralité_du_discours_dEmmanuel_Macron_Cut_207', 0.29999999999999716, 'COMPORTEMENT'),
(219, 1, NULL, 'Gilets_jaunes_-_réécoutez_lintégralité_du_discours_dEmmanuel_Macron_Cut_208', 0.4000000000000057, 'FRANÇAIS'),
(220, 2, NULL, 'REPLAY_-_Emmanuel_Macron_aux_funérailles_nationales_de_Béji_Caïd_Essebsi_Cut_149', 0.29999999999999716, 'L''AMITIÉ'),
(221, 1, NULL, 'Gilets_jaunes_-_réécoutez_lintégralité_du_discours_dEmmanuel_Macron_Cut_210', 0.29999999999999716, 'PEUVENT'),
(222, 1, NULL, 'Gilets_jaunes_-_réécoutez_lintégralité_du_discours_dEmmanuel_Macron_Cut_209', 0.6000000000000085, 'INACCEPTABLE'),
(223, 2, NULL, 'REPLAY_-_Emmanuel_Macron_aux_funérailles_nationales_de_Béji_Caïd_Essebsi_Cut_151', 0.30000000000001137, 'FAMILLE'),
(224, 1, NULL, 'Gilets_jaunes_-_réécoutez_lintégralité_du_discours_dEmmanuel_Macron_Cut_212', 0.5, 'PARTAGER'),
(225, 1, NULL, 'Gilets_jaunes_-_réécoutez_lintégralité_du_discours_dEmmanuel_Macron_Cut_213', 0.5999999999999943, 'QUE'),
(226, 1, NULL, 'Gilets_jaunes_-_réécoutez_lintégralité_du_discours_dEmmanuel_Macron_Cut_215', 0.20000000000000284, 'VIENS'),
(227, 2, NULL, 'REPLAY_-_Emmanuel_Macron_aux_funérailles_nationales_de_Béji_Caïd_Essebsi_Cut_153', 0.5999999999999943, 'LE'),
(228, 2, NULL, 'REPLAY_-_Emmanuel_Macron_aux_funérailles_nationales_de_Béji_Caïd_Essebsi_Cut_152', 0.5999999999999943, 'POUR'),
(229, 2, NULL, 'REPLAY_-_Emmanuel_Macron_aux_funérailles_nationales_de_Béji_Caïd_Essebsi_Cut_156', 0.20000000000000284, 'PRÉSIDENT'),
(230, 2, NULL, 'REPLAY_-_Emmanuel_Macron_aux_funérailles_nationales_de_Béji_Caïd_Essebsi_Cut_154', 0.29999999999999716, 'PRÉSIDENT'),
(231, 2, NULL, 'REPLAY_-_Emmanuel_Macron_aux_funérailles_nationales_de_Béji_Caïd_Essebsi_Cut_158', 0.20000000000000284, 'VOUS'),
(232, 2, NULL, 'REPLAY_-_Emmanuel_Macron_aux_funérailles_nationales_de_Béji_Caïd_Essebsi_Cut_157', 0.20000000000000284, 'ET'),
(233, 2, NULL, 'REPLAY_-_Emmanuel_Macron_aux_funérailles_nationales_de_Béji_Caïd_Essebsi_Cut_159', 0.29999999999999716, 'AVEZ'),
(234, 2, NULL, 'REPLAY_-_Emmanuel_Macron_aux_funérailles_nationales_de_Béji_Caïd_Essebsi_Cut_160', 0.29999999999999716, 'SEXY'),
(235, 2, NULL, 'REPLAY_-_Emmanuel_Macron_aux_funérailles_nationales_de_Béji_Caïd_Essebsi_Cut_161', 0.20000000000000284, 'RAPPELÉ'),
(236, 1, NULL, 'Gilets_jaunes_-_réécoutez_lintégralité_du_discours_dEmmanuel_Macron_Cut_216', 0.5, 'LANCER'),
(237, 2, NULL, 'REPLAY_-_Emmanuel_Macron_aux_funérailles_nationales_de_Béji_Caïd_Essebsi_Cut_162', 0.29999999999999716, 'LUI-MÊME'),
(238, 1, NULL, 'Gilets_jaunes_-_réécoutez_lintégralité_du_discours_dEmmanuel_Macron_Cut_217', 0.6000000000000085, 'CE'),
(239, 2, NULL, 'REPLAY_-_Emmanuel_Macron_aux_funérailles_nationales_de_Béji_Caïd_Essebsi_Cut_164', 0.29999999999999716, 'COMBAT'),
(240, 1, NULL, 'Gilets_jaunes_-_réécoutez_lintégralité_du_discours_dEmmanuel_Macron_Cut_219', 0.20000000000000284, 'D''ABORD'),
(241, 2, NULL, 'REPLAY_-_Emmanuel_Macron_aux_funérailles_nationales_de_Béji_Caïd_Essebsi_Cut_165', 0.4000000000000057, 'COMMUN'),
(242, 1, NULL, 'Gilets_jaunes_-_réécoutez_lintégralité_du_discours_dEmmanuel_Macron_Cut_220', 0.5999999999999943, 'LA'),
(243, 2, NULL, 'REPLAY_-_Emmanuel_Macron_aux_funérailles_nationales_de_Béji_Caïd_Essebsi_Cut_167', 0.20000000000000284, 'CETTE'),
(244, 1, NULL, 'Gilets_jaunes_-_réécoutez_lintégralité_du_discours_dEmmanuel_Macron_Cut_221', 0.20000000000000284, 'COLÈRE'),
(245, 2, NULL, 'REPLAY_-_Emmanuel_Macron_aux_funérailles_nationales_de_Béji_Caïd_Essebsi_Cut_168', 0.29999999999999716, 'TUNISIE'),
(246, 1, NULL, 'Gilets_jaunes_-_réécoutez_lintégralité_du_discours_dEmmanuel_Macron_Cut_222', 0.20000000000000284, 'CONTRE'),
(247, 2, NULL, 'REPLAY_-_Emmanuel_Macron_aux_funérailles_nationales_de_Béji_Caïd_Essebsi_Cut_169', 0.20000000000000284, 'DE'),
(248, 1, NULL, 'Gilets_jaunes_-_réécoutez_lintégralité_du_discours_dEmmanuel_Macron_Cut_223', 0.20000000000000284, 'UNE'),
(249, 2, NULL, 'REPLAY_-_Emmanuel_Macron_aux_funérailles_nationales_de_Béji_Caïd_Essebsi_Cut_170', 0.29999999999999716, 'BOURGUIBA'),
(250, 1, NULL, 'Gilets_jaunes_-_réécoutez_lintégralité_du_discours_dEmmanuel_Macron_Cut_224', 0.29999999999999716, 'TAXE'),
(251, 1, NULL, 'Gilets_jaunes_-_réécoutez_lintégralité_du_discours_dEmmanuel_Macron_Cut_225', 0.5, 'EST'),
(252, 1, NULL, 'Gilets_jaunes_-_réécoutez_lintégralité_du_discours_dEmmanuel_Macron_Cut_227', 0.30000000000001137, 'PREMIER'),
(253, 1, NULL, 'Gilets_jaunes_-_réécoutez_lintégralité_du_discours_dEmmanuel_Macron_Cut_229', 0.30000000000001137, 'À'),
(254, 1, NULL, 'Gilets_jaunes_-_réécoutez_lintégralité_du_discours_dEmmanuel_Macron_Cut_230', 0.5, 'APPORTER'),
(255, 1, NULL, 'Gilets_jaunes_-_réécoutez_lintégralité_du_discours_dEmmanuel_Macron_Cut_231', 0.5999999999999943, 'UNE'),
(256, 1, NULL, 'Gilets_jaunes_-_réécoutez_lintégralité_du_discours_dEmmanuel_Macron_Cut_232', 0.29999999999999716, 'RÉPONSE'),
(257, 1, NULL, 'Gilets_jaunes_-_réécoutez_lintégralité_du_discours_dEmmanuel_Macron_Cut_234', 0.29999999999999716, 'ANNULANT'),
(258, 1, NULL, 'Gilets_jaunes_-_réécoutez_lintégralité_du_discours_dEmmanuel_Macron_Cut_235', 0.20000000000000284, 'ET'),
(259, 1, NULL, 'Gilets_jaunes_-_réécoutez_lintégralité_du_discours_dEmmanuel_Macron_Cut_237', 0.29999999999999716, 'SUPPRIMANT'),
(260, 1, NULL, 'Gilets_jaunes_-_réécoutez_lintégralité_du_discours_dEmmanuel_Macron_Cut_238', 0.5999999999999943, 'TOUTES'),
(261, 1, NULL, 'Gilets_jaunes_-_réécoutez_lintégralité_du_discours_dEmmanuel_Macron_Cut_239', 0.20000000000000284, 'LES'),
(262, 1, NULL, 'Gilets_jaunes_-_réécoutez_lintégralité_du_discours_dEmmanuel_Macron_Cut_240', 0.29999999999999716, 'AUGMENTATIONS'),
(263, 1, NULL, 'Gilets_jaunes_-_réécoutez_lintégralité_du_discours_dEmmanuel_Macron_Cut_241', 0.20000000000000284, 'J''AI'),
(264, 1, NULL, 'Gilets_jaunes_-_réécoutez_lintégralité_du_discours_dEmmanuel_Macron_Cut_243', 0.5999999999999943, 'ELLE'),
(265, 1, NULL, 'Gilets_jaunes_-_réécoutez_lintégralité_du_discours_dEmmanuel_Macron_Cut_242', 0.5999999999999943, 'JE'),
(266, 1, NULL, 'Gilets_jaunes_-_réécoutez_lintégralité_du_discours_dEmmanuel_Macron_Cut_244', 0.20000000000000284, 'VU'),
(267, 1, NULL, 'Gilets_jaunes_-_réécoutez_lintégralité_du_discours_dEmmanuel_Macron_Cut_245', 0.30000000000001137, 'PEUT-ÊTRE'),
(268, 2, NULL, 'REPLAY_-_Emmanuel_Macron_aux_funérailles_nationales_de_Béji_Caïd_Essebsi_Cut_171', 0.5999999999999943, 'C''EST'),
(269, 1, NULL, 'Gilets_jaunes_-_réécoutez_lintégralité_du_discours_dEmmanuel_Macron_Cut_250', 0.30000000000001137, 'DÉBUT'),
(270, 1, NULL, 'Gilets_jaunes_-_réécoutez_lintégralité_du_discours_dEmmanuel_Macron_Cut_247', 0.4000000000000057, 'RESSENS'),
(271, 1, NULL, 'Gilets_jaunes_-_réécoutez_lintégralité_du_discours_dEmmanuel_Macron_Cut_253', 0.20000000000000284, 'PROCHAINE'),
(272, 2, NULL, 'REPLAY_-_Emmanuel_Macron_aux_funérailles_nationales_de_Béji_Caïd_Essebsi_Cut_172', 0.5, 'ENGAGEMENT'),
(273, 1, NULL, 'Gilets_jaunes_-_réécoutez_lintégralité_du_discours_dEmmanuel_Macron_Cut_254', 0.5999999999999943, 'COMME'),
(274, 2, NULL, 'REPLAY_-_Emmanuel_Macron_aux_funérailles_nationales_de_Béji_Caïd_Essebsi_Cut_176', 0.20000000000000284, 'FAIT'),
(275, 1, NULL, 'Gilets_jaunes_-_réécoutez_lintégralité_du_discours_dEmmanuel_Macron_Cut_256', 0.20000000000000284, 'CETTE'),
(276, 1, NULL, 'Gilets_jaunes_-_réécoutez_lintégralité_du_discours_dEmmanuel_Macron_Cut_260', 0.20000000000000284, 'PLUS'),
(277, 2, NULL, 'REPLAY_-_Emmanuel_Macron_aux_funérailles_nationales_de_Béji_Caïd_Essebsi_Cut_177', 0.20000000000000284, 'TROIS'),
(278, 1, NULL, 'Gilets_jaunes_-_réécoutez_lintégralité_du_discours_dEmmanuel_Macron_Cut_257', 0.5, 'JUSTE'),
(279, 2, NULL, 'REPLAY_-_Emmanuel_Macron_aux_funérailles_nationales_de_Béji_Caïd_Essebsi_Cut_178', 0.20000000000000284, 'FOIS'),
(280, 1, NULL, 'Gilets_jaunes_-_réécoutez_lintégralité_du_discours_dEmmanuel_Macron_Cut_261', 0.3999999999999915, 'PROFONDE'),
(281, 1, NULL, 'Gilets_jaunes_-_réécoutez_lintégralité_du_discours_dEmmanuel_Macron_Cut_262', 0.20000000000000284, 'À'),
(282, 2, NULL, 'REPLAY_-_Emmanuel_Macron_aux_funérailles_nationales_de_Béji_Caïd_Essebsi_Cut_179', 0.5, 'MINISTRE'),
(283, 1, NULL, 'Gilets_jaunes_-_réécoutez_lintégralité_du_discours_dEmmanuel_Macron_Cut_263', 0.20000000000000284, 'BIEN'),
(284, 2, NULL, 'REPLAY_-_Emmanuel_Macron_aux_funérailles_nationales_de_Béji_Caïd_Essebsi_Cut_180', 0.3999999999999915, 'DE'),
(285, 1, NULL, 'Gilets_jaunes_-_réécoutez_lintégralité_du_discours_dEmmanuel_Macron_Cut_264', 0.20000000000000284, 'DES'),
(286, 2, NULL, 'REPLAY_-_Emmanuel_Macron_aux_funérailles_nationales_de_Béji_Caïd_Essebsi_Cut_181', 0.4000000000000057, 'BOURGUIBA'),
(287, 2, NULL, 'REPLAY_-_Emmanuel_Macron_aux_funérailles_nationales_de_Béji_Caïd_Essebsi_Cut_182', 0.3999999999999915, 'PREMIER'),
(288, 2, NULL, 'REPLAY_-_Emmanuel_Macron_aux_funérailles_nationales_de_Béji_Caïd_Essebsi_Cut_183', 0.4000000000000057, 'MINISTRE'),
(289, 2, NULL, 'REPLAY_-_Emmanuel_Macron_aux_funérailles_nationales_de_Béji_Caïd_Essebsi_Cut_185', 0.5, '2011'),
(290, 2, NULL, 'REPLAY_-_Emmanuel_Macron_aux_funérailles_nationales_de_Béji_Caïd_Essebsi_Cut_186', 0.5, 'DEUX'),
(291, 2, NULL, 'REPLAY_-_Emmanuel_Macron_aux_funérailles_nationales_de_Béji_Caïd_Essebsi_Cut_187', 0.20000000000000284, 'FOIS'),
(292, 1, NULL, 'Gilets_jaunes_-_réécoutez_lintégralité_du_discours_dEmmanuel_Macron_Cut_267', 0.5, 'C''EST'),
(293, 1, NULL, 'Gilets_jaunes_-_réécoutez_lintégralité_du_discours_dEmmanuel_Macron_Cut_266', 0.5999999999999943, 'CHANCE'),
(294, 1, NULL, 'Gilets_jaunes_-_réécoutez_lintégralité_du_discours_dEmmanuel_Macron_Cut_270', 0.30000000000001137, 'COUPLE'),
(295, 1, NULL, 'Gilets_jaunes_-_réécoutez_lintégralité_du_discours_dEmmanuel_Macron_Cut_272', 0.5, 'SALARIÉS'),
(296, 1, NULL, 'Gilets_jaunes_-_réécoutez_lintégralité_du_discours_dEmmanuel_Macron_Cut_273', 0.20000000000001705, 'QUI'),
(297, 1, NULL, 'Gilets_jaunes_-_réécoutez_lintégralité_du_discours_dEmmanuel_Macron_Cut_276', 0.30000000000001137, 'PAS'),
(298, 1, NULL, 'Gilets_jaunes_-_réécoutez_lintégralité_du_discours_dEmmanuel_Macron_Cut_278', 0.29999999999998295, 'MOIS'),
(299, 1, NULL, 'Gilets_jaunes_-_réécoutez_lintégralité_du_discours_dEmmanuel_Macron_Cut_282', 0.20000000000001705, 'CHAQUE'),
(300, 1, NULL, 'Gilets_jaunes_-_réécoutez_lintégralité_du_discours_dEmmanuel_Macron_Cut_284', 0.30000000000001137, 'TÔT'),
(301, 1, NULL, 'Gilets_jaunes_-_réécoutez_lintégralité_du_discours_dEmmanuel_Macron_Cut_285', 0.5, 'ET'),
(302, 1, NULL, 'Gilets_jaunes_-_réécoutez_lintégralité_du_discours_dEmmanuel_Macron_Cut_286', 0.29999999999998295, 'REVIENS'),
(303, 2, NULL, 'REPLAY_-_Emmanuel_Macron_aux_funérailles_nationales_de_Béji_Caïd_Essebsi_Cut_189', 0.29999999999999716, '3'),
(304, 1, NULL, 'Gilets_jaunes_-_réécoutez_lintégralité_du_discours_dEmmanuel_Macron_Cut_290', 0.29999999999998295, 'TRAVAILLER'),
(305, 2, NULL, 'REPLAY_-_Emmanuel_Macron_aux_funérailles_nationales_de_Béji_Caïd_Essebsi_Cut_190', 0.5, 'THE'),
(306, 2, NULL, 'REPLAY_-_Emmanuel_Macron_aux_funérailles_nationales_de_Béji_Caïd_Essebsi_Cut_191', 0.20000000000000284, 'X'),
(307, 2, NULL, 'REPLAY_-_Emmanuel_Macron_aux_funérailles_nationales_de_Béji_Caïd_Essebsi_Cut_192', 0.29999999999998295, 'FORCE'),
(308, 1, NULL, 'Gilets_jaunes_-_réécoutez_lintégralité_du_discours_dEmmanuel_Macron_Cut_291', 0.30000000000001137, 'LOIN'),
(309, 2, NULL, 'REPLAY_-_Emmanuel_Macron_aux_funérailles_nationales_de_Béji_Caïd_Essebsi_Cut_194', 0.20000000000001705, '2'),
(310, 2, NULL, 'REPLAY_-_Emmanuel_Macron_aux_funérailles_nationales_de_Béji_Caïd_Essebsi_Cut_193', 0.5, 'DÉPUTÉS'),
(311, 2, NULL, 'REPLAY_-_Emmanuel_Macron_aux_funérailles_nationales_de_Béji_Caïd_Essebsi_Cut_196', 0.5, 'PRÉSIDENT'),
(312, 2, NULL, 'REPLAY_-_Emmanuel_Macron_aux_funérailles_nationales_de_Béji_Caïd_Essebsi_Cut_199', 0.29999999999999716, 'CHAMBRE'),
(313, 2, NULL, 'REPLAY_-_Emmanuel_Macron_aux_funérailles_nationales_de_Béji_Caïd_Essebsi_Cut_200', 0.20000000000000284, 'QUI'),
(314, 2, NULL, 'REPLAY_-_Emmanuel_Macron_aux_funérailles_nationales_de_Béji_Caïd_Essebsi_Cut_201', 0.29999999999999716, 'MARQUENT'),
(315, 2, NULL, 'REPLAY_-_Emmanuel_Macron_aux_funérailles_nationales_de_Béji_Caïd_Essebsi_Cut_203', 0.30000000000001137, 'CES'),
(316, 2, NULL, 'REPLAY_-_Emmanuel_Macron_aux_funérailles_nationales_de_Béji_Caïd_Essebsi_Cut_204', 0.29999999999999716, 'DERNIÈRES'),
(317, 2, NULL, 'REPLAY_-_Emmanuel_Macron_aux_funérailles_nationales_de_Béji_Caïd_Essebsi_Cut_205', 0.29999999999999716, 'DÉCENNIES'),
(318, 2, NULL, 'REPLAY_-_Emmanuel_Macron_aux_funérailles_nationales_de_Béji_Caïd_Essebsi_Cut_210', 0.29999999999999716, 'DE'),
(319, 2, NULL, 'REPLAY_-_Emmanuel_Macron_aux_funérailles_nationales_de_Béji_Caïd_Essebsi_Cut_211', 0.30000000000001137, 'COMBAT'),
(320, 2, NULL, 'REPLAY_-_Emmanuel_Macron_aux_funérailles_nationales_de_Béji_Caïd_Essebsi_Cut_213', 0.4000000000000057, 'CONQUÊTE'),
(321, 1, NULL, 'Gilets_jaunes_-_réécoutez_lintégralité_du_discours_dEmmanuel_Macron_Cut_292', 0.30000000000001137, 'CELLE'),
(322, 1, NULL, 'Gilets_jaunes_-_réécoutez_lintégralité_du_discours_dEmmanuel_Macron_Cut_297', 0.5, 'FAMILLE'),
(323, 1, NULL, 'Gilets_jaunes_-_réécoutez_lintégralité_du_discours_dEmmanuel_Macron_Cut_299', 0.5, 'VEUF'),
(324, 1, NULL, 'Gilets_jaunes_-_réécoutez_lintégralité_du_discours_dEmmanuel_Macron_Cut_301', 0.4000000000000057, 'DIVORCÉ'),
(325, 1, NULL, 'Gilets_jaunes_-_réécoutez_lintégralité_du_discours_dEmmanuel_Macron_Cut_302', 0.4000000000000057, 'QUI'),
(326, 1, NULL, 'Gilets_jaunes_-_réécoutez_lintégralité_du_discours_dEmmanuel_Macron_Cut_305', 0.20000000000001705, 'MÊME'),
(327, 1, NULL, 'Gilets_jaunes_-_réécoutez_lintégralité_du_discours_dEmmanuel_Macron_Cut_307', 0.5999999999999943, 'QUI'),
(328, 1, NULL, 'Gilets_jaunes_-_réécoutez_lintégralité_du_discours_dEmmanuel_Macron_Cut_312', 0.20000000000001705, 'DE'),
(329, 1, NULL, 'Gilets_jaunes_-_réécoutez_lintégralité_du_discours_dEmmanuel_Macron_Cut_314', 0.30000000000001137, 'GARDER'),
(330, 1, NULL, 'Gilets_jaunes_-_réécoutez_lintégralité_du_discours_dEmmanuel_Macron_Cut_315', 0.29999999999998295, 'LES'),
(331, 1, NULL, 'Gilets_jaunes_-_réécoutez_lintégralité_du_discours_dEmmanuel_Macron_Cut_317', 0.4000000000000057, 'ET'),
(332, 1, NULL, 'Gilets_jaunes_-_réécoutez_lintégralité_du_discours_dEmmanuel_Macron_Cut_318', 0.5, 'D''AMÉLIORER'),
(333, 1, NULL, 'Gilets_jaunes_-_réécoutez_lintégralité_du_discours_dEmmanuel_Macron_Cut_320', 0.30000000000001137, 'FINS'),
(334, 1, NULL, 'Gilets_jaunes_-_réécoutez_lintégralité_du_discours_dEmmanuel_Macron_Cut_327', 0.4000000000000057, 'D''ESPOIR'),
(335, 2, NULL, 'REPLAY_-_Emmanuel_Macron_aux_funérailles_nationales_de_Béji_Caïd_Essebsi_Cut_215', 0.39999999999997726, 'ET'),
(336, 2, NULL, 'REPLAY_-_Emmanuel_Macron_aux_funérailles_nationales_de_Béji_Caïd_Essebsi_Cut_216', 0.29999999999998295, 'PARFOIS'),
(337, 2, NULL, 'REPLAY_-_Emmanuel_Macron_aux_funérailles_nationales_de_Béji_Caïd_Essebsi_Cut_217', 0.20000000000001705, 'CETTE'),
(338, 2, NULL, 'REPLAY_-_Emmanuel_Macron_aux_funérailles_nationales_de_Béji_Caïd_Essebsi_Cut_219', 0.29999999999998295, 'CONDUIT'),
(339, 2, NULL, 'REPLAY_-_Emmanuel_Macron_aux_funérailles_nationales_de_Béji_Caïd_Essebsi_Cut_220', 0.5, 'ANNÉE'),
(340, 2, NULL, 'REPLAY_-_Emmanuel_Macron_aux_funérailles_nationales_de_Béji_Caïd_Essebsi_Cut_221', 0.30000000000001137, 'AUSSI'),
(341, 2, NULL, 'REPLAY_-_Emmanuel_Macron_aux_funérailles_nationales_de_Béji_Caïd_Essebsi_Cut_223', 0.4000000000000057, 'SAVOIR'),
(342, 2, NULL, 'REPLAY_-_Emmanuel_Macron_aux_funérailles_nationales_de_Béji_Caïd_Essebsi_Cut_224', 0.5, 'DÉMISSIONNÉ'),
(343, 2, NULL, 'REPLAY_-_Emmanuel_Macron_aux_funérailles_nationales_de_Béji_Caïd_Essebsi_Cut_227', 0.20000000000001705, 'LE'),
(344, 1, NULL, 'Gilets_jaunes_-_réécoutez_lintégralité_du_discours_dEmmanuel_Macron_Cut_328', 0.5999999999999943, 'JE'),
(345, 1, NULL, 'Gilets_jaunes_-_réécoutez_lintégralité_du_discours_dEmmanuel_Macron_Cut_329', 0.5999999999999943, 'CES'),
(346, 1, NULL, 'Gilets_jaunes_-_réécoutez_lintégralité_du_discours_dEmmanuel_Macron_Cut_330', 0.5, 'C''EST'),
(347, 1, NULL, 'Gilets_jaunes_-_réécoutez_lintégralité_du_discours_dEmmanuel_Macron_Cut_335', 0.20000000000001705, 'DE'),
(348, 1, NULL, 'Gilets_jaunes_-_réécoutez_lintégralité_du_discours_dEmmanuel_Macron_Cut_336', 0.20000000000001705, 'CELLE'),
(349, 1, NULL, 'Gilets_jaunes_-_réécoutez_lintégralité_du_discours_dEmmanuel_Macron_Cut_337', 0.29999999999998295, 'COURAGE'),
(350, 1, NULL, 'Gilets_jaunes_-_réécoutez_lintégralité_du_discours_dEmmanuel_Macron_Cut_339', 0.4000000000000057, 'RETRAITÉS'),
(351, 1, NULL, 'Gilets_jaunes_-_réécoutez_lintégralité_du_discours_dEmmanuel_Macron_Cut_340', 0.5999999999999943, 'POUR'),
(352, 2, NULL, 'REPLAY_-_Emmanuel_Macron_aux_funérailles_nationales_de_Béji_Caïd_Essebsi_Cut_229', 0.4000000000000057, 'DE'),
(353, 2, NULL, 'REPLAY_-_Emmanuel_Macron_aux_funérailles_nationales_de_Béji_Caïd_Essebsi_Cut_231', 0.30000000000001137, 'SORBONNE'),
(354, 1, NULL, 'Gilets_jaunes_-_réécoutez_lintégralité_du_discours_dEmmanuel_Macron_Cut_342', 0.39999999999997726, 'PREMIÈRE'),
(355, 2, NULL, 'REPLAY_-_Emmanuel_Macron_aux_funérailles_nationales_de_Béji_Caïd_Essebsi_Cut_235', 0.30000000000001137, 'PLUS'),
(356, 1, NULL, 'Gilets_jaunes_-_réécoutez_lintégralité_du_discours_dEmmanuel_Macron_Cut_343', 0.30000000000001137, 'FOIS'),
(357, 2, NULL, 'REPLAY_-_Emmanuel_Macron_aux_funérailles_nationales_de_Béji_Caïd_Essebsi_Cut_236', 0.39999999999997726, 'TARD'),
(358, 2, NULL, 'REPLAY_-_Emmanuel_Macron_aux_funérailles_nationales_de_Béji_Caïd_Essebsi_Cut_238', 0.4000000000000057, 'HONORIS'),
(359, 1, NULL, 'Gilets_jaunes_-_réécoutez_lintégralité_du_discours_dEmmanuel_Macron_Cut_344', 0.5, 'D17'),
(360, 2, NULL, 'REPLAY_-_Emmanuel_Macron_aux_funérailles_nationales_de_Béji_Caïd_Essebsi_Cut_240', 0.4000000000000057, 'DE'),
(361, 1, NULL, 'Gilets_jaunes_-_réécoutez_lintégralité_du_discours_dEmmanuel_Macron_Cut_346', 0.20000000000001705, 'TRESSES'),
(362, 2, NULL, 'REPLAY_-_Emmanuel_Macron_aux_funérailles_nationales_de_Béji_Caïd_Essebsi_Cut_242', 0.30000000000001137, 'MÊME'),
(363, 1, NULL, 'Gilets_jaunes_-_réécoutez_lintégralité_du_discours_dEmmanuel_Macron_Cut_349', 0.20000000000001705, 'DOS'),
(364, 2, NULL, 'REPLAY_-_Emmanuel_Macron_aux_funérailles_nationales_de_Béji_Caïd_Essebsi_Cut_243', 0.29999999999998295, 'UNIVERSITÉ'),
(365, 1, NULL, 'Gilets_jaunes_-_réécoutez_lintégralité_du_discours_dEmmanuel_Macron_Cut_350', 0.29999999999998295, 'ROND.'),
(366, 1, NULL, 'Gilets_jaunes_-_réécoutez_lintégralité_du_discours_dEmmanuel_Macron_Cut_356', 0.30000000000001137, 'LEUR'),
(367, 1, NULL, 'Gilets_jaunes_-_réécoutez_lintégralité_du_discours_dEmmanuel_Macron_Cut_352', 0.5999999999999943, 'C''EST'),
(368, 1, NULL, 'Gilets_jaunes_-_réécoutez_lintégralité_du_discours_dEmmanuel_Macron_Cut_360', 0.20000000000001705, 'CELLE'),
(369, 1, NULL, 'Gilets_jaunes_-_réécoutez_lintégralité_du_discours_dEmmanuel_Macron_Cut_359', 0.5, 'SOUVENT'),
(370, 1, NULL, 'Gilets_jaunes_-_réécoutez_lintégralité_du_discours_dEmmanuel_Macron_Cut_363', 0.4000000000000057, 'FRAGILE'),
(371, 1, NULL, 'Gilets_jaunes_-_réécoutez_lintégralité_du_discours_dEmmanuel_Macron_Cut_368', 0.29999999999998295, 'PAR'),
(372, 1, NULL, 'Gilets_jaunes_-_réécoutez_lintégralité_du_discours_dEmmanuel_Macron_Cut_369', 0.20000000000001705, 'AN'),
(373, 1, NULL, 'Gilets_jaunes_-_réécoutez_lintégralité_du_discours_dEmmanuel_Macron_Cut_371', 0.4000000000000057, 'ENFANTS'),
(374, 1, NULL, 'Gilets_jaunes_-_réécoutez_lintégralité_du_discours_dEmmanuel_Macron_Cut_375', 0.30000000000001137, 'SORTENT'),
(375, 1, NULL, 'Gilets_jaunes_-_réécoutez_lintégralité_du_discours_dEmmanuel_Macron_Cut_376', 0.30000000000001137, 'PAS'),
(376, 2, NULL, 'REPLAY_-_Emmanuel_Macron_aux_funérailles_nationales_de_Béji_Caïd_Essebsi_Cut_256', 0.20000000000001705, 'FRANCE'),
(377, 2, NULL, 'REPLAY_-_Emmanuel_Macron_aux_funérailles_nationales_de_Béji_Caïd_Essebsi_Cut_253', 0.6000000000000227, 'JE'),
(378, 2, NULL, 'REPLAY_-_Emmanuel_Macron_aux_funérailles_nationales_de_Béji_Caïd_Essebsi_Cut_260', 0.30000000000001137, 'ICI'),
(379, 2, NULL, 'REPLAY_-_Emmanuel_Macron_aux_funérailles_nationales_de_Béji_Caïd_Essebsi_Cut_263', 0.4000000000000057, 'PARTICULIÈRE'),
(380, 2, NULL, 'REPLAY_-_Emmanuel_Macron_aux_funérailles_nationales_de_Béji_Caïd_Essebsi_Cut_264', 0.4000000000000057, 'QUI'),
(381, 2, NULL, 'REPLAY_-_Emmanuel_Macron_aux_funérailles_nationales_de_Béji_Caïd_Essebsi_Cut_269', 0.20000000000001705, 'SON'),
(382, 1, NULL, 'Gilets_jaunes_-_réécoutez_lintégralité_du_discours_dEmmanuel_Macron_Cut_377', 0.30000000000001137, 'EN'),
(383, 1, NULL, 'Gilets_jaunes_-_réécoutez_lintégralité_du_discours_dEmmanuel_Macron_Cut_378', 0.5999999999999943, 'LA'),
(384, 1, NULL, 'Gilets_jaunes_-_réécoutez_lintégralité_du_discours_dEmmanuel_Macron_Cut_382', 0.20000000000001705, 'D''HIER'),
(385, 1, NULL, 'Gilets_jaunes_-_réécoutez_lintégralité_du_discours_dEmmanuel_Macron_Cut_379', 0.5999999999999943, 'SITUATION'),
(386, 1, NULL, 'Gilets_jaunes_-_réécoutez_lintégralité_du_discours_dEmmanuel_Macron_Cut_386', 0.20000000000001705, 'LA'),
(387, 1, NULL, 'Gilets_jaunes_-_réécoutez_lintégralité_du_discours_dEmmanuel_Macron_Cut_387', 0.29999999999998295, 'PLACE'),
(388, 1, NULL, 'Gilets_jaunes_-_réécoutez_lintégralité_du_discours_dEmmanuel_Macron_Cut_391', 0.5, 'N''EST'),
(389, 1, NULL, 'Gilets_jaunes_-_réécoutez_lintégralité_du_discours_dEmmanuel_Macron_Cut_393', 0.20000000000001705, 'ENCORE'),
(390, 1, NULL, 'Gilets_jaunes_-_réécoutez_lintégralité_du_discours_dEmmanuel_Macron_Cut_395', 0.5, 'RECONNU'),
(391, 1, NULL, 'Gilets_jaunes_-_réécoutez_lintégralité_du_discours_dEmmanuel_Macron_Cut_398', 0.29999999999998295, 'TRESSES'),
(392, 2, NULL, 'REPLAY_-_Emmanuel_Macron_aux_funérailles_nationales_de_Béji_Caïd_Essebsi_Cut_272', 0.30000000000001137, 'SI'),
(393, 2, NULL, 'REPLAY_-_Emmanuel_Macron_aux_funérailles_nationales_de_Béji_Caïd_Essebsi_Cut_271', 0.5999999999999943, 'IL'),
(394, 2, NULL, 'REPLAY_-_Emmanuel_Macron_aux_funérailles_nationales_de_Béji_Caïd_Essebsi_Cut_274', 0.29999999999998295, 'M''AUTORISEZ'),
(395, 2, NULL, 'REPLAY_-_Emmanuel_Macron_aux_funérailles_nationales_de_Béji_Caïd_Essebsi_Cut_277', 0.29999999999998295, 'PAS'),
(396, 2, NULL, 'REPLAY_-_Emmanuel_Macron_aux_funérailles_nationales_de_Béji_Caïd_Essebsi_Cut_279', 0.30000000000001137, 'TERME');
INSERT INTO `video_cut` (`id`, `id_video`, `id_format`, `nom`, `duree`, `mot`) VALUES
(397, 2, NULL, 'REPLAY_-_Emmanuel_Macron_aux_funérailles_nationales_de_Béji_Caïd_Essebsi_Cut_280', 0.20000000000001705, 'PRIS'),
(398, 1, NULL, 'Gilets_jaunes_-_réécoutez_lintégralité_du_discours_dEmmanuel_Macron_Cut_399', 0.30000000000001137, 'MAIS'),
(399, 1, NULL, 'Gilets_jaunes_-_réécoutez_lintégralité_du_discours_dEmmanuel_Macron_Cut_407', 0.30000000000001137, 'HABITUER'),
(400, 1, NULL, 'Gilets_jaunes_-_réécoutez_lintégralité_du_discours_dEmmanuel_Macron_Cut_410', 0.30000000000001137, 'FOND'),
(401, 1, NULL, 'Gilets_jaunes_-_réécoutez_lintégralité_du_discours_dEmmanuel_Macron_Cut_411', 0.5999999999999943, 'TOUT'),
(402, 1, NULL, 'Gilets_jaunes_-_réécoutez_lintégralité_du_discours_dEmmanuel_Macron_Cut_413', 0.4000000000000057, 'PASSAIT'),
(403, 1, NULL, 'Gilets_jaunes_-_réécoutez_lintégralité_du_discours_dEmmanuel_Macron_Cut_415', 0.30000000000001137, 'S''ILS'),
(404, 1, NULL, 'Gilets_jaunes_-_réécoutez_lintégralité_du_discours_dEmmanuel_Macron_Cut_416', 0.4000000000000057, 'ÉTAIENT'),
(405, 2, NULL, 'REPLAY_-_Emmanuel_Macron_aux_funérailles_nationales_de_Béji_Caïd_Essebsi_Cut_282', 0.5, 'DANS'),
(406, 2, NULL, 'REPLAY_-_Emmanuel_Macron_aux_funérailles_nationales_de_Béji_Caïd_Essebsi_Cut_281', 0.6000000000000227, 'JE'),
(407, 2, NULL, 'REPLAY_-_Emmanuel_Macron_aux_funérailles_nationales_de_Béji_Caïd_Essebsi_Cut_287', 0.30000000000001137, 'BEAUCOUP'),
(408, 2, NULL, 'REPLAY_-_Emmanuel_Macron_aux_funérailles_nationales_de_Béji_Caïd_Essebsi_Cut_284', 0.30000000000001137, 'SOMMETS'),
(409, 2, NULL, 'REPLAY_-_Emmanuel_Macron_aux_funérailles_nationales_de_Béji_Caïd_Essebsi_Cut_291', 0.20000000000001705, 'DANS'),
(410, 2, NULL, 'REPLAY_-_Emmanuel_Macron_aux_funérailles_nationales_de_Béji_Caïd_Essebsi_Cut_289', 0.20000000000001705, 'NOUS'),
(411, 2, NULL, 'REPLAY_-_Emmanuel_Macron_aux_funérailles_nationales_de_Béji_Caïd_Essebsi_Cut_297', 0.30000000000001137, 'DERNIÈRES'),
(412, 2, NULL, 'REPLAY_-_Emmanuel_Macron_aux_funérailles_nationales_de_Béji_Caïd_Essebsi_Cut_301', 0.4000000000000057, 'MISSION'),
(413, 1, NULL, 'Gilets_jaunes_-_réécoutez_lintégralité_du_discours_dEmmanuel_Macron_Cut_419', 0.5, 'CE'),
(414, 1, NULL, 'Gilets_jaunes_-_réécoutez_lintégralité_du_discours_dEmmanuel_Macron_Cut_418', 0.5, 'PASSER'),
(415, 1, NULL, 'Gilets_jaunes_-_réécoutez_lintégralité_du_discours_dEmmanuel_Macron_Cut_420', 0.20000000000001705, 'SONT'),
(416, 1, NULL, 'Gilets_jaunes_-_réécoutez_lintégralité_du_discours_dEmmanuel_Macron_Cut_421', 0.39999999999997726, '40'),
(417, 1, NULL, 'Gilets_jaunes_-_réécoutez_lintégralité_du_discours_dEmmanuel_Macron_Cut_422', 0.30000000000001137, 'ANNÉES'),
(418, 1, NULL, 'Gilets_jaunes_-_réécoutez_lintégralité_du_discours_dEmmanuel_Macron_Cut_424', 0.30000000000001137, 'MALAISE'),
(419, 1, NULL, 'Gilets_jaunes_-_réécoutez_lintégralité_du_discours_dEmmanuel_Macron_Cut_425', 0.29999999999998295, 'QUI'),
(420, 1, NULL, 'Gilets_jaunes_-_réécoutez_lintégralité_du_discours_dEmmanuel_Macron_Cut_426', 0.5, 'RESURGIT'),
(421, 1, NULL, 'Gilets_jaunes_-_réécoutez_lintégralité_du_discours_dEmmanuel_Macron_Cut_430', 0.6999999999999886, 'TRAVAILLEURS'),
(422, 1, NULL, 'Gilets_jaunes_-_réécoutez_lintégralité_du_discours_dEmmanuel_Macron_Cut_434', 0.30000000000001137, 'RETROUVE'),
(423, 1, NULL, 'Gilets_jaunes_-_réécoutez_lintégralité_du_discours_dEmmanuel_Macron_Cut_435', 0.29999999999998295, 'PLUS'),
(424, 1, NULL, 'Gilets_jaunes_-_réécoutez_lintégralité_du_discours_dEmmanuel_Macron_Cut_436', 0.5999999999999943, 'MALAISE'),
(425, 1, NULL, 'Gilets_jaunes_-_réécoutez_lintégralité_du_discours_dEmmanuel_Macron_Cut_437', 0.20000000000001705, 'DES'),
(426, 1, NULL, 'Gilets_jaunes_-_réécoutez_lintégralité_du_discours_dEmmanuel_Macron_Cut_438', 0.5999999999999943, 'TERRITOIRES'),
(427, 1, NULL, 'Gilets_jaunes_-_réécoutez_lintégralité_du_discours_dEmmanuel_Macron_Cut_439', 0.4000000000000057, 'VILLAGE'),
(428, 2, NULL, 'REPLAY_-_Emmanuel_Macron_aux_funérailles_nationales_de_Béji_Caïd_Essebsi_Cut_302', 0.30000000000001137, 'TAILLE'),
(429, 2, NULL, 'REPLAY_-_Emmanuel_Macron_aux_funérailles_nationales_de_Béji_Caïd_Essebsi_Cut_304', 0.5999999999999943, 'TOUTE'),
(430, 2, NULL, 'REPLAY_-_Emmanuel_Macron_aux_funérailles_nationales_de_Béji_Caïd_Essebsi_Cut_303', 0.5999999999999943, 'IL'),
(431, 2, NULL, 'REPLAY_-_Emmanuel_Macron_aux_funérailles_nationales_de_Béji_Caïd_Essebsi_Cut_306', 0.5, 'QUOTIDIEN'),
(432, 2, NULL, 'REPLAY_-_Emmanuel_Macron_aux_funérailles_nationales_de_Béji_Caïd_Essebsi_Cut_308', 0.20000000000001705, 'SÉRIE'),
(433, 2, NULL, 'REPLAY_-_Emmanuel_Macron_aux_funérailles_nationales_de_Béji_Caïd_Essebsi_Cut_310', 0.20000000000001705, 'AVAIT'),
(434, 2, NULL, 'REPLAY_-_Emmanuel_Macron_aux_funérailles_nationales_de_Béji_Caïd_Essebsi_Cut_317', 0.20000000000001705, 'GOUVERNEMENT'),
(435, 2, NULL, 'REPLAY_-_Emmanuel_Macron_aux_funérailles_nationales_de_Béji_Caïd_Essebsi_Cut_322', 0.20000000000001705, 'PRÉSIDENT'),
(436, 2, NULL, 'REPLAY_-_Emmanuel_Macron_aux_funérailles_nationales_de_Béji_Caïd_Essebsi_Cut_319', 0.5999999999999943, 'PARADOXES'),
(437, 2, NULL, 'REPLAY_-_Emmanuel_Macron_aux_funérailles_nationales_de_Béji_Caïd_Essebsi_Cut_323', 0.4000000000000057, 'ESSEBSI'),
(438, 1, NULL, 'Gilets_jaunes_-_réécoutez_lintégralité_du_discours_dEmmanuel_Macron_Cut_440', 0.6999999999999886, 'QUARTIER'),
(439, 1, NULL, 'Gilets_jaunes_-_réécoutez_lintégralité_du_discours_dEmmanuel_Macron_Cut_441', 0.4000000000000057, 'OÙ'),
(440, 1, NULL, 'Gilets_jaunes_-_réécoutez_lintégralité_du_discours_dEmmanuel_Macron_Cut_443', 0.20000000000001705, 'VOIT'),
(441, 1, NULL, 'Gilets_jaunes_-_réécoutez_lintégralité_du_discours_dEmmanuel_Macron_Cut_445', 0.4000000000000057, 'SERVICES'),
(442, 1, NULL, 'Gilets_jaunes_-_réécoutez_lintégralité_du_discours_dEmmanuel_Macron_Cut_446', 0.4000000000000057, 'PUBLICS'),
(443, 1, NULL, 'Gilets_jaunes_-_réécoutez_lintégralité_du_discours_dEmmanuel_Macron_Cut_447', 0.5, 'SE'),
(444, 1, NULL, 'Gilets_jaunes_-_réécoutez_lintégralité_du_discours_dEmmanuel_Macron_Cut_448', 0.5, 'RÉDUIRE'),
(445, 1, NULL, 'Gilets_jaunes_-_réécoutez_lintégralité_du_discours_dEmmanuel_Macron_Cut_449', 0.29999999999998295, 'ET'),
(446, 1, NULL, 'Gilets_jaunes_-_réécoutez_lintégralité_du_discours_dEmmanuel_Macron_Cut_450', 0.20000000000001705, 'LE'),
(447, 1, NULL, 'Gilets_jaunes_-_réécoutez_lintégralité_du_discours_dEmmanuel_Macron_Cut_451', 0.29999999999998295, 'CADRE'),
(448, 1, NULL, 'Gilets_jaunes_-_réécoutez_lintégralité_du_discours_dEmmanuel_Macron_Cut_453', 0.20000000000001705, 'VIE'),
(449, 1, NULL, 'Gilets_jaunes_-_réécoutez_lintégralité_du_discours_dEmmanuel_Macron_Cut_454', 0.5999999999999943, 'DISPARAÎTRE'),
(450, 1, NULL, 'Gilets_jaunes_-_réécoutez_lintégralité_du_discours_dEmmanuel_Macron_Cut_455', 0.5999999999999943, 'MALAISE'),
(451, 1, NULL, 'Gilets_jaunes_-_réécoutez_lintégralité_du_discours_dEmmanuel_Macron_Cut_458', 0.20000000000001705, 'SE'),
(452, 1, NULL, 'Gilets_jaunes_-_réécoutez_lintégralité_du_discours_dEmmanuel_Macron_Cut_459', 0.29999999999998295, 'DÉVELOPPE'),
(453, 1, NULL, 'Gilets_jaunes_-_réécoutez_lintégralité_du_discours_dEmmanuel_Macron_Cut_460', 0.20000000000001705, 'LE'),
(454, 1, NULL, 'Gilets_jaunes_-_réécoutez_lintégralité_du_discours_dEmmanuel_Macron_Cut_461', 0.39999999999997726, 'SENTIMENT'),
(455, 1, NULL, 'Gilets_jaunes_-_réécoutez_lintégralité_du_discours_dEmmanuel_Macron_Cut_466', 0.5, 'ENTENDU'),
(456, 1, NULL, 'Gilets_jaunes_-_réécoutez_lintégralité_du_discours_dEmmanuel_Macron_Cut_468', 0.4000000000000057, 'FASO'),
(457, 2, NULL, 'REPLAY_-_Emmanuel_Macron_aux_funérailles_nationales_de_Béji_Caïd_Essebsi_Cut_326', 0.29999999999998295, 'FORME'),
(458, 2, NULL, 'REPLAY_-_Emmanuel_Macron_aux_funérailles_nationales_de_Béji_Caïd_Essebsi_Cut_324', 0.5999999999999943, 'LA'),
(459, 2, NULL, 'REPLAY_-_Emmanuel_Macron_aux_funérailles_nationales_de_Béji_Caïd_Essebsi_Cut_328', 0.29999999999998295, 'SAGESSE'),
(460, 2, NULL, 'REPLAY_-_Emmanuel_Macron_aux_funérailles_nationales_de_Béji_Caïd_Essebsi_Cut_327', 0.6000000000000227, 'D''INSOLENCE'),
(461, 2, NULL, 'REPLAY_-_Emmanuel_Macron_aux_funérailles_nationales_de_Béji_Caïd_Essebsi_Cut_329', 0.6000000000000227, 'DE'),
(462, 2, NULL, 'REPLAY_-_Emmanuel_Macron_aux_funérailles_nationales_de_Béji_Caïd_Essebsi_Cut_330', 0.6999999999999886, 'JUVÉNILE'),
(463, 2, NULL, 'REPLAY_-_Emmanuel_Macron_aux_funérailles_nationales_de_Béji_Caïd_Essebsi_Cut_331', 0.39999999999997726, 'CELUI'),
(464, 2, NULL, 'REPLAY_-_Emmanuel_Macron_aux_funérailles_nationales_de_Béji_Caïd_Essebsi_Cut_333', 0.29999999999998295, 'ÉTAIT'),
(465, 2, NULL, 'REPLAY_-_Emmanuel_Macron_aux_funérailles_nationales_de_Béji_Caïd_Essebsi_Cut_334', 0.5, 'LE'),
(466, 2, NULL, 'REPLAY_-_Emmanuel_Macron_aux_funérailles_nationales_de_Béji_Caïd_Essebsi_Cut_335', 0.4000000000000057, 'DOYEN'),
(467, 2, NULL, 'REPLAY_-_Emmanuel_Macron_aux_funérailles_nationales_de_Béji_Caïd_Essebsi_Cut_337', 0.20000000000001705, 'NOUS'),
(468, 1, NULL, 'Gilets_jaunes_-_réécoutez_lintégralité_du_discours_dEmmanuel_Macron_Cut_469', 0.5, 'DE'),
(469, 1, NULL, 'Gilets_jaunes_-_réécoutez_lintégralité_du_discours_dEmmanuel_Macron_Cut_470', 0.5999999999999943, 'CELA'),
(470, 1, NULL, 'Gilets_jaunes_-_réécoutez_lintégralité_du_discours_dEmmanuel_Macron_Cut_475', 0.20000000000001705, 'TRÈS'),
(471, 1, NULL, 'Gilets_jaunes_-_réécoutez_lintégralité_du_discours_dEmmanuel_Macron_Cut_472', 0.20000000000001705, 'SOCIÉTÉ'),
(472, 1, NULL, 'Gilets_jaunes_-_réécoutez_lintégralité_du_discours_dEmmanuel_Macron_Cut_481', 0.4000000000000057, 'EST'),
(473, 1, NULL, 'Gilets_jaunes_-_réécoutez_lintégralité_du_discours_dEmmanuel_Macron_Cut_482', 0.4000000000000057, 'DEVANT'),
(474, 1, NULL, 'Gilets_jaunes_-_réécoutez_lintégralité_du_discours_dEmmanuel_Macron_Cut_486', 0.20000000000001705, 'VIE'),
(475, 1, NULL, 'Gilets_jaunes_-_réécoutez_lintégralité_du_discours_dEmmanuel_Macron_Cut_488', 0.30000000000001137, 'CRÉE'),
(476, 1, NULL, 'Gilets_jaunes_-_réécoutez_lintégralité_du_discours_dEmmanuel_Macron_Cut_490', 0.5, 'BARRIÈRES'),
(477, 1, NULL, 'Gilets_jaunes_-_réécoutez_lintégralité_du_discours_dEmmanuel_Macron_Cut_491', 0.4000000000000057, 'DE'),
(478, 1, NULL, 'Gilets_jaunes_-_réécoutez_lintégralité_du_discours_dEmmanuel_Macron_Cut_493', 0.29999999999998295, 'DISTANCE'),
(479, 2, NULL, 'REPLAY_-_Emmanuel_Macron_aux_funérailles_nationales_de_Béji_Caïd_Essebsi_Cut_338', 0.4000000000000057, 'CD'),
(480, 2, NULL, 'REPLAY_-_Emmanuel_Macron_aux_funérailles_nationales_de_Béji_Caïd_Essebsi_Cut_339', 0.5999999999999943, 'CE'),
(481, 2, NULL, 'REPLAY_-_Emmanuel_Macron_aux_funérailles_nationales_de_Béji_Caïd_Essebsi_Cut_342', 0.4000000000000057, 'SENTIMENT'),
(482, 2, NULL, 'REPLAY_-_Emmanuel_Macron_aux_funérailles_nationales_de_Béji_Caïd_Essebsi_Cut_344', 0.30000000000001137, 'POUVAIT'),
(483, 2, NULL, 'REPLAY_-_Emmanuel_Macron_aux_funérailles_nationales_de_Béji_Caïd_Essebsi_Cut_348', 0.30000000000001137, 'DÉFENDRE'),
(484, 2, NULL, 'REPLAY_-_Emmanuel_Macron_aux_funérailles_nationales_de_Béji_Caïd_Essebsi_Cut_349', 0.30000000000001137, 'DES'),
(485, 2, NULL, 'REPLAY_-_Emmanuel_Macron_aux_funérailles_nationales_de_Béji_Caïd_Essebsi_Cut_350', 0.5, 'CHOSES'),
(486, 2, NULL, 'REPLAY_-_Emmanuel_Macron_aux_funérailles_nationales_de_Béji_Caïd_Essebsi_Cut_354', 0.39999999999997726, 'FAIRE'),
(487, 2, NULL, 'REPLAY_-_Emmanuel_Macron_aux_funérailles_nationales_de_Béji_Caïd_Essebsi_Cut_356', 0.30000000000001137, 'SOUDAIN'),
(488, 2, NULL, 'REPLAY_-_Emmanuel_Macron_aux_funérailles_nationales_de_Béji_Caïd_Essebsi_Cut_358', 0.5, 'SERRÉ'),
(489, 2, NULL, 'REPLAY_-_Emmanuel_Macron_aux_funérailles_nationales_de_Béji_Caïd_Essebsi_Cut_360', 0.29999999999998295, 'VENAIT'),
(490, 1, NULL, 'Gilets_jaunes_-_réécoutez_lintégralité_du_discours_dEmmanuel_Macron_Cut_496', 0.5, 'SANS'),
(491, 1, NULL, 'Gilets_jaunes_-_réécoutez_lintégralité_du_discours_dEmmanuel_Macron_Cut_494', 0.5999999999999943, 'MAIS'),
(492, 1, NULL, 'Gilets_jaunes_-_réécoutez_lintégralité_du_discours_dEmmanuel_Macron_Cut_495', 0.6999999999999886, 'MAINTENANT'),
(493, 1, NULL, 'Gilets_jaunes_-_réécoutez_lintégralité_du_discours_dEmmanuel_Macron_Cut_497', 0.20000000000001705, 'DOUTE'),
(494, 1, NULL, 'Gilets_jaunes_-_réécoutez_lintégralité_du_discours_dEmmanuel_Macron_Cut_503', 0.20000000000001705, 'DEPUIS'),
(495, 1, NULL, 'Gilets_jaunes_-_réécoutez_lintégralité_du_discours_dEmmanuel_Macron_Cut_504', 0.29999999999998295, 'UN'),
(496, 2, NULL, 'REPLAY_-_Emmanuel_Macron_aux_funérailles_nationales_de_Béji_Caïd_Essebsi_Cut_365', 0.4000000000000057, 'EMPORTER'),
(497, 2, NULL, 'REPLAY_-_Emmanuel_Macron_aux_funérailles_nationales_de_Béji_Caïd_Essebsi_Cut_363', 0.5, 'UN'),
(498, 1, NULL, 'Gilets_jaunes_-_réécoutez_lintégralité_du_discours_dEmmanuel_Macron_Cut_508', 0.4000000000000057, 'ET'),
(499, 2, NULL, 'REPLAY_-_Emmanuel_Macron_aux_funérailles_nationales_de_Béji_Caïd_Essebsi_Cut_364', 0.5, 'QUI'),
(500, 2, NULL, 'REPLAY_-_Emmanuel_Macron_aux_funérailles_nationales_de_Béji_Caïd_Essebsi_Cut_369', 0.20000000000001705, 'GRAND'),
(501, 2, NULL, 'REPLAY_-_Emmanuel_Macron_aux_funérailles_nationales_de_Béji_Caïd_Essebsi_Cut_367', 0.30000000000001137, 'CHOSE'),
(502, 2, NULL, 'REPLAY_-_Emmanuel_Macron_aux_funérailles_nationales_de_Béji_Caïd_Essebsi_Cut_374', 0.4000000000000057, 'PRÉSIDENT'),
(503, 1, NULL, 'Gilets_jaunes_-_réécoutez_lintégralité_du_discours_dEmmanuel_Macron_Cut_509', 0.4000000000000057, 'APPORTER'),
(504, 2, NULL, 'REPLAY_-_Emmanuel_Macron_aux_funérailles_nationales_de_Béji_Caïd_Essebsi_Cut_373', 0.4000000000000057, 'TOUT'),
(505, 2, NULL, 'REPLAY_-_Emmanuel_Macron_aux_funérailles_nationales_de_Béji_Caïd_Essebsi_Cut_376', 0.20000000000001705, 'AVEZ'),
(506, 2, NULL, 'REPLAY_-_Emmanuel_Macron_aux_funérailles_nationales_de_Béji_Caïd_Essebsi_Cut_380', 0.30000000000001137, 'GRAND'),
(507, 2, NULL, 'REPLAY_-_Emmanuel_Macron_aux_funérailles_nationales_de_Béji_Caïd_Essebsi_Cut_381', 0.29999999999998295, 'PRÉSIDENT'),
(508, 1, NULL, 'Gilets_jaunes_-_réécoutez_lintégralité_du_discours_dEmmanuel_Macron_Cut_517', 0.4000000000000057, 'FORT'),
(509, 1, NULL, 'Gilets_jaunes_-_réécoutez_lintégralité_du_discours_dEmmanuel_Macron_Cut_515', 0.5999999999999943, 'IL'),
(510, 1, NULL, 'Gilets_jaunes_-_réécoutez_lintégralité_du_discours_dEmmanuel_Macron_Cut_514', 0.5999999999999943, 'JE'),
(511, 1, NULL, 'Gilets_jaunes_-_réécoutez_lintégralité_du_discours_dEmmanuel_Macron_Cut_523', 0.30000000000001137, 'PART'),
(512, 1, NULL, 'Gilets_jaunes_-_réécoutez_lintégralité_du_discours_dEmmanuel_Macron_Cut_520', 0.6000000000000227, 'M''ARRIVER'),
(513, 1, NULL, 'Gilets_jaunes_-_réécoutez_lintégralité_du_discours_dEmmanuel_Macron_Cut_525', 0.20000000000001705, 'CETTE'),
(514, 1, NULL, 'Gilets_jaunes_-_réécoutez_lintégralité_du_discours_dEmmanuel_Macron_Cut_526', 0.29999999999998295, 'DE'),
(515, 1, NULL, 'Gilets_jaunes_-_réécoutez_lintégralité_du_discours_dEmmanuel_Macron_Cut_531', 0.30000000000001137, 'SENTIMENT'),
(516, 1, NULL, 'Gilets_jaunes_-_réécoutez_lintégralité_du_discours_dEmmanuel_Macron_Cut_532', 0.39999999999997726, 'QUE'),
(517, 1, NULL, 'Gilets_jaunes_-_réécoutez_lintégralité_du_discours_dEmmanuel_Macron_Cut_534', 0.29999999999998295, 'N''ÉTAIT'),
(518, 1, NULL, 'Gilets_jaunes_-_réécoutez_lintégralité_du_discours_dEmmanuel_Macron_Cut_536', 0.20000000000001705, 'MON'),
(519, 2, NULL, 'REPLAY_-_Emmanuel_Macron_aux_funérailles_nationales_de_Béji_Caïd_Essebsi_Cut_385', 0.39999999999997726, 'SAGESSE'),
(520, 2, NULL, 'REPLAY_-_Emmanuel_Macron_aux_funérailles_nationales_de_Béji_Caïd_Essebsi_Cut_383', 0.6999999999999886, 'UNE'),
(521, 2, NULL, 'REPLAY_-_Emmanuel_Macron_aux_funérailles_nationales_de_Béji_Caïd_Essebsi_Cut_384', 0.5, 'UNE'),
(522, 2, NULL, 'REPLAY_-_Emmanuel_Macron_aux_funérailles_nationales_de_Béji_Caïd_Essebsi_Cut_386', 0.30000000000001137, 'DES'),
(523, 2, NULL, 'REPLAY_-_Emmanuel_Macron_aux_funérailles_nationales_de_Béji_Caïd_Essebsi_Cut_387', 0.30000000000001137, 'JEUNESSE'),
(524, 2, NULL, 'REPLAY_-_Emmanuel_Macron_aux_funérailles_nationales_de_Béji_Caïd_Essebsi_Cut_389', 0.5, 'DÉCENNIES'),
(525, 2, NULL, 'REPLAY_-_Emmanuel_Macron_aux_funérailles_nationales_de_Béji_Caïd_Essebsi_Cut_388', 0.20000000000001705, 'FOLLE'),
(526, 2, NULL, 'REPLAY_-_Emmanuel_Macron_aux_funérailles_nationales_de_Béji_Caïd_Essebsi_Cut_390', 0.39999999999997726, 'QUI'),
(527, 2, NULL, 'REPLAY_-_Emmanuel_Macron_aux_funérailles_nationales_de_Béji_Caïd_Essebsi_Cut_391', 0.5999999999999943, 'ACCUMULÉES'),
(528, 2, NULL, 'REPLAY_-_Emmanuel_Macron_aux_funérailles_nationales_de_Béji_Caïd_Essebsi_Cut_395', 0.20000000000001705, 'RIEN'),
(529, 1, NULL, 'Gilets_jaunes_-_réécoutez_lintégralité_du_discours_dEmmanuel_Macron_Cut_539', 0.5, 'JE'),
(530, 1, NULL, 'Gilets_jaunes_-_réécoutez_lintégralité_du_discours_dEmmanuel_Macron_Cut_538', 0.5, 'QUE'),
(531, 1, NULL, 'Gilets_jaunes_-_réécoutez_lintégralité_du_discours_dEmmanuel_Macron_Cut_543', 0.30000000000001137, 'J''AVAIS'),
(532, 1, NULL, 'Gilets_jaunes_-_réécoutez_lintégralité_du_discours_dEmmanuel_Macron_Cut_542', 0.4000000000000057, 'QU''IL'),
(533, 1, NULL, 'Gilets_jaunes_-_réécoutez_lintégralité_du_discours_dEmmanuel_Macron_Cut_545', 0.30000000000001137, 'PRIORITÉS'),
(534, 1, NULL, 'Gilets_jaunes_-_réécoutez_lintégralité_du_discours_dEmmanuel_Macron_Cut_548', 0.4000000000000057, 'DE'),
(535, 1, NULL, 'Gilets_jaunes_-_réécoutez_lintégralité_du_discours_dEmmanuel_Macron_Cut_549', 0.4000000000000057, 'BLESSER'),
(536, 1, NULL, 'Gilets_jaunes_-_réécoutez_lintégralité_du_discours_dEmmanuel_Macron_Cut_550', 0.30000000000001137, 'CERTAINS'),
(537, 1, NULL, 'Gilets_jaunes_-_réécoutez_lintégralité_du_discours_dEmmanuel_Macron_Cut_555', 0.29999999999998295, 'PROPOS'),
(538, 2, NULL, 'REPLAY_-_Emmanuel_Macron_aux_funérailles_nationales_de_Béji_Caïd_Essebsi_Cut_398', 0.5, 'ET'),
(539, 2, NULL, 'REPLAY_-_Emmanuel_Macron_aux_funérailles_nationales_de_Béji_Caïd_Essebsi_Cut_397', 0.6000000000000227, 'POUR'),
(540, 2, NULL, 'REPLAY_-_Emmanuel_Macron_aux_funérailles_nationales_de_Béji_Caïd_Essebsi_Cut_396', 0.5999999999999943, 'EMBRASSER'),
(541, 2, NULL, 'REPLAY_-_Emmanuel_Macron_aux_funérailles_nationales_de_Béji_Caïd_Essebsi_Cut_402', 0.5, 'RÉUNISSIONS'),
(542, 2, NULL, 'REPLAY_-_Emmanuel_Macron_aux_funérailles_nationales_de_Béji_Caïd_Essebsi_Cut_407', 0.20000000000001705, 'LE'),
(543, 2, NULL, 'REPLAY_-_Emmanuel_Macron_aux_funérailles_nationales_de_Béji_Caïd_Essebsi_Cut_406', 0.20000000000001705, 'SI'),
(544, 1, NULL, 'Gilets_jaunes_-_réécoutez_lintégralité_du_discours_dEmmanuel_Macron_Cut_557', 0.5, 'SI'),
(545, 1, NULL, 'Gilets_jaunes_-_réécoutez_lintégralité_du_discours_dEmmanuel_Macron_Cut_558', 0.5, 'SOIR'),
(546, 2, NULL, 'REPLAY_-_Emmanuel_Macron_aux_funérailles_nationales_de_Béji_Caïd_Essebsi_Cut_411', 0.4000000000000057, 'ÉTAIT'),
(547, 2, NULL, 'REPLAY_-_Emmanuel_Macron_aux_funérailles_nationales_de_Béji_Caïd_Essebsi_Cut_412', 0.29999999999998295, 'BG'),
(548, 1, NULL, 'Gilets_jaunes_-_réécoutez_lintégralité_du_discours_dEmmanuel_Macron_Cut_565', 0.30000000000001137, 'AVEC'),
(549, 1, NULL, 'Gilets_jaunes_-_réécoutez_lintégralité_du_discours_dEmmanuel_Macron_Cut_561', 0.30000000000001137, 'SUIS'),
(550, 1, NULL, 'Gilets_jaunes_-_réécoutez_lintégralité_du_discours_dEmmanuel_Macron_Cut_566', 0.29999999999998295, 'VOUS'),
(551, 1, NULL, 'Gilets_jaunes_-_réécoutez_lintégralité_du_discours_dEmmanuel_Macron_Cut_567', 0.29999999999998295, 'BATTU'),
(552, 1, NULL, 'Gilets_jaunes_-_réécoutez_lintégralité_du_discours_dEmmanuel_Macron_Cut_569', 0.5, 'BOUSCULER'),
(553, 1, NULL, 'Gilets_jaunes_-_réécoutez_lintégralité_du_discours_dEmmanuel_Macron_Cut_571', 0.39999999999997726, 'SYSTÈME'),
(554, 1, NULL, 'Gilets_jaunes_-_réécoutez_lintégralité_du_discours_dEmmanuel_Macron_Cut_573', 0.5, 'EN'),
(555, 1, NULL, 'Gilets_jaunes_-_réécoutez_lintégralité_du_discours_dEmmanuel_Macron_Cut_574', 0.30000000000001137, 'PLACE'),
(556, 1, NULL, 'Gilets_jaunes_-_réécoutez_lintégralité_du_discours_dEmmanuel_Macron_Cut_576', 0.5, 'HABITUDES'),
(557, 1, NULL, 'Gilets_jaunes_-_réécoutez_lintégralité_du_discours_dEmmanuel_Macron_Cut_577', 0.5, 'LES'),
(558, 1, NULL, 'Gilets_jaunes_-_réécoutez_lintégralité_du_discours_dEmmanuel_Macron_Cut_578', 0.5, 'HYPOCRISIE'),
(559, 2, NULL, 'REPLAY_-_Emmanuel_Macron_aux_funérailles_nationales_de_Béji_Caïd_Essebsi_Cut_414', 0.5999999999999943, 'TOUR'),
(560, 2, NULL, 'REPLAY_-_Emmanuel_Macron_aux_funérailles_nationales_de_Béji_Caïd_Essebsi_Cut_415', 0.5999999999999943, 'LES'),
(561, 2, NULL, 'REPLAY_-_Emmanuel_Macron_aux_funérailles_nationales_de_Béji_Caïd_Essebsi_Cut_421', 0.29999999999998295, 'PRÉSIDENT'),
(562, 2, NULL, 'REPLAY_-_Emmanuel_Macron_aux_funérailles_nationales_de_Béji_Caïd_Essebsi_Cut_422', 0.30000000000001137, 'BIENNE'),
(563, 2, NULL, 'REPLAY_-_Emmanuel_Macron_aux_funérailles_nationales_de_Béji_Caïd_Essebsi_Cut_425', 0.30000000000001137, 'PARFOIS'),
(564, 2, NULL, 'REPLAY_-_Emmanuel_Macron_aux_funérailles_nationales_de_Béji_Caïd_Essebsi_Cut_423', 0.5, 'S''ARRACHE'),
(565, 2, NULL, 'REPLAY_-_Emmanuel_Macron_aux_funérailles_nationales_de_Béji_Caïd_Essebsi_Cut_428', 0.20000000000001705, 'PAS'),
(566, 2, NULL, 'REPLAY_-_Emmanuel_Macron_aux_funérailles_nationales_de_Béji_Caïd_Essebsi_Cut_430', 0.20000000000001705, 'LES'),
(567, 2, NULL, 'REPLAY_-_Emmanuel_Macron_aux_funérailles_nationales_de_Béji_Caïd_Essebsi_Cut_432', 0.30000000000001137, 'LES'),
(568, 2, NULL, 'REPLAY_-_Emmanuel_Macron_aux_funérailles_nationales_de_Béji_Caïd_Essebsi_Cut_433', 0.29999999999998295, 'FORCES'),
(569, 2, NULL, 'REPLAY_-_Emmanuel_Macron_aux_funérailles_nationales_de_Béji_Caïd_Essebsi_Cut_436', 0.20000000000001705, 'LES'),
(570, 2, NULL, 'REPLAY_-_Emmanuel_Macron_aux_funérailles_nationales_de_Béji_Caïd_Essebsi_Cut_439', 0.20000000000001705, 'ÉTAIENT'),
(571, 2, NULL, 'REPLAY_-_Emmanuel_Macron_aux_funérailles_nationales_de_Béji_Caïd_Essebsi_Cut_441', 0.5999999999999943, 'JE'),
(572, 2, NULL, 'REPLAY_-_Emmanuel_Macron_aux_funérailles_nationales_de_Béji_Caïd_Essebsi_Cut_442', 0.20000000000001705, 'MENS'),
(573, 1, NULL, 'Gilets_jaunes_-_réécoutez_lintégralité_du_discours_dEmmanuel_Macron_Cut_580', 0.5, 'ET'),
(574, 1, NULL, 'Gilets_jaunes_-_réécoutez_lintégralité_du_discours_dEmmanuel_Macron_Cut_579', 0.5, 'C''EST'),
(575, 1, NULL, 'Gilets_jaunes_-_réécoutez_lintégralité_du_discours_dEmmanuel_Macron_Cut_581', 0.20000000000004547, 'MA'),
(576, 1, NULL, 'Gilets_jaunes_-_réécoutez_lintégralité_du_discours_dEmmanuel_Macron_Cut_583', 0.2999999999999545, 'LÉGITIMITÉ'),
(577, 1, NULL, 'Gilets_jaunes_-_réécoutez_lintégralité_du_discours_dEmmanuel_Macron_Cut_582', 0.6999999999999886, 'PRÉCISÉMENT'),
(578, 1, NULL, 'Gilets_jaunes_-_réécoutez_lintégralité_du_discours_dEmmanuel_Macron_Cut_586', 0.2999999999999545, 'L''ATTIRE'),
(579, 1, NULL, 'Gilets_jaunes_-_réécoutez_lintégralité_du_discours_dEmmanuel_Macron_Cut_587', 0.30000000000001137, 'PARCE'),
(580, 1, NULL, 'Gilets_jaunes_-_réécoutez_lintégralité_du_discours_dEmmanuel_Macron_Cut_588', 0.20000000000004547, 'DONC'),
(581, 1, NULL, 'Gilets_jaunes_-_réécoutez_lintégralité_du_discours_dEmmanuel_Macron_Cut_594', 0.39999999999997726, 'TOUT'),
(582, 1, NULL, 'Gilets_jaunes_-_réécoutez_lintégralité_du_discours_dEmmanuel_Macron_Cut_596', 0.4000000000000341, 'TITRE'),
(583, 1, NULL, 'Gilets_jaunes_-_réécoutez_lintégralité_du_discours_dEmmanuel_Macron_Cut_598', 0.20000000000004547, 'NOTRE'),
(584, 1, NULL, 'Gilets_jaunes_-_réécoutez_lintégralité_du_discours_dEmmanuel_Macron_Cut_599', 0.2999999999999545, 'DONC'),
(585, 1, NULL, 'Gilets_jaunes_-_réécoutez_lintégralité_du_discours_dEmmanuel_Macron_Cut_606', 0.5, 'PARTIE'),
(586, 1, NULL, 'Gilets_jaunes_-_réécoutez_lintégralité_du_discours_dEmmanuel_Macron_Cut_607', 0.5, 'D''AUCUNE.'),
(587, 2, NULL, 'REPLAY_-_Emmanuel_Macron_aux_funérailles_nationales_de_Béji_Caïd_Essebsi_Cut_445', 0.30000000000001137, 'VIENS'),
(588, 2, NULL, 'REPLAY_-_Emmanuel_Macron_aux_funérailles_nationales_de_Béji_Caïd_Essebsi_Cut_444', 0.6000000000000227, 'AVEC'),
(589, 2, NULL, 'REPLAY_-_Emmanuel_Macron_aux_funérailles_nationales_de_Béji_Caïd_Essebsi_Cut_449', 0.29999999999998295, 'UNE'),
(590, 1, NULL, 'Gilets_jaunes_-_réécoutez_lintégralité_du_discours_dEmmanuel_Macron_Cut_611', 0.30000000000001137, 'PAYS'),
(591, 1, NULL, 'Gilets_jaunes_-_réécoutez_lintégralité_du_discours_dEmmanuel_Macron_Cut_608', 0.6000000000000227, 'JE'),
(592, 2, NULL, 'REPLAY_-_Emmanuel_Macron_aux_funérailles_nationales_de_Béji_Caïd_Essebsi_Cut_451', 0.20000000000001705, 'FORCE'),
(593, 1, NULL, 'Gilets_jaunes_-_réécoutez_lintégralité_du_discours_dEmmanuel_Macron_Cut_612', 0.5, 'TRAVERSE'),
(594, 2, NULL, 'REPLAY_-_Emmanuel_Macron_aux_funérailles_nationales_de_Béji_Caïd_Essebsi_Cut_456', 0.20000000000001705, 'MES'),
(595, 1, NULL, 'Gilets_jaunes_-_réécoutez_lintégralité_du_discours_dEmmanuel_Macron_Cut_614', 0.30000000000001137, 'L''ATTIRE'),
(596, 1, NULL, 'Gilets_jaunes_-_réécoutez_lintégralité_du_discours_dEmmanuel_Macron_Cut_615', 0.30000000000001137, 'MAL'),
(597, 2, NULL, 'REPLAY_-_Emmanuel_Macron_aux_funérailles_nationales_de_Béji_Caïd_Essebsi_Cut_457', 0.29999999999998295, 'FRÈRES'),
(598, 1, NULL, 'Gilets_jaunes_-_réécoutez_lintégralité_du_discours_dEmmanuel_Macron_Cut_622', 0.30000000000001137, 'VIVRE'),
(599, 2, NULL, 'REPLAY_-_Emmanuel_Macron_aux_funérailles_nationales_de_Béji_Caïd_Essebsi_Cut_459', 0.30000000000001137, 'COMBIEN'),
(600, 2, NULL, 'REPLAY_-_Emmanuel_Macron_aux_funérailles_nationales_de_Béji_Caïd_Essebsi_Cut_462', 0.6000000000000227, 'S''ENTENDRE'),
(601, 2, NULL, 'REPLAY_-_Emmanuel_Macron_aux_funérailles_nationales_de_Béji_Caïd_Essebsi_Cut_465', 0.4000000000000341, 'CONVICTION'),
(602, 2, NULL, 'REPLAY_-_Emmanuel_Macron_aux_funérailles_nationales_de_Béji_Caïd_Essebsi_Cut_464', 0.6000000000000227, 'LA'),
(603, 2, NULL, 'REPLAY_-_Emmanuel_Macron_aux_funérailles_nationales_de_Béji_Caïd_Essebsi_Cut_469', 0.39999999999997726, 'N''AVAIT'),
(604, 2, NULL, 'REPLAY_-_Emmanuel_Macron_aux_funérailles_nationales_de_Béji_Caïd_Essebsi_Cut_472', 0.4000000000000341, 'QU''IL'),
(605, 1, NULL, 'Gilets_jaunes_-_réécoutez_lintégralité_du_discours_dEmmanuel_Macron_Cut_628', 0.4000000000000341, 'QUE'),
(606, 2, NULL, 'REPLAY_-_Emmanuel_Macron_aux_funérailles_nationales_de_Béji_Caïd_Essebsi_Cut_483', 0.30000000000001137, 'POUR'),
(607, 1, NULL, 'Gilets_jaunes_-_réécoutez_lintégralité_du_discours_dEmmanuel_Macron_Cut_630', 0.30000000000001137, 'POUVONS'),
(608, 2, NULL, 'REPLAY_-_Emmanuel_Macron_aux_funérailles_nationales_de_Béji_Caïd_Essebsi_Cut_485', 0.6000000000000227, 'FRANCOPHONIE'),
(609, 1, NULL, 'Gilets_jaunes_-_réécoutez_lintégralité_du_discours_dEmmanuel_Macron_Cut_632', 0.6000000000000227, 'UNE'),
(610, 1, NULL, 'Gilets_jaunes_-_réécoutez_lintégralité_du_discours_dEmmanuel_Macron_Cut_633', 0.30000000000001137, 'VOIE'),
(611, 1, NULL, 'Gilets_jaunes_-_réécoutez_lintégralité_du_discours_dEmmanuel_Macron_Cut_636', 0.20000000000004547, 'SORTIR'),
(612, 1, NULL, 'Gilets_jaunes_-_réécoutez_lintégralité_du_discours_dEmmanuel_Macron_Cut_637', 0.5, 'TOUS'),
(613, 1, NULL, 'Gilets_jaunes_-_réécoutez_lintégralité_du_discours_dEmmanuel_Macron_Cut_638', 0.39999999999997726, 'ENSEMBLE'),
(614, 1, NULL, 'Gilets_jaunes_-_réécoutez_lintégralité_du_discours_dEmmanuel_Macron_Cut_640', 0.30000000000001137, 'LE'),
(615, 1, NULL, 'Gilets_jaunes_-_réécoutez_lintégralité_du_discours_dEmmanuel_Macron_Cut_649', 0.5, 'VOCATION'),
(616, 1, NULL, 'Gilets_jaunes_-_réécoutez_lintégralité_du_discours_dEmmanuel_Macron_Cut_650', 0.5, 'AU'),
(617, 1, NULL, 'Gilets_jaunes_-_réécoutez_lintégralité_du_discours_dEmmanuel_Macron_Cut_651', 0.4000000000000341, 'TRAVERS'),
(618, 1, NULL, 'Gilets_jaunes_-_réécoutez_lintégralité_du_discours_dEmmanuel_Macron_Cut_653', 0.4000000000000341, 'L''HISTOIRE'),
(619, 1, NULL, 'Gilets_jaunes_-_réécoutez_lintégralité_du_discours_dEmmanuel_Macron_Cut_654', 0.2999999999999545, 'D''OUVRIR'),
(620, 2, NULL, 'REPLAY_-_Emmanuel_Macron_aux_funérailles_nationales_de_Béji_Caïd_Essebsi_Cut_489', 0.5, 'LE'),
(621, 2, NULL, 'REPLAY_-_Emmanuel_Macron_aux_funérailles_nationales_de_Béji_Caïd_Essebsi_Cut_488', 0.5, 'VIA'),
(622, 2, NULL, 'REPLAY_-_Emmanuel_Macron_aux_funérailles_nationales_de_Béji_Caïd_Essebsi_Cut_490', 0.30000000000001137, 'PREMIER'),
(623, 2, NULL, 'REPLAY_-_Emmanuel_Macron_aux_funérailles_nationales_de_Béji_Caïd_Essebsi_Cut_492', 0.5, 'D''ACCUEILLIR'),
(624, 2, NULL, 'REPLAY_-_Emmanuel_Macron_aux_funérailles_nationales_de_Béji_Caïd_Essebsi_Cut_493', 0.5, 'PRÉSIDENT'),
(625, 2, NULL, 'REPLAY_-_Emmanuel_Macron_aux_funérailles_nationales_de_Béji_Caïd_Essebsi_Cut_495', 0.30000000000001137, 'PROCHAIN'),
(626, 2, NULL, 'REPLAY_-_Emmanuel_Macron_aux_funérailles_nationales_de_Béji_Caïd_Essebsi_Cut_498', 0.5, 'SOMMET'),
(627, 2, NULL, 'REPLAY_-_Emmanuel_Macron_aux_funérailles_nationales_de_Béji_Caïd_Essebsi_Cut_500', 0.39999999999997726, 'PLUSIEURS'),
(628, 2, NULL, 'REPLAY_-_Emmanuel_Macron_aux_funérailles_nationales_de_Béji_Caïd_Essebsi_Cut_502', 0.20000000000004547, 'ICI'),
(629, 1, NULL, 'Gilets_jaunes_-_réécoutez_lintégralité_du_discours_dEmmanuel_Macron_Cut_655', 0.39999999999997726, 'DES'),
(630, 1, NULL, 'Gilets_jaunes_-_réécoutez_lintégralité_du_discours_dEmmanuel_Macron_Cut_656', 0.4000000000000341, 'CHEMINS'),
(631, 1, NULL, 'Gilets_jaunes_-_réécoutez_lintégralité_du_discours_dEmmanuel_Macron_Cut_658', 0.5, 'EXPLORÉ'),
(632, 1, NULL, 'Gilets_jaunes_-_réécoutez_lintégralité_du_discours_dEmmanuel_Macron_Cut_660', 0.30000000000001137, 'NOUS-MÊMES'),
(633, 1, NULL, 'Gilets_jaunes_-_réécoutez_lintégralité_du_discours_dEmmanuel_Macron_Cut_664', 0.20000000000004547, 'MONDE'),
(634, 1, NULL, 'Gilets_jaunes_-_réécoutez_lintégralité_du_discours_dEmmanuel_Macron_Cut_668', 0.20000000000004547, 'POUR'),
(635, 1, NULL, 'Gilets_jaunes_-_réécoutez_lintégralité_du_discours_dEmmanuel_Macron_Cut_670', 0.30000000000001137, 'TOUS'),
(636, 1, NULL, 'Gilets_jaunes_-_réécoutez_lintégralité_du_discours_dEmmanuel_Macron_Cut_671', 0.6999999999999886, 'FRANÇAIS'),
(637, 1, NULL, 'Gilets_jaunes_-_réécoutez_lintégralité_du_discours_dEmmanuel_Macron_Cut_675', 0.30000000000001137, 'QUI'),
(638, 1, NULL, 'Gilets_jaunes_-_réécoutez_lintégralité_du_discours_dEmmanuel_Macron_Cut_677', 0.30000000000001137, 'DIVISE'),
(639, 1, NULL, 'Gilets_jaunes_-_réécoutez_lintégralité_du_discours_dEmmanuel_Macron_Cut_680', 0.30000000000001137, 'POINT'),
(640, 2, NULL, 'REPLAY_-_Emmanuel_Macron_aux_funérailles_nationales_de_Béji_Caïd_Essebsi_Cut_507', 0.39999999999997726, 'ET'),
(641, 2, NULL, 'REPLAY_-_Emmanuel_Macron_aux_funérailles_nationales_de_Béji_Caïd_Essebsi_Cut_508', 0.39999999999997726, 'DE'),
(642, 2, NULL, 'REPLAY_-_Emmanuel_Macron_aux_funérailles_nationales_de_Béji_Caïd_Essebsi_Cut_509', 0.30000000000001137, 'AVEC'),
(643, 2, NULL, 'REPLAY_-_Emmanuel_Macron_aux_funérailles_nationales_de_Béji_Caïd_Essebsi_Cut_510', 0.4000000000000341, 'TUNISIE'),
(644, 2, NULL, 'REPLAY_-_Emmanuel_Macron_aux_funérailles_nationales_de_Béji_Caïd_Essebsi_Cut_512', 0.5, 'PRÉSENCE'),
(645, 2, NULL, 'REPLAY_-_Emmanuel_Macron_aux_funérailles_nationales_de_Béji_Caïd_Essebsi_Cut_513', 0.5, 'BIENVEILLANTE'),
(646, 2, NULL, 'REPLAY_-_Emmanuel_Macron_aux_funérailles_nationales_de_Béji_Caïd_Essebsi_Cut_514', 0.6000000000000227, 'DÉCIDÉ'),
(647, 2, NULL, 'REPLAY_-_Emmanuel_Macron_aux_funérailles_nationales_de_Béji_Caïd_Essebsi_Cut_515', 0.2999999999999545, 'CETTE'),
(648, 2, NULL, 'REPLAY_-_Emmanuel_Macron_aux_funérailles_nationales_de_Béji_Caïd_Essebsi_Cut_516', 0.30000000000001137, 'VISION'),
(649, 2, NULL, 'REPLAY_-_Emmanuel_Macron_aux_funérailles_nationales_de_Béji_Caïd_Essebsi_Cut_517', 0.4000000000000341, 'QUI'),
(650, 2, NULL, 'REPLAY_-_Emmanuel_Macron_aux_funérailles_nationales_de_Béji_Caïd_Essebsi_Cut_520', 0.20000000000004547, 'SIENNE'),
(651, 2, NULL, 'REPLAY_-_Emmanuel_Macron_aux_funérailles_nationales_de_Béji_Caïd_Essebsi_Cut_521', 0.5, 'CETTE'),
(652, 2, NULL, 'REPLAY_-_Emmanuel_Macron_aux_funérailles_nationales_de_Béji_Caïd_Essebsi_Cut_522', 0.2999999999999545, 'FORCE'),
(653, 2, NULL, 'REPLAY_-_Emmanuel_Macron_aux_funérailles_nationales_de_Béji_Caïd_Essebsi_Cut_523', 0.30000000000001137, 'D''ÂME'),
(654, 1, NULL, 'Gilets_jaunes_-_réécoutez_lintégralité_du_discours_dEmmanuel_Macron_Cut_681', 0.6000000000000227, 'QUI'),
(655, 1, NULL, 'Gilets_jaunes_-_réécoutez_lintégralité_du_discours_dEmmanuel_Macron_Cut_684', 0.6000000000000227, 'PLUS'),
(656, 1, NULL, 'Gilets_jaunes_-_réécoutez_lintégralité_du_discours_dEmmanuel_Macron_Cut_685', 0.39999999999997726, 'SES'),
(657, 1, NULL, 'Gilets_jaunes_-_réécoutez_lintégralité_du_discours_dEmmanuel_Macron_Cut_687', 0.6000000000000227, 'ET'),
(658, 1, NULL, 'Gilets_jaunes_-_réécoutez_lintégralité_du_discours_dEmmanuel_Macron_Cut_688', 0.5, 'L''AMITIÉ'),
(659, 1, NULL, 'Gilets_jaunes_-_réécoutez_lintégralité_du_discours_dEmmanuel_Macron_Cut_690', 0.20000000000004547, 'DOIT'),
(660, 1, NULL, 'Gilets_jaunes_-_réécoutez_lintégralité_du_discours_dEmmanuel_Macron_Cut_694', 0.30000000000001137, 'PEUPLE'),
(661, 1, NULL, 'Gilets_jaunes_-_réécoutez_lintégralité_du_discours_dEmmanuel_Macron_Cut_696', 0.30000000000001137, 'COURT'),
(662, 1, NULL, 'Gilets_jaunes_-_réécoutez_lintégralité_du_discours_dEmmanuel_Macron_Cut_706', 0.20000000000004547, 'C''EST'),
(663, 1, NULL, 'Gilets_jaunes_-_réécoutez_lintégralité_du_discours_dEmmanuel_Macron_Cut_708', 0.6000000000000227, 'PRÉSENTANT'),
(664, 2, NULL, 'REPLAY_-_Emmanuel_Macron_aux_funérailles_nationales_de_Béji_Caïd_Essebsi_Cut_524', 0.5, 'SUPPORTER'),
(665, 2, NULL, 'REPLAY_-_Emmanuel_Macron_aux_funérailles_nationales_de_Béji_Caïd_Essebsi_Cut_526', 0.39999999999997726, 'POUR'),
(666, 1, NULL, 'Gilets_jaunes_-_réécoutez_lintégralité_du_discours_dEmmanuel_Macron_Cut_711', 0.4000000000000341, 'ET'),
(667, 1, NULL, 'Gilets_jaunes_-_réécoutez_lintégralité_du_discours_dEmmanuel_Macron_Cut_710', 0.5, 'QUE'),
(668, 2, NULL, 'REPLAY_-_Emmanuel_Macron_aux_funérailles_nationales_de_Béji_Caïd_Essebsi_Cut_528', 0.2999999999999545, 'PAYS'),
(669, 1, NULL, 'Gilets_jaunes_-_réécoutez_lintégralité_du_discours_dEmmanuel_Macron_Cut_721', 0.39999999999997726, 'PRÉSENTÉ'),
(670, 2, NULL, 'REPLAY_-_Emmanuel_Macron_aux_funérailles_nationales_de_Béji_Caïd_Essebsi_Cut_530', 0.30000000000001137, 'NOTRE'),
(671, 1, NULL, 'Gilets_jaunes_-_réécoutez_lintégralité_du_discours_dEmmanuel_Macron_Cut_717', 0.5, 'CET'),
(672, 1, NULL, 'Gilets_jaunes_-_réécoutez_lintégralité_du_discours_dEmmanuel_Macron_Cut_723', 0.30000000000001137, 'VOTRE'),
(673, 2, NULL, 'REPLAY_-_Emmanuel_Macron_aux_funérailles_nationales_de_Béji_Caïd_Essebsi_Cut_532', 0.39999999999997726, 'AMIS'),
(674, 1, NULL, 'Gilets_jaunes_-_réécoutez_lintégralité_du_discours_dEmmanuel_Macron_Cut_727', 0.30000000000001137, 'NÉCESSITÉ'),
(675, 1, NULL, 'Gilets_jaunes_-_réécoutez_lintégralité_du_discours_dEmmanuel_Macron_Cut_728', 0.5, 'SUFFRAGE'),
(676, 2, NULL, 'REPLAY_-_Emmanuel_Macron_aux_funérailles_nationales_de_Béji_Caïd_Essebsi_Cut_537', 0.6999999999999886, 'CONSTITUTION'),
(677, 1, NULL, 'Gilets_jaunes_-_réécoutez_lintégralité_du_discours_dEmmanuel_Macron_Cut_729', 0.6000000000000227, 'POUR'),
(678, 1, NULL, 'Gilets_jaunes_-_réécoutez_lintégralité_du_discours_dEmmanuel_Macron_Cut_732', 0.5, 'ENTRAÎNER'),
(679, 1, NULL, 'Gilets_jaunes_-_réécoutez_lintégralité_du_discours_dEmmanuel_Macron_Cut_733', 0.5, 'C''EST'),
(680, 1, NULL, 'Gilets_jaunes_-_réécoutez_lintégralité_du_discours_dEmmanuel_Macron_Cut_734', 0.30000000000001137, 'D''ABORD'),
(681, 1, NULL, 'Gilets_jaunes_-_réécoutez_lintégralité_du_discours_dEmmanuel_Macron_Cut_739', 0.5, 'SOCIAL'),
(682, 1, NULL, 'Gilets_jaunes_-_réécoutez_lintégralité_du_discours_dEmmanuel_Macron_Cut_743', 0.5, 'DÉCRÉTÉ'),
(683, 1, NULL, 'Gilets_jaunes_-_réécoutez_lintégralité_du_discours_dEmmanuel_Macron_Cut_744', 0.39999999999997726, 'AUJOURD''HUI'),
(684, 2, NULL, 'REPLAY_-_Emmanuel_Macron_aux_funérailles_nationales_de_Béji_Caïd_Essebsi_Cut_542', 0.4000000000000341, 'LIBERTÉ'),
(685, 2, NULL, 'REPLAY_-_Emmanuel_Macron_aux_funérailles_nationales_de_Béji_Caïd_Essebsi_Cut_540', 0.6999999999999886, 'DONNER'),
(686, 2, NULL, 'REPLAY_-_Emmanuel_Macron_aux_funérailles_nationales_de_Béji_Caïd_Essebsi_Cut_539', 0.6000000000000227, 'UNE'),
(687, 2, NULL, 'REPLAY_-_Emmanuel_Macron_aux_funérailles_nationales_de_Béji_Caïd_Essebsi_Cut_547', 0.30000000000001137, 'FEMMES'),
(688, 2, NULL, 'REPLAY_-_Emmanuel_Macron_aux_funérailles_nationales_de_Béji_Caïd_Essebsi_Cut_545', 0.39999999999997726, 'L''OUVERTURE'),
(689, 2, NULL, 'REPLAY_-_Emmanuel_Macron_aux_funérailles_nationales_de_Béji_Caïd_Essebsi_Cut_548', 0.30000000000001137, 'PLACE'),
(690, 2, NULL, 'REPLAY_-_Emmanuel_Macron_aux_funérailles_nationales_de_Béji_Caïd_Essebsi_Cut_549', 0.5, 'INÉDITE'),
(691, 1, NULL, 'Gilets_jaunes_-_réécoutez_lintégralité_du_discours_dEmmanuel_Macron_Cut_745', 0.39999999999997726, 'FRANCE'),
(692, 1, NULL, 'Gilets_jaunes_-_réécoutez_lintégralité_du_discours_dEmmanuel_Macron_Cut_747', 0.30000000000001137, 'MÉRITE'),
(693, 1, NULL, 'Gilets_jaunes_-_réécoutez_lintégralité_du_discours_dEmmanuel_Macron_Cut_748', 0.30000000000001137, 'DU'),
(694, 1, NULL, 'Gilets_jaunes_-_réécoutez_lintégralité_du_discours_dEmmanuel_Macron_Cut_749', 0.39999999999997726, 'TRAVAIL'),
(695, 1, NULL, 'Gilets_jaunes_-_réécoutez_lintégralité_du_discours_dEmmanuel_Macron_Cut_750', 0.5, 'UNE'),
(696, 1, NULL, 'Gilets_jaunes_-_réécoutez_lintégralité_du_discours_dEmmanuel_Macron_Cut_751', 0.39999999999997726, 'FRANÇOIS'),
(697, 1, NULL, 'Gilets_jaunes_-_réécoutez_lintégralité_du_discours_dEmmanuel_Macron_Cut_752', 0.20000000000004547, 'NOS'),
(698, 2, NULL, 'REPLAY_-_Emmanuel_Macron_aux_funérailles_nationales_de_Béji_Caïd_Essebsi_Cut_554', 0.30000000000001137, 'L''ÉGALITÉ'),
(699, 2, NULL, 'REPLAY_-_Emmanuel_Macron_aux_funérailles_nationales_de_Béji_Caïd_Essebsi_Cut_552', 0.5, 'IL'),
(700, 1, NULL, 'Gilets_jaunes_-_réécoutez_lintégralité_du_discours_dEmmanuel_Macron_Cut_753', 0.2999999999999545, 'ENFANTS'),
(701, 2, NULL, 'REPLAY_-_Emmanuel_Macron_aux_funérailles_nationales_de_Béji_Caïd_Essebsi_Cut_551', 0.6000000000000227, 'QUI'),
(702, 2, NULL, 'REPLAY_-_Emmanuel_Macron_aux_funérailles_nationales_de_Béji_Caïd_Essebsi_Cut_559', 0.30000000000001137, 'NOUVEAU'),
(703, 2, NULL, 'REPLAY_-_Emmanuel_Macron_aux_funérailles_nationales_de_Béji_Caïd_Essebsi_Cut_555', 0.5, 'ENTRE'),
(704, 2, NULL, 'REPLAY_-_Emmanuel_Macron_aux_funérailles_nationales_de_Béji_Caïd_Essebsi_Cut_560', 0.2999999999999545, 'S''AGIT'),
(705, 1, NULL, 'Gilets_jaunes_-_réécoutez_lintégralité_du_discours_dEmmanuel_Macron_Cut_754', 0.4000000000000341, 'VIVRONT'),
(706, 2, NULL, 'REPLAY_-_Emmanuel_Macron_aux_funérailles_nationales_de_Béji_Caïd_Essebsi_Cut_561', 0.6999999999999886, 'EMBRASSER'),
(707, 2, NULL, 'REPLAY_-_Emmanuel_Macron_aux_funérailles_nationales_de_Béji_Caïd_Essebsi_Cut_562', 0.2999999999999545, 'LES'),
(708, 2, NULL, 'REPLAY_-_Emmanuel_Macron_aux_funérailles_nationales_de_Béji_Caïd_Essebsi_Cut_564', 0.39999999999997726, 'MARIAGE'),
(709, 1, NULL, 'Gilets_jaunes_-_réécoutez_lintégralité_du_discours_dEmmanuel_Macron_Cut_760', 0.20000000000004547, 'PEUT'),
(710, 2, NULL, 'REPLAY_-_Emmanuel_Macron_aux_funérailles_nationales_de_Béji_Caïd_Essebsi_Cut_565', 0.20000000000004547, 'FEMMES'),
(711, 2, NULL, 'REPLAY_-_Emmanuel_Macron_aux_funérailles_nationales_de_Béji_Caïd_Essebsi_Cut_566', 0.20000000000004547, 'COMME'),
(712, 1, NULL, 'Gilets_jaunes_-_réécoutez_lintégralité_du_discours_dEmmanuel_Macron_Cut_763', 0.30000000000001137, 'QUE'),
(713, 2, NULL, 'REPLAY_-_Emmanuel_Macron_aux_funérailles_nationales_de_Béji_Caïd_Essebsi_Cut_572', 0.4000000000000341, 'L''HÉRITAGE'),
(714, 1, NULL, 'Gilets_jaunes_-_réécoutez_lintégralité_du_discours_dEmmanuel_Macron_Cut_766', 0.30000000000001137, 'MEILLEURE'),
(715, 2, NULL, 'REPLAY_-_Emmanuel_Macron_aux_funérailles_nationales_de_Béji_Caïd_Essebsi_Cut_570', 0.6999999999999886, 'AVEC'),
(716, 1, NULL, 'Gilets_jaunes_-_réécoutez_lintégralité_du_discours_dEmmanuel_Macron_Cut_768', 0.30000000000001137, 'DES'),
(717, 1, NULL, 'Gilets_jaunes_-_réécoutez_lintégralité_du_discours_dEmmanuel_Macron_Cut_769', 0.6999999999999886, 'UNIVERSITÉS'),
(718, 1, NULL, 'Gilets_jaunes_-_réécoutez_lintégralité_du_discours_dEmmanuel_Macron_Cut_770', 0.20000000000004547, 'DE'),
(719, 1, NULL, 'Gilets_jaunes_-_réécoutez_lintégralité_du_discours_dEmmanuel_Macron_Cut_771', 0.5999999999999659, 'L''APPRENTISSAGE'),
(720, 2, NULL, 'REPLAY_-_Emmanuel_Macron_aux_funérailles_nationales_de_Béji_Caïd_Essebsi_Cut_575', 0.6000000000000227, 'POUR'),
(721, 2, NULL, 'REPLAY_-_Emmanuel_Macron_aux_funérailles_nationales_de_Béji_Caïd_Essebsi_Cut_574', 0.5999999999999659, 'LES'),
(722, 2, NULL, 'REPLAY_-_Emmanuel_Macron_aux_funérailles_nationales_de_Béji_Caïd_Essebsi_Cut_576', 0.5999999999999659, 'MONNAIE'),
(723, 2, NULL, 'REPLAY_-_Emmanuel_Macron_aux_funérailles_nationales_de_Béji_Caïd_Essebsi_Cut_579', 0.30000000000001137, 'COMBATS'),
(724, 2, NULL, 'REPLAY_-_Emmanuel_Macron_aux_funérailles_nationales_de_Béji_Caïd_Essebsi_Cut_578', 0.5, 'BOURGUIBA'),
(725, 1, NULL, 'Gilets_jaunes_-_réécoutez_lintégralité_du_discours_dEmmanuel_Macron_Cut_775', 0.6000000000000227, 'APRÈS'),
(726, 2, NULL, 'REPLAY_-_Emmanuel_Macron_aux_funérailles_nationales_de_Béji_Caïd_Essebsi_Cut_585', 0.30000000000001137, 'ÉPOQUE'),
(727, 1, NULL, 'Gilets_jaunes_-_réécoutez_lintégralité_du_discours_dEmmanuel_Macron_Cut_781', 0.30000000000001137, 'MOINS'),
(728, 1, NULL, 'Gilets_jaunes_-_réécoutez_lintégralité_du_discours_dEmmanuel_Macron_Cut_782', 0.30000000000001137, 'JEUNE'),
(729, 1, NULL, 'Gilets_jaunes_-_réécoutez_lintégralité_du_discours_dEmmanuel_Macron_Cut_783', 0.30000000000001137, 'CE'),
(730, 1, NULL, 'Gilets_jaunes_-_réécoutez_lintégralité_du_discours_dEmmanuel_Macron_Cut_785', 0.20000000000004547, 'FAUT'),
(731, 1, NULL, 'Gilets_jaunes_-_réécoutez_lintégralité_du_discours_dEmmanuel_Macron_Cut_787', 0.30000000000001137, 'VIVRE'),
(732, 1, NULL, 'Gilets_jaunes_-_réécoutez_lintégralité_du_discours_dEmmanuel_Macron_Cut_788', 0.39999999999997726, 'LIBRE'),
(733, 1, NULL, 'Gilets_jaunes_-_réécoutez_lintégralité_du_discours_dEmmanuel_Macron_Cut_790', 0.5, 'TRAVAILLER'),
(734, 1, NULL, 'Gilets_jaunes_-_réécoutez_lintégralité_du_discours_dEmmanuel_Macron_Cut_794', 0.5, 'NATION'),
(735, 1, NULL, 'Gilets_jaunes_-_réécoutez_lintégralité_du_discours_dEmmanuel_Macron_Cut_795', 0.6999999999999886, 'DANS'),
(736, 1, NULL, 'Gilets_jaunes_-_réécoutez_lintégralité_du_discours_dEmmanuel_Macron_Cut_796', 0.39999999999997726, 'L''ÉCOLE'),
(737, 1, NULL, 'Gilets_jaunes_-_réécoutez_lintégralité_du_discours_dEmmanuel_Macron_Cut_797', 0.30000000000001137, 'ET'),
(738, 1, NULL, 'Gilets_jaunes_-_réécoutez_lintégralité_du_discours_dEmmanuel_Macron_Cut_799', 0.30000000000001137, 'FORMATION'),
(739, 1, NULL, 'Gilets_jaunes_-_réécoutez_lintégralité_du_discours_dEmmanuel_Macron_Cut_800', 0.39999999999997726, 'EST'),
(740, 1, NULL, 'Gilets_jaunes_-_réécoutez_lintégralité_du_discours_dEmmanuel_Macron_Cut_801', 0.30000000000001137, 'INÉDIT'),
(741, 2, NULL, 'REPLAY_-_Emmanuel_Macron_aux_funérailles_nationales_de_Béji_Caïd_Essebsi_Cut_588', 0.6000000000000227, 'CES'),
(742, 2, NULL, 'REPLAY_-_Emmanuel_Macron_aux_funérailles_nationales_de_Béji_Caïd_Essebsi_Cut_587', 0.5, 'DANS'),
(743, 2, NULL, 'REPLAY_-_Emmanuel_Macron_aux_funérailles_nationales_de_Béji_Caïd_Essebsi_Cut_589', 0.5, 'METS'),
(744, 2, NULL, 'REPLAY_-_Emmanuel_Macron_aux_funérailles_nationales_de_Béji_Caïd_Essebsi_Cut_590', 0.30000000000001137, 'COMBATS'),
(745, 2, NULL, 'REPLAY_-_Emmanuel_Macron_aux_funérailles_nationales_de_Béji_Caïd_Essebsi_Cut_594', 0.30000000000001137, 'MODERNITÉ'),
(746, 2, NULL, 'REPLAY_-_Emmanuel_Macron_aux_funérailles_nationales_de_Béji_Caïd_Essebsi_Cut_602', 0.4000000000000341, 'ACHEVÉ'),
(747, 1, NULL, 'Gilets_jaunes_-_réécoutez_lintégralité_du_discours_dEmmanuel_Macron_Cut_802', 0.5, 'ET'),
(748, 1, NULL, 'Gilets_jaunes_-_réécoutez_lintégralité_du_discours_dEmmanuel_Macron_Cut_803', 0.6000000000000227, 'SUR'),
(749, 1, NULL, 'Gilets_jaunes_-_réécoutez_lintégralité_du_discours_dEmmanuel_Macron_Cut_808', 0.20000000000004547, 'VOULONS'),
(750, 1, NULL, 'Gilets_jaunes_-_réécoutez_lintégralité_du_discours_dEmmanuel_Macron_Cut_810', 0.20000000000004547, 'POINT'),
(751, 1, NULL, 'Gilets_jaunes_-_réécoutez_lintégralité_du_discours_dEmmanuel_Macron_Cut_817', 0.30000000000001137, 'LENTEMENT'),
(752, 1, NULL, 'Gilets_jaunes_-_réécoutez_lintégralité_du_discours_dEmmanuel_Macron_Cut_812', 0.5, 'FRANCE'),
(753, 1, NULL, 'Gilets_jaunes_-_réécoutez_lintégralité_du_discours_dEmmanuel_Macron_Cut_818', 0.39999999999997726, 'OÙ'),
(754, 1, NULL, 'Gilets_jaunes_-_réécoutez_lintégralité_du_discours_dEmmanuel_Macron_Cut_821', 0.30000000000001137, 'VIVRE'),
(755, 1, NULL, 'Gilets_jaunes_-_réécoutez_lintégralité_du_discours_dEmmanuel_Macron_Cut_822', 0.5999999999999659, 'DIGNEMENT'),
(756, 2, NULL, 'REPLAY_-_Emmanuel_Macron_aux_funérailles_nationales_de_Béji_Caïd_Essebsi_Cut_606', 0.20000000000004547, 'LE'),
(757, 2, NULL, 'REPLAY_-_Emmanuel_Macron_aux_funérailles_nationales_de_Béji_Caïd_Essebsi_Cut_607', 0.5, 'TERRORISME'),
(758, 2, NULL, 'REPLAY_-_Emmanuel_Macron_aux_funérailles_nationales_de_Béji_Caïd_Essebsi_Cut_614', 0.30000000000001137, 'MONDE'),
(759, 2, NULL, 'REPLAY_-_Emmanuel_Macron_aux_funérailles_nationales_de_Béji_Caïd_Essebsi_Cut_617', 0.30000000000001137, 'TOUS'),
(760, 2, NULL, 'REPLAY_-_Emmanuel_Macron_aux_funérailles_nationales_de_Béji_Caïd_Essebsi_Cut_618', 0.5, 'BOUSCULER'),
(761, 1, NULL, 'Gilets_jaunes_-_réécoutez_lintégralité_du_discours_dEmmanuel_Macron_Cut_827', 0.5999999999999659, 'JE'),
(762, 1, NULL, 'Gilets_jaunes_-_réécoutez_lintégralité_du_discours_dEmmanuel_Macron_Cut_826', 0.6000000000000227, 'JE'),
(763, 1, NULL, 'Gilets_jaunes_-_réécoutez_lintégralité_du_discours_dEmmanuel_Macron_Cut_828', 0.30000000000001137, 'DEMANDE'),
(764, 1, NULL, 'Gilets_jaunes_-_réécoutez_lintégralité_du_discours_dEmmanuel_Macron_Cut_830', 0.30000000000001137, 'INTERVENIR'),
(765, 1, NULL, 'Gilets_jaunes_-_réécoutez_lintégralité_du_discours_dEmmanuel_Macron_Cut_832', 0.5, 'GOUVERNEMENT'),
(766, 1, NULL, 'Gilets_jaunes_-_réécoutez_lintégralité_du_discours_dEmmanuel_Macron_Cut_833', 0.5, 'VITE'),
(767, 1, NULL, 'Gilets_jaunes_-_réécoutez_lintégralité_du_discours_dEmmanuel_Macron_Cut_836', 0.39999999999997726, 'PARLEMENT'),
(768, 1, NULL, 'Gilets_jaunes_-_réécoutez_lintégralité_du_discours_dEmmanuel_Macron_Cut_837', 0.39999999999997726, 'ET'),
(769, 1, NULL, 'Gilets_jaunes_-_réécoutez_lintégralité_du_discours_dEmmanuel_Macron_Cut_839', 0.20000000000004547, 'FAIRE'),
(770, 1, NULL, 'Gilets_jaunes_-_réécoutez_lintégralité_du_discours_dEmmanuel_Macron_Cut_840', 0.4000000000000341, 'CONCRÈTEMENT'),
(771, 1, NULL, 'Gilets_jaunes_-_réécoutez_lintégralité_du_discours_dEmmanuel_Macron_Cut_844', 0.2999999999999545, 'SUR'),
(772, 1, NULL, 'Gilets_jaunes_-_réécoutez_lintégralité_du_discours_dEmmanuel_Macron_Cut_843', 0.5, 'AFIN'),
(773, 1, NULL, 'Gilets_jaunes_-_réécoutez_lintégralité_du_discours_dEmmanuel_Macron_Cut_845', 0.20000000000004547, 'CE'),
(774, 1, NULL, 'Gilets_jaunes_-_réécoutez_lintégralité_du_discours_dEmmanuel_Macron_Cut_846', 0.30000000000001137, 'QU''ON'),
(775, 1, NULL, 'Gilets_jaunes_-_réécoutez_lintégralité_du_discours_dEmmanuel_Macron_Cut_847', 0.2999999999999545, 'SUJET'),
(776, 1, NULL, 'Gilets_jaunes_-_réécoutez_lintégralité_du_discours_dEmmanuel_Macron_Cut_849', 0.30000000000001137, 'VIVRE'),
(777, 1, NULL, 'Gilets_jaunes_-_réécoutez_lintégralité_du_discours_dEmmanuel_Macron_Cut_850', 0.30000000000001137, 'MIEUX'),
(778, 1, NULL, 'Gilets_jaunes_-_réécoutez_lintégralité_du_discours_dEmmanuel_Macron_Cut_851', 0.39999999999997726, 'DE'),
(779, 2, NULL, 'REPLAY_-_Emmanuel_Macron_aux_funérailles_nationales_de_Béji_Caïd_Essebsi_Cut_619', 0.6000000000000227, 'IL'),
(780, 2, NULL, 'REPLAY_-_Emmanuel_Macron_aux_funérailles_nationales_de_Béji_Caïd_Essebsi_Cut_622', 0.30000000000001137, 'PARTIE'),
(781, 2, NULL, 'REPLAY_-_Emmanuel_Macron_aux_funérailles_nationales_de_Béji_Caïd_Essebsi_Cut_625', 0.20000000000004547, 'QUI'),
(782, 2, NULL, 'REPLAY_-_Emmanuel_Macron_aux_funérailles_nationales_de_Béji_Caïd_Essebsi_Cut_628', 0.4000000000000341, 'AVEC'),
(783, 2, NULL, 'REPLAY_-_Emmanuel_Macron_aux_funérailles_nationales_de_Béji_Caïd_Essebsi_Cut_629', 0.39999999999997726, 'COURAGE'),
(784, 1, NULL, 'Gilets_jaunes_-_réécoutez_lintégralité_du_discours_dEmmanuel_Macron_Cut_854', 0.39999999999997726, 'DÉBUT'),
(785, 1, NULL, 'Gilets_jaunes_-_réécoutez_lintégralité_du_discours_dEmmanuel_Macron_Cut_855', 0.20000000000004547, 'D''ANNÉE'),
(786, 1, NULL, 'Gilets_jaunes_-_réécoutez_lintégralité_du_discours_dEmmanuel_Macron_Cut_858', 0.30000000000001137, 'SALAIRE'),
(787, 1, NULL, 'Gilets_jaunes_-_réécoutez_lintégralité_du_discours_dEmmanuel_Macron_Cut_860', 0.39999999999997726, 'TRAVAILLEUR'),
(788, 1, NULL, 'Gilets_jaunes_-_réécoutez_lintégralité_du_discours_dEmmanuel_Macron_Cut_862', 0.39999999999997726, 'SMIC'),
(789, 1, NULL, 'Gilets_jaunes_-_réécoutez_lintégralité_du_discours_dEmmanuel_Macron_Cut_863', 0.6000000000000227, 'AUGMENTERA'),
(790, 1, NULL, 'Gilets_jaunes_-_réécoutez_lintégralité_du_discours_dEmmanuel_Macron_Cut_866', 0.4000000000000341, '€'),
(791, 1, NULL, 'Gilets_jaunes_-_réécoutez_lintégralité_du_discours_dEmmanuel_Macron_Cut_874', 0.30000000000001137, 'COÛTE');
INSERT INTO `video_cut` (`id`, `id_video`, `id_format`, `nom`, `duree`, `mot`) VALUES
(792, 1, NULL, 'Gilets_jaunes_-_réécoutez_lintégralité_du_discours_dEmmanuel_Macron_Cut_878', 0.30000000000001137, 'PLUS'),
(793, 1, NULL, 'Gilets_jaunes_-_réécoutez_lintégralité_du_discours_dEmmanuel_Macron_Cut_880', 0.39999999999997726, 'L''EMPLOYEUR'),
(794, 2, NULL, 'REPLAY_-_Emmanuel_Macron_aux_funérailles_nationales_de_Béji_Caïd_Essebsi_Cut_639', 0.5, 'J''AI'),
(795, 2, NULL, 'REPLAY_-_Emmanuel_Macron_aux_funérailles_nationales_de_Béji_Caïd_Essebsi_Cut_641', 0.6000000000000227, 'UNIVERSELLE'),
(796, 2, NULL, 'REPLAY_-_Emmanuel_Macron_aux_funérailles_nationales_de_Béji_Caïd_Essebsi_Cut_640', 0.5, 'DANS'),
(797, 2, NULL, 'REPLAY_-_Emmanuel_Macron_aux_funérailles_nationales_de_Béji_Caïd_Essebsi_Cut_643', 0.30000000000001137, 'IL'),
(798, 2, NULL, 'REPLAY_-_Emmanuel_Macron_aux_funérailles_nationales_de_Béji_Caïd_Essebsi_Cut_645', 0.20000000000004547, 'LIVRE'),
(799, 2, NULL, 'REPLAY_-_Emmanuel_Macron_aux_funérailles_nationales_de_Béji_Caïd_Essebsi_Cut_649', 0.4000000000000341, 'INSTANTS'),
(800, 2, NULL, 'REPLAY_-_Emmanuel_Macron_aux_funérailles_nationales_de_Béji_Caïd_Essebsi_Cut_650', 0.2999999999999545, 'QU''IL'),
(801, 2, NULL, 'REPLAY_-_Emmanuel_Macron_aux_funérailles_nationales_de_Béji_Caïd_Essebsi_Cut_651', 0.30000000000001137, 'CONSACRE'),
(802, 2, NULL, 'REPLAY_-_Emmanuel_Macron_aux_funérailles_nationales_de_Béji_Caïd_Essebsi_Cut_652', 0.30000000000001137, 'À'),
(803, 2, NULL, 'REPLAY_-_Emmanuel_Macron_aux_funérailles_nationales_de_Béji_Caïd_Essebsi_Cut_653', 0.6999999999999886, 'HABIB'),
(804, 1, NULL, 'Gilets_jaunes_-_réécoutez_lintégralité_du_discours_dEmmanuel_Macron_Cut_881', 0.5999999999999659, 'JE'),
(805, 1, NULL, 'Gilets_jaunes_-_réécoutez_lintégralité_du_discours_dEmmanuel_Macron_Cut_883', 0.39999999999997726, 'RENOUER'),
(806, 1, NULL, 'Gilets_jaunes_-_réécoutez_lintégralité_du_discours_dEmmanuel_Macron_Cut_885', 0.30000000000001137, 'UNE'),
(807, 1, NULL, 'Gilets_jaunes_-_réécoutez_lintégralité_du_discours_dEmmanuel_Macron_Cut_888', 0.6999999999999886, 'QUE'),
(808, 1, NULL, 'Gilets_jaunes_-_réécoutez_lintégralité_du_discours_dEmmanuel_Macron_Cut_890', 0.20000000000004547, 'SURCROÎT'),
(809, 1, NULL, 'Gilets_jaunes_-_réécoutez_lintégralité_du_discours_dEmmanuel_Macron_Cut_893', 0.5999999999999659, 'ACCEPTÉ'),
(810, 1, NULL, 'Gilets_jaunes_-_réécoutez_lintégralité_du_discours_dEmmanuel_Macron_Cut_894', 0.6000000000000227, 'CONSTITUE'),
(811, 2, NULL, 'REPLAY_-_Emmanuel_Macron_aux_funérailles_nationales_de_Béji_Caïd_Essebsi_Cut_658', 0.5, 'ET'),
(812, 2, NULL, 'REPLAY_-_Emmanuel_Macron_aux_funérailles_nationales_de_Béji_Caïd_Essebsi_Cut_657', 0.5, 'POUR'),
(813, 2, NULL, 'REPLAY_-_Emmanuel_Macron_aux_funérailles_nationales_de_Béji_Caïd_Essebsi_Cut_655', 0.5999999999999659, 'LE'),
(814, 1, NULL, 'Gilets_jaunes_-_réécoutez_lintégralité_du_discours_dEmmanuel_Macron_Cut_896', 0.2999999999999545, 'SURCROÎT'),
(815, 2, NULL, 'REPLAY_-_Emmanuel_Macron_aux_funérailles_nationales_de_Béji_Caïd_Essebsi_Cut_660', 0.39999999999997726, 'PRÉSIDENT'),
(816, 2, NULL, 'REPLAY_-_Emmanuel_Macron_aux_funérailles_nationales_de_Béji_Caïd_Essebsi_Cut_662', 0.20000000000004547, 'FUNÉRAILLES'),
(817, 2, NULL, 'REPLAY_-_Emmanuel_Macron_aux_funérailles_nationales_de_Béji_Caïd_Essebsi_Cut_656', 0.6000000000000227, 'LES'),
(818, 1, NULL, 'Gilets_jaunes_-_réécoutez_lintégralité_du_discours_dEmmanuel_Macron_Cut_897', 0.20000000000004547, 'DE'),
(819, 2, NULL, 'REPLAY_-_Emmanuel_Macron_aux_funérailles_nationales_de_Béji_Caïd_Essebsi_Cut_664', 0.30000000000001137, 'GRAIN'),
(820, 1, NULL, 'Gilets_jaunes_-_réécoutez_lintégralité_du_discours_dEmmanuel_Macron_Cut_898', 0.2999999999999545, 'REVENU'),
(821, 2, NULL, 'REPLAY_-_Emmanuel_Macron_aux_funérailles_nationales_de_Béji_Caïd_Essebsi_Cut_665', 0.39999999999997726, 'DE'),
(822, 2, NULL, 'REPLAY_-_Emmanuel_Macron_aux_funérailles_nationales_de_Béji_Caïd_Essebsi_Cut_667', 0.30000000000001137, 'QU''ILS'),
(823, 2, NULL, 'REPLAY_-_Emmanuel_Macron_aux_funérailles_nationales_de_Béji_Caïd_Essebsi_Cut_670', 0.30000000000001137, 'BOURGUIBA'),
(824, 1, NULL, 'Gilets_jaunes_-_réécoutez_lintégralité_du_discours_dEmmanuel_Macron_Cut_901', 0.30000000000001137, 'SUPPLÉMENTAIRES'),
(825, 1, NULL, 'Gilets_jaunes_-_réécoutez_lintégralité_du_discours_dEmmanuel_Macron_Cut_903', 0.30000000000001137, 'VERSÉES'),
(826, 1, NULL, 'Gilets_jaunes_-_réécoutez_lintégralité_du_discours_dEmmanuel_Macron_Cut_904', 0.39999999999997726, 'SANS'),
(827, 1, NULL, 'Gilets_jaunes_-_réécoutez_lintégralité_du_discours_dEmmanuel_Macron_Cut_905', 0.30000000000001137, 'IMPÔTS'),
(828, 2, NULL, 'REPLAY_-_Emmanuel_Macron_aux_funérailles_nationales_de_Béji_Caïd_Essebsi_Cut_674', 0.4000000000000341, 'DISAIT'),
(829, 2, NULL, 'REPLAY_-_Emmanuel_Macron_aux_funérailles_nationales_de_Béji_Caïd_Essebsi_Cut_673', 0.6000000000000227, 'IL'),
(830, 1, NULL, 'Gilets_jaunes_-_réécoutez_lintégralité_du_discours_dEmmanuel_Macron_Cut_906', 0.5, 'CHARGE'),
(831, 2, NULL, 'REPLAY_-_Emmanuel_Macron_aux_funérailles_nationales_de_Béji_Caïd_Essebsi_Cut_675', 0.39999999999997726, 'COMBIEN'),
(832, 2, NULL, 'REPLAY_-_Emmanuel_Macron_aux_funérailles_nationales_de_Béji_Caïd_Essebsi_Cut_678', 0.30000000000001137, 'CONSIDÉRATIONS'),
(833, 1, NULL, 'Gilets_jaunes_-_réécoutez_lintégralité_du_discours_dEmmanuel_Macron_Cut_908', 0.6000000000000227, '2019'),
(834, 2, NULL, 'REPLAY_-_Emmanuel_Macron_aux_funérailles_nationales_de_Béji_Caïd_Essebsi_Cut_681', 0.5, 'FURENT'),
(835, 2, NULL, 'REPLAY_-_Emmanuel_Macron_aux_funérailles_nationales_de_Béji_Caïd_Essebsi_Cut_682', 0.6999999999999886, 'POUR'),
(836, 1, NULL, 'Gilets_jaunes_-_réécoutez_lintégralité_du_discours_dEmmanuel_Macron_Cut_910', 0.30000000000001137, 'VEUX'),
(837, 2, NULL, 'REPLAY_-_Emmanuel_Macron_aux_funérailles_nationales_de_Béji_Caïd_Essebsi_Cut_683', 0.4000000000000341, 'CRUEL'),
(838, 2, NULL, 'REPLAY_-_Emmanuel_Macron_aux_funérailles_nationales_de_Béji_Caïd_Essebsi_Cut_684', 0.6000000000000227, 'BOURGUIBA'),
(839, 1, NULL, 'Gilets_jaunes_-_réécoutez_lintégralité_du_discours_dEmmanuel_Macron_Cut_911', 0.5, 'UNE'),
(840, 2, NULL, 'REPLAY_-_Emmanuel_Macron_aux_funérailles_nationales_de_Béji_Caïd_Essebsi_Cut_685', 0.6999999999999886, 'LE'),
(841, 1, NULL, 'Gilets_jaunes_-_réécoutez_lintégralité_du_discours_dEmmanuel_Macron_Cut_912', 0.2999999999999545, 'VRAIE'),
(842, 2, NULL, 'REPLAY_-_Emmanuel_Macron_aux_funérailles_nationales_de_Béji_Caïd_Essebsi_Cut_686', 0.30000000000001137, 'PEUPLE'),
(843, 1, NULL, 'Gilets_jaunes_-_réécoutez_lintégralité_du_discours_dEmmanuel_Macron_Cut_914', 0.5, 'SOIT'),
(844, 2, NULL, 'REPLAY_-_Emmanuel_Macron_aux_funérailles_nationales_de_Béji_Caïd_Essebsi_Cut_689', 0.30000000000001137, 'TENUE'),
(845, 1, NULL, 'Gilets_jaunes_-_réécoutez_lintégralité_du_discours_dEmmanuel_Macron_Cut_915', 0.30000000000001137, 'TOUT'),
(846, 1, NULL, 'Gilets_jaunes_-_réécoutez_lintégralité_du_discours_dEmmanuel_Macron_Cut_917', 0.39999999999997726, 'SUITE'),
(847, 1, NULL, 'Gilets_jaunes_-_réécoutez_lintégralité_du_discours_dEmmanuel_Macron_Cut_918', 0.6000000000000227, 'PERCEPTIBLE'),
(848, 1, NULL, 'Gilets_jaunes_-_réécoutez_lintégralité_du_discours_dEmmanuel_Macron_Cut_920', 0.30000000000001137, 'POURQUOI'),
(849, 1, NULL, 'Gilets_jaunes_-_réécoutez_lintégralité_du_discours_dEmmanuel_Macron_Cut_922', 0.5, 'DEMANDERAI'),
(850, 1, NULL, 'Gilets_jaunes_-_réécoutez_lintégralité_du_discours_dEmmanuel_Macron_Cut_923', 0.20000000000004547, 'À'),
(851, 1, NULL, 'Gilets_jaunes_-_réécoutez_lintégralité_du_discours_dEmmanuel_Macron_Cut_926', 0.39999999999997726, 'EMPLOYEURS'),
(852, 2, NULL, 'REPLAY_-_Emmanuel_Macron_aux_funérailles_nationales_de_Béji_Caïd_Essebsi_Cut_692', 0.5, 'HANNIBAL'),
(853, 2, NULL, 'REPLAY_-_Emmanuel_Macron_aux_funérailles_nationales_de_Béji_Caïd_Essebsi_Cut_693', 0.5, 'D''AILLEURS'),
(854, 2, NULL, 'REPLAY_-_Emmanuel_Macron_aux_funérailles_nationales_de_Béji_Caïd_Essebsi_Cut_701', 0.6999999999999886, 'QUI'),
(855, 2, NULL, 'REPLAY_-_Emmanuel_Macron_aux_funérailles_nationales_de_Béji_Caïd_Essebsi_Cut_702', 0.4000000000000341, 'RÉCONCILIE'),
(856, 2, NULL, 'REPLAY_-_Emmanuel_Macron_aux_funérailles_nationales_de_Béji_Caïd_Essebsi_Cut_703', 0.5999999999999659, 'AINSI'),
(857, 2, NULL, 'REPLAY_-_Emmanuel_Macron_aux_funérailles_nationales_de_Béji_Caïd_Essebsi_Cut_705', 0.30000000000001137, 'SIÈCLES'),
(858, 2, NULL, 'REPLAY_-_Emmanuel_Macron_aux_funérailles_nationales_de_Béji_Caïd_Essebsi_Cut_707', 0.20000000000004547, 'CE'),
(859, 2, NULL, 'REPLAY_-_Emmanuel_Macron_aux_funérailles_nationales_de_Béji_Caïd_Essebsi_Cut_708', 0.2999999999999545, 'N''ÉTAIT'),
(860, 2, NULL, 'REPLAY_-_Emmanuel_Macron_aux_funérailles_nationales_de_Béji_Caïd_Essebsi_Cut_710', 0.5, 'MILLÉNAIRES'),
(861, 2, NULL, 'REPLAY_-_Emmanuel_Macron_aux_funérailles_nationales_de_Béji_Caïd_Essebsi_Cut_712', 0.30000000000001137, 'DISAIT'),
(862, 2, NULL, 'REPLAY_-_Emmanuel_Macron_aux_funérailles_nationales_de_Béji_Caïd_Essebsi_Cut_713', 0.30000000000001137, 'COMBIEN'),
(863, 2, NULL, 'REPLAY_-_Emmanuel_Macron_aux_funérailles_nationales_de_Béji_Caïd_Essebsi_Cut_715', 0.39999999999997726, 'PEUPLES'),
(864, 2, NULL, 'REPLAY_-_Emmanuel_Macron_aux_funérailles_nationales_de_Béji_Caïd_Essebsi_Cut_716', 0.30000000000001137, 'SONT'),
(865, 2, NULL, 'REPLAY_-_Emmanuel_Macron_aux_funérailles_nationales_de_Béji_Caïd_Essebsi_Cut_718', 0.5, 'AVEC'),
(866, 1, NULL, 'Gilets_jaunes_-_réécoutez_lintégralité_du_discours_dEmmanuel_Macron_Cut_927', 0.5, 'PEUVENT'),
(867, 1, NULL, 'Gilets_jaunes_-_réécoutez_lintégralité_du_discours_dEmmanuel_Macron_Cut_928', 0.5, 'DE'),
(868, 1, NULL, 'Gilets_jaunes_-_réécoutez_lintégralité_du_discours_dEmmanuel_Macron_Cut_929', 0.30000000000001137, 'VERSER'),
(869, 1, NULL, 'Gilets_jaunes_-_réécoutez_lintégralité_du_discours_dEmmanuel_Macron_Cut_931', 0.4000000000000341, 'PRIME'),
(870, 1, NULL, 'Gilets_jaunes_-_réécoutez_lintégralité_du_discours_dEmmanuel_Macron_Cut_935', 0.39999999999997726, 'ALORS'),
(871, 1, NULL, 'Gilets_jaunes_-_réécoutez_lintégralité_du_discours_dEmmanuel_Macron_Cut_936', 0.4000000000000341, 'EMPLOYÉS'),
(872, 1, NULL, 'Gilets_jaunes_-_réécoutez_lintégralité_du_discours_dEmmanuel_Macron_Cut_938', 0.30000000000001137, 'CETTE'),
(873, 1, NULL, 'Gilets_jaunes_-_réécoutez_lintégralité_du_discours_dEmmanuel_Macron_Cut_940', 0.6000000000000227, 'NORA'),
(874, 1, NULL, 'Gilets_jaunes_-_réécoutez_lintégralité_du_discours_dEmmanuel_Macron_Cut_942', 0.4000000000000341, 'QUITTÉ'),
(875, 1, NULL, 'Gilets_jaunes_-_réécoutez_lintégralité_du_discours_dEmmanuel_Macron_Cut_944', 0.30000000000001137, 'IMPÔTS'),
(876, 1, NULL, 'Gilets_jaunes_-_réécoutez_lintégralité_du_discours_dEmmanuel_Macron_Cut_945', 0.6000000000000227, 'LES'),
(877, 1, NULL, 'Gilets_jaunes_-_réécoutez_lintégralité_du_discours_dEmmanuel_Macron_Cut_946', 0.2999999999999545, 'CHARGES'),
(878, 2, NULL, 'REPLAY_-_Emmanuel_Macron_aux_funérailles_nationales_de_Béji_Caïd_Essebsi_Cut_726', 0.20000000000004547, 'PAS'),
(879, 2, NULL, 'REPLAY_-_Emmanuel_Macron_aux_funérailles_nationales_de_Béji_Caïd_Essebsi_Cut_724', 0.5, 'JE'),
(880, 2, NULL, 'REPLAY_-_Emmanuel_Macron_aux_funérailles_nationales_de_Béji_Caïd_Essebsi_Cut_729', 0.39999999999997726, 'DIRE'),
(881, 2, NULL, 'REPLAY_-_Emmanuel_Macron_aux_funérailles_nationales_de_Béji_Caïd_Essebsi_Cut_733', 0.39999999999997726, 'TUNISIEN'),
(882, 1, NULL, 'Gilets_jaunes_-_réécoutez_lintégralité_du_discours_dEmmanuel_Macron_Cut_947', 0.39999999999997726, 'LES'),
(883, 1, NULL, 'Gilets_jaunes_-_réécoutez_lintégralité_du_discours_dEmmanuel_Macron_Cut_948', 0.20000000000004547, 'RETRAITÉS'),
(884, 1, NULL, 'Gilets_jaunes_-_réécoutez_lintégralité_du_discours_dEmmanuel_Macron_Cut_949', 0.6999999999999886, 'CONSTITUE'),
(885, 1, NULL, 'Gilets_jaunes_-_réécoutez_lintégralité_du_discours_dEmmanuel_Macron_Cut_950', 0.30000000000001137, 'UNE'),
(886, 1, NULL, 'Gilets_jaunes_-_réécoutez_lintégralité_du_discours_dEmmanuel_Macron_Cut_951', 0.39999999999997726, 'PARTIE'),
(887, 1, NULL, 'Gilets_jaunes_-_réécoutez_lintégralité_du_discours_dEmmanuel_Macron_Cut_952', 0.5, 'PRÉCIEUSE'),
(888, 1, NULL, 'Gilets_jaunes_-_réécoutez_lintégralité_du_discours_dEmmanuel_Macron_Cut_955', 0.39999999999997726, 'NATION'),
(889, 1, NULL, 'Gilets_jaunes_-_réécoutez_lintégralité_du_discours_dEmmanuel_Macron_Cut_960', 0.39999999999997726, 'MOINS'),
(890, 1, NULL, 'Gilets_jaunes_-_réécoutez_lintégralité_du_discours_dEmmanuel_Macron_Cut_963', 0.30000000000001137, '€'),
(891, 1, NULL, 'Gilets_jaunes_-_réécoutez_lintégralité_du_discours_dEmmanuel_Macron_Cut_967', 0.30000000000001137, 'ANNULONS'),
(892, 1, NULL, 'Gilets_jaunes_-_réécoutez_lintégralité_du_discours_dEmmanuel_Macron_Cut_969', 0.6999999999999886, '2019'),
(893, 1, NULL, 'Gilets_jaunes_-_réécoutez_lintégralité_du_discours_dEmmanuel_Macron_Cut_970', 0.4000000000000341, 'LA'),
(894, 1, NULL, 'Gilets_jaunes_-_réécoutez_lintégralité_du_discours_dEmmanuel_Macron_Cut_973', 0.30000000000001137, '16'),
(895, 2, NULL, 'REPLAY_-_Emmanuel_Macron_aux_funérailles_nationales_de_Béji_Caïd_Essebsi_Cut_734', 0.5999999999999659, 'POUR'),
(896, 2, NULL, 'REPLAY_-_Emmanuel_Macron_aux_funérailles_nationales_de_Béji_Caïd_Essebsi_Cut_736', 0.6000000000000227, 'ALORS'),
(897, 2, NULL, 'REPLAY_-_Emmanuel_Macron_aux_funérailles_nationales_de_Béji_Caïd_Essebsi_Cut_735', 0.5999999999999659, 'IL'),
(898, 2, NULL, 'REPLAY_-_Emmanuel_Macron_aux_funérailles_nationales_de_Béji_Caïd_Essebsi_Cut_738', 0.20000000000004547, 'SA'),
(899, 2, NULL, 'REPLAY_-_Emmanuel_Macron_aux_funérailles_nationales_de_Béji_Caïd_Essebsi_Cut_739', 0.30000000000001137, 'MONSIEUR'),
(900, 2, NULL, 'REPLAY_-_Emmanuel_Macron_aux_funérailles_nationales_de_Béji_Caïd_Essebsi_Cut_741', 0.2999999999999545, 'GRATITUDE'),
(901, 2, NULL, 'REPLAY_-_Emmanuel_Macron_aux_funérailles_nationales_de_Béji_Caïd_Essebsi_Cut_740', 0.4000000000000341, 'N''ATTENDRA'),
(902, 2, NULL, 'REPLAY_-_Emmanuel_Macron_aux_funérailles_nationales_de_Béji_Caïd_Essebsi_Cut_743', 0.4000000000000341, 'PRÉSIDENT'),
(903, 1, NULL, 'Gilets_jaunes_-_réécoutez_lintégralité_du_discours_dEmmanuel_Macron_Cut_976', 0.5, 'ET'),
(904, 1, NULL, 'Gilets_jaunes_-_réécoutez_lintégralité_du_discours_dEmmanuel_Macron_Cut_980', 0.6000000000000227, 'DEMANDÉ'),
(905, 1, NULL, 'Gilets_jaunes_-_réécoutez_lintégralité_du_discours_dEmmanuel_Macron_Cut_974', 0.39999999999997726, 'SUBI'),
(906, 1, NULL, 'Gilets_jaunes_-_réécoutez_lintégralité_du_discours_dEmmanuel_Macron_Cut_981', 0.30000000000001137, 'DEMAIN'),
(907, 1, NULL, 'Gilets_jaunes_-_réécoutez_lintégralité_du_discours_dEmmanuel_Macron_Cut_982', 0.39999999999997726, 'ÉTAIT'),
(908, 1, NULL, 'Gilets_jaunes_-_réécoutez_lintégralité_du_discours_dEmmanuel_Macron_Cut_984', 0.30000000000001137, 'ANNÉE'),
(909, 2, NULL, 'REPLAY_-_Emmanuel_Macron_aux_funérailles_nationales_de_Béji_Caïd_Essebsi_Cut_746', 0.5, 'DANS'),
(910, 1, NULL, 'Gilets_jaunes_-_réécoutez_lintégralité_du_discours_dEmmanuel_Macron_Cut_988', 0.5, 'IMPORTANT'),
(911, 2, NULL, 'REPLAY_-_Emmanuel_Macron_aux_funérailles_nationales_de_Béji_Caïd_Essebsi_Cut_747', 0.5, 'C''EST'),
(912, 2, NULL, 'REPLAY_-_Emmanuel_Macron_aux_funérailles_nationales_de_Béji_Caïd_Essebsi_Cut_749', 0.30000000000001137, 'INSTANTS'),
(913, 2, NULL, 'REPLAY_-_Emmanuel_Macron_aux_funérailles_nationales_de_Béji_Caïd_Essebsi_Cut_752', 0.39999999999997726, 'TUNISIEN'),
(914, 1, NULL, 'Gilets_jaunes_-_réécoutez_lintégralité_du_discours_dEmmanuel_Macron_Cut_994', 0.39999999999997726, 'MINISTRE'),
(915, 1, NULL, 'Gilets_jaunes_-_réécoutez_lintégralité_du_discours_dEmmanuel_Macron_Cut_995', 0.5999999999999659, 'MAIS'),
(916, 1, NULL, 'Gilets_jaunes_-_réécoutez_lintégralité_du_discours_dEmmanuel_Macron_Cut_996', 0.5, 'PRÉSENTERA'),
(917, 1, NULL, 'Gilets_jaunes_-_réécoutez_lintégralité_du_discours_dEmmanuel_Macron_Cut_1000', 0.30000000000001137, 'PAS'),
(918, 1, NULL, 'Gilets_jaunes_-_réécoutez_lintégralité_du_discours_dEmmanuel_Macron_Cut_1003', 0.20000000000004547, 'ARRÊTER'),
(919, 1, NULL, 'Gilets_jaunes_-_réécoutez_lintégralité_du_discours_dEmmanuel_Macron_Cut_1001', 0.5, 'L''ENSEMBLE'),
(920, 1, NULL, 'Gilets_jaunes_-_réécoutez_lintégralité_du_discours_dEmmanuel_Macron_Cut_1006', 0.20000000000004547, 'BESOIN'),
(921, 1, NULL, 'Gilets_jaunes_-_réécoutez_lintégralité_du_discours_dEmmanuel_Macron_Cut_1009', 0.30000000000001137, 'DÉCISIONS'),
(922, 1, NULL, 'Gilets_jaunes_-_réécoutez_lintégralité_du_discours_dEmmanuel_Macron_Cut_1014', 0.39999999999997726, 'AU'),
(923, 2, NULL, 'REPLAY_-_Emmanuel_Macron_aux_funérailles_nationales_de_Béji_Caïd_Essebsi_Cut_755', 0.5999999999999659, 'C''EST'),
(924, 2, NULL, 'REPLAY_-_Emmanuel_Macron_aux_funérailles_nationales_de_Béji_Caïd_Essebsi_Cut_754', 0.5, 'VOUS'),
(925, 1, NULL, 'Gilets_jaunes_-_réécoutez_lintégralité_du_discours_dEmmanuel_Macron_Cut_1013', 0.5, 'ENTREPRISES'),
(926, 2, NULL, 'REPLAY_-_Emmanuel_Macron_aux_funérailles_nationales_de_Béji_Caïd_Essebsi_Cut_753', 0.39999999999997726, 'CÔTÉ'),
(927, 2, NULL, 'REPLAY_-_Emmanuel_Macron_aux_funérailles_nationales_de_Béji_Caïd_Essebsi_Cut_758', 0.39999999999997726, 'TUNISIEN'),
(928, 2, NULL, 'REPLAY_-_Emmanuel_Macron_aux_funérailles_nationales_de_Béji_Caïd_Essebsi_Cut_759', 0.6000000000000227, 'ACCOMPAGNERA'),
(929, 2, NULL, 'REPLAY_-_Emmanuel_Macron_aux_funérailles_nationales_de_Béji_Caïd_Essebsi_Cut_762', 0.5999999999999659, 'FAMILLE'),
(930, 1, NULL, 'Gilets_jaunes_-_réécoutez_lintégralité_du_discours_dEmmanuel_Macron_Cut_1017', 0.5999999999999659, 'CONCITOYENS'),
(931, 2, NULL, 'REPLAY_-_Emmanuel_Macron_aux_funérailles_nationales_de_Béji_Caïd_Essebsi_Cut_763', 0.30000000000001137, 'JUSQU''À'),
(932, 2, NULL, 'REPLAY_-_Emmanuel_Macron_aux_funérailles_nationales_de_Béji_Caïd_Essebsi_Cut_765', 0.20000000000004547, 'DE'),
(933, 2, NULL, 'REPLAY_-_Emmanuel_Macron_aux_funérailles_nationales_de_Béji_Caïd_Essebsi_Cut_768', 0.4000000000000341, 'DEMEURE'),
(934, 1, NULL, 'Gilets_jaunes_-_réécoutez_lintégralité_du_discours_dEmmanuel_Macron_Cut_1018', 0.5, 'FORTUNE'),
(935, 1, NULL, 'Gilets_jaunes_-_réécoutez_lintégralité_du_discours_dEmmanuel_Macron_Cut_1020', 0.4000000000000341, 'AIDE'),
(936, 2, NULL, 'REPLAY_-_Emmanuel_Macron_aux_funérailles_nationales_de_Béji_Caïd_Essebsi_Cut_774', 0.5, 'QUI'),
(937, 2, NULL, 'REPLAY_-_Emmanuel_Macron_aux_funérailles_nationales_de_Béji_Caïd_Essebsi_Cut_776', 0.5, 'ET'),
(938, 2, NULL, 'REPLAY_-_Emmanuel_Macron_aux_funérailles_nationales_de_Béji_Caïd_Essebsi_Cut_775', 0.5, 'CE'),
(939, 2, NULL, 'REPLAY_-_Emmanuel_Macron_aux_funérailles_nationales_de_Béji_Caïd_Essebsi_Cut_777', 0.5999999999999659, 'C''EST'),
(940, 2, NULL, 'REPLAY_-_Emmanuel_Macron_aux_funérailles_nationales_de_Béji_Caïd_Essebsi_Cut_778', 0.4000000000000341, 'SERA'),
(941, 2, NULL, 'REPLAY_-_Emmanuel_Macron_aux_funérailles_nationales_de_Béji_Caïd_Essebsi_Cut_780', 0.30000000000001137, 'COMBATS'),
(942, 1, NULL, 'Gilets_jaunes_-_réécoutez_lintégralité_du_discours_dEmmanuel_Macron_Cut_1022', 0.4000000000000341, 'NATION'),
(943, 2, NULL, 'REPLAY_-_Emmanuel_Macron_aux_funérailles_nationales_de_Béji_Caïd_Essebsi_Cut_786', 0.5999999999999659, 'PROFONDÉMENT'),
(944, 1, NULL, 'Gilets_jaunes_-_réécoutez_lintégralité_du_discours_dEmmanuel_Macron_Cut_1024', 0.5, 'RÉUSSIR'),
(945, 1, NULL, 'Gilets_jaunes_-_réécoutez_lintégralité_du_discours_dEmmanuel_Macron_Cut_1027', 0.4000000000000341, 'RÉUNIR'),
(946, 1, NULL, 'Gilets_jaunes_-_réécoutez_lintégralité_du_discours_dEmmanuel_Macron_Cut_1029', 0.5, 'ET'),
(947, 1, NULL, 'Gilets_jaunes_-_réécoutez_lintégralité_du_discours_dEmmanuel_Macron_Cut_1030', 0.4000000000000341, 'PRENDRE'),
(948, 1, NULL, 'Gilets_jaunes_-_réécoutez_lintégralité_du_discours_dEmmanuel_Macron_Cut_1032', 0.5, 'DÉCISIONS'),
(949, 1, NULL, 'Gilets_jaunes_-_réécoutez_lintégralité_du_discours_dEmmanuel_Macron_Cut_1035', 0.39999999999997726, 'SENS'),
(950, 1, NULL, 'Gilets_jaunes_-_réécoutez_lintégralité_du_discours_dEmmanuel_Macron_Cut_1038', 0.30000000000001137, 'SEMAINE'),
(951, 1, NULL, 'Gilets_jaunes_-_réécoutez_lintégralité_du_discours_dEmmanuel_Macron_Cut_1040', 0.20000000000004547, 'SAIS'),
(952, 1, NULL, 'Gilets_jaunes_-_réécoutez_lintégralité_du_discours_dEmmanuel_Macron_Cut_1042', 0.30000000000001137, 'CERTAINS'),
(953, 2, NULL, 'REPLAY_-_Emmanuel_Macron_aux_funérailles_nationales_de_Béji_Caïd_Essebsi_Cut_792', 0.5999999999999659, 'SE'),
(954, 2, NULL, 'REPLAY_-_Emmanuel_Macron_aux_funérailles_nationales_de_Béji_Caïd_Essebsi_Cut_791', 0.5, 'QUI'),
(955, 2, NULL, 'REPLAY_-_Emmanuel_Macron_aux_funérailles_nationales_de_Béji_Caïd_Essebsi_Cut_793', 0.30000000000001137, 'MONTRER'),
(956, 2, NULL, 'REPLAY_-_Emmanuel_Macron_aux_funérailles_nationales_de_Béji_Caïd_Essebsi_Cut_794', 0.30000000000001137, 'SERA'),
(957, 2, NULL, 'REPLAY_-_Emmanuel_Macron_aux_funérailles_nationales_de_Béji_Caïd_Essebsi_Cut_801', 0.4000000000000341, 'MAINTENANT'),
(958, 1, NULL, 'Gilets_jaunes_-_réécoutez_lintégralité_du_discours_dEmmanuel_Macron_Cut_1047', 0.39999999999997726, 'QUE'),
(959, 1, NULL, 'Gilets_jaunes_-_réécoutez_lintégralité_du_discours_dEmmanuel_Macron_Cut_1048', 0.6999999999999886, 'VISION'),
(960, 1, NULL, 'Gilets_jaunes_-_réécoutez_lintégralité_du_discours_dEmmanuel_Macron_Cut_1050', 0.39999999999997726, 'REVIENNE'),
(961, 1, NULL, 'Gilets_jaunes_-_réécoutez_lintégralité_du_discours_dEmmanuel_Macron_Cut_1051', 0.20000000000004547, 'NON'),
(962, 1, NULL, 'Gilets_jaunes_-_réécoutez_lintégralité_du_discours_dEmmanuel_Macron_Cut_1052', 0.5, 'SUR'),
(963, 1, NULL, 'Gilets_jaunes_-_réécoutez_lintégralité_du_discours_dEmmanuel_Macron_Cut_1054', 0.20000000000004547, 'LA'),
(964, 1, NULL, 'Gilets_jaunes_-_réécoutez_lintégralité_du_discours_dEmmanuel_Macron_Cut_1057', 0.30000000000001137, 'L''IMPÔT'),
(965, 1, NULL, 'Gilets_jaunes_-_réécoutez_lintégralité_du_discours_dEmmanuel_Macron_Cut_1062', 0.5999999999999659, 'PENDANT'),
(966, 1, NULL, 'Gilets_jaunes_-_réécoutez_lintégralité_du_discours_dEmmanuel_Macron_Cut_1065', 0.39999999999997726, '40'),
(967, 1, NULL, 'Gilets_jaunes_-_réécoutez_lintégralité_du_discours_dEmmanuel_Macron_Cut_1066', 0.20000000000004547, 'ANS'),
(968, 1, NULL, 'Gilets_jaunes_-_réécoutez_lintégralité_du_discours_dEmmanuel_Macron_Cut_1068', 0.20000000000004547, 'A'),
(969, 1, NULL, 'Gilets_jaunes_-_réécoutez_lintégralité_du_discours_dEmmanuel_Macron_Cut_1069', 0.5, 'EXISTÉ'),
(970, 2, NULL, 'REPLAY_-_Emmanuel_Macron_aux_funérailles_nationales_de_Béji_Caïd_Essebsi_Cut_804', 0.6000000000000227, 'EST-CE'),
(971, 2, NULL, 'REPLAY_-_Emmanuel_Macron_aux_funérailles_nationales_de_Béji_Caïd_Essebsi_Cut_805', 0.5, 'AU'),
(972, 2, NULL, 'REPLAY_-_Emmanuel_Macron_aux_funérailles_nationales_de_Béji_Caïd_Essebsi_Cut_803', 0.5, 'ET'),
(973, 2, NULL, 'REPLAY_-_Emmanuel_Macron_aux_funérailles_nationales_de_Béji_Caïd_Essebsi_Cut_808', 0.30000000000001137, 'QU''IL'),
(974, 2, NULL, 'REPLAY_-_Emmanuel_Macron_aux_funérailles_nationales_de_Béji_Caïd_Essebsi_Cut_806', 0.30000000000001137, 'QUE'),
(975, 2, NULL, 'REPLAY_-_Emmanuel_Macron_aux_funérailles_nationales_de_Béji_Caïd_Essebsi_Cut_809', 0.39999999999997726, 'DIGNE'),
(976, 2, NULL, 'REPLAY_-_Emmanuel_Macron_aux_funérailles_nationales_de_Béji_Caïd_Essebsi_Cut_810', 0.39999999999997726, 'ADVIENT'),
(977, 2, NULL, 'REPLAY_-_Emmanuel_Macron_aux_funérailles_nationales_de_Béji_Caïd_Essebsi_Cut_811', 0.5, 'CE'),
(978, 2, NULL, 'REPLAY_-_Emmanuel_Macron_aux_funérailles_nationales_de_Béji_Caïd_Essebsi_Cut_813', 0.30000000000001137, 'À'),
(979, 2, NULL, 'REPLAY_-_Emmanuel_Macron_aux_funérailles_nationales_de_Béji_Caïd_Essebsi_Cut_814', 0.5, 'ÊTRE'),
(980, 1, NULL, 'Gilets_jaunes_-_réécoutez_lintégralité_du_discours_dEmmanuel_Macron_Cut_1070', 0.6000000000000227, 'PÉRIODE'),
(981, 1, NULL, 'Gilets_jaunes_-_réécoutez_lintégralité_du_discours_dEmmanuel_Macron_Cut_1074', 0.5, 'PARTEZ'),
(982, 1, NULL, 'Gilets_jaunes_-_réécoutez_lintégralité_du_discours_dEmmanuel_Macron_Cut_1075', 0.5999999999999659, 'ET'),
(983, 1, NULL, 'Gilets_jaunes_-_réécoutez_lintégralité_du_discours_dEmmanuel_Macron_Cut_1076', 0.30000000000001137, 'NOTRE'),
(984, 1, NULL, 'Gilets_jaunes_-_réécoutez_lintégralité_du_discours_dEmmanuel_Macron_Cut_1077', 0.30000000000001137, 'PAYS'),
(985, 1, NULL, 'Gilets_jaunes_-_réécoutez_lintégralité_du_discours_dEmmanuel_Macron_Cut_1078', 0.6999999999999886, 'S''AFFAIBLISSAIT'),
(986, 1, NULL, 'Gilets_jaunes_-_réécoutez_lintégralité_du_discours_dEmmanuel_Macron_Cut_1080', 0.4000000000000341, 'AUX'),
(987, 1, NULL, 'Gilets_jaunes_-_réécoutez_lintégralité_du_discours_dEmmanuel_Macron_Cut_1082', 0.5, 'PRIS'),
(988, 1, NULL, 'Gilets_jaunes_-_réécoutez_lintégralité_du_discours_dEmmanuel_Macron_Cut_1084', 0.20000000000004547, 'VOUS'),
(989, 1, NULL, 'Gilets_jaunes_-_réécoutez_lintégralité_du_discours_dEmmanuel_Macron_Cut_1085', 0.6999999999999886, 'CET'),
(990, 1, NULL, 'Gilets_jaunes_-_réécoutez_lintégralité_du_discours_dEmmanuel_Macron_Cut_1086', 0.30000000000001137, 'IMPÔT'),
(991, 1, NULL, 'Gilets_jaunes_-_réécoutez_lintégralité_du_discours_dEmmanuel_Macron_Cut_1089', 0.6000000000000227, 'SUPPRIMÉ'),
(992, 1, NULL, 'Gilets_jaunes_-_réécoutez_lintégralité_du_discours_dEmmanuel_Macron_Cut_1094', 0.2999999999999545, 'INVESTI'),
(993, 2, NULL, 'REPLAY_-_Emmanuel_Macron_aux_funérailles_nationales_de_Béji_Caïd_Essebsi_Cut_819', 0.20000000000004547, 'À'),
(994, 2, NULL, 'REPLAY_-_Emmanuel_Macron_aux_funérailles_nationales_de_Béji_Caïd_Essebsi_Cut_816', 0.39999999999997726, 'QUELLE'),
(995, 2, NULL, 'REPLAY_-_Emmanuel_Macron_aux_funérailles_nationales_de_Béji_Caïd_Essebsi_Cut_817', 0.5, 'ET'),
(996, 2, NULL, 'REPLAY_-_Emmanuel_Macron_aux_funérailles_nationales_de_Béji_Caïd_Essebsi_Cut_824', 0.20000000000004547, 'DONNÉ'),
(997, 2, NULL, 'REPLAY_-_Emmanuel_Macron_aux_funérailles_nationales_de_Béji_Caïd_Essebsi_Cut_828', 0.20000000000004547, 'TUNISIEN'),
(998, 2, NULL, 'REPLAY_-_Emmanuel_Macron_aux_funérailles_nationales_de_Béji_Caïd_Essebsi_Cut_820', 0.5999999999999659, 'CHOISIR'),
(999, 1, NULL, 'Gilets_jaunes_-_réécoutez_lintégralité_du_discours_dEmmanuel_Macron_Cut_1095', 0.39999999999997726, 'NOTRE'),
(1000, 1, NULL, 'Gilets_jaunes_-_réécoutez_lintégralité_du_discours_dEmmanuel_Macron_Cut_1096', 0.6000000000000227, 'IL'),
(1001, 1, NULL, 'Gilets_jaunes_-_réécoutez_lintégralité_du_discours_dEmmanuel_Macron_Cut_1097', 0.20000000000004547, 'ÉCONOMIE'),
(1002, 1, NULL, 'Gilets_jaunes_-_réécoutez_lintégralité_du_discours_dEmmanuel_Macron_Cut_1100', 0.5, 'MAINTENU'),
(1003, 1, NULL, 'Gilets_jaunes_-_réécoutez_lintégralité_du_discours_dEmmanuel_Macron_Cut_1101', 0.5999999999999659, 'ET'),
(1004, 1, NULL, 'Gilets_jaunes_-_réécoutez_lintégralité_du_discours_dEmmanuel_Macron_Cut_1103', 0.5, 'CONTRAIRE'),
(1005, 1, NULL, 'Gilets_jaunes_-_réécoutez_lintégralité_du_discours_dEmmanuel_Macron_Cut_1104', 0.30000000000001137, 'DONC'),
(1006, 1, NULL, 'Gilets_jaunes_-_réécoutez_lintégralité_du_discours_dEmmanuel_Macron_Cut_1106', 0.20000000000004547, 'CEUX'),
(1007, 1, NULL, 'Gilets_jaunes_-_réécoutez_lintégralité_du_discours_dEmmanuel_Macron_Cut_1107', 0.39999999999997726, 'AIDE'),
(1008, 1, NULL, 'Gilets_jaunes_-_réécoutez_lintégralité_du_discours_dEmmanuel_Macron_Cut_1111', 0.30000000000001137, 'FORTUNE'),
(1009, 1, NULL, 'Gilets_jaunes_-_réécoutez_lintégralité_du_discours_dEmmanuel_Macron_Cut_1112', 0.30000000000001137, 'À'),
(1010, 1, NULL, 'Gilets_jaunes_-_réécoutez_lintégralité_du_discours_dEmmanuel_Macron_Cut_1115', 0.20000000000004547, 'DES'),
(1011, 2, NULL, 'REPLAY_-_Emmanuel_Macron_aux_funérailles_nationales_de_Béji_Caïd_Essebsi_Cut_833', 0.5, 'QUE'),
(1012, 2, NULL, 'REPLAY_-_Emmanuel_Macron_aux_funérailles_nationales_de_Béji_Caïd_Essebsi_Cut_832', 0.6000000000000227, 'LE'),
(1013, 2, NULL, 'REPLAY_-_Emmanuel_Macron_aux_funérailles_nationales_de_Béji_Caïd_Essebsi_Cut_834', 0.5, 'C''EST'),
(1014, 2, NULL, 'REPLAY_-_Emmanuel_Macron_aux_funérailles_nationales_de_Béji_Caïd_Essebsi_Cut_837', 0.20000000000004547, 'BEL'),
(1015, 2, NULL, 'REPLAY_-_Emmanuel_Macron_aux_funérailles_nationales_de_Béji_Caïd_Essebsi_Cut_841', 0.4000000000000341, 'PORTER'),
(1016, 2, NULL, 'REPLAY_-_Emmanuel_Macron_aux_funérailles_nationales_de_Béji_Caïd_Essebsi_Cut_839', 0.5, 'PROFONDÉMENT'),
(1017, 2, NULL, 'REPLAY_-_Emmanuel_Macron_aux_funérailles_nationales_de_Béji_Caïd_Essebsi_Cut_847', 0.6999999999999886, 'TUNISIE'),
(1018, 2, NULL, 'REPLAY_-_Emmanuel_Macron_aux_funérailles_nationales_de_Béji_Caïd_Essebsi_Cut_848', 0.5, 'OUVERTE'),
(1019, 1, NULL, 'Gilets_jaunes_-_réécoutez_lintégralité_du_discours_dEmmanuel_Macron_Cut_1121', 0.30000000000001137, 'NOUS'),
(1020, 1, NULL, 'Gilets_jaunes_-_réécoutez_lintégralité_du_discours_dEmmanuel_Macron_Cut_1118', 0.5, 'LE'),
(1021, 1, NULL, 'Gilets_jaunes_-_réécoutez_lintégralité_du_discours_dEmmanuel_Macron_Cut_1122', 0.30000000000001137, 'AFFAIBLIR'),
(1022, 1, NULL, 'Gilets_jaunes_-_réécoutez_lintégralité_du_discours_dEmmanuel_Macron_Cut_1123', 0.4000000000000341, 'GOUVERNEMENT'),
(1023, 1, NULL, 'Gilets_jaunes_-_réécoutez_lintégralité_du_discours_dEmmanuel_Macron_Cut_1124', 0.2999999999999545, 'ET'),
(1024, 1, NULL, 'Gilets_jaunes_-_réécoutez_lintégralité_du_discours_dEmmanuel_Macron_Cut_1127', 0.4000000000000341, 'PARLEMENT'),
(1025, 1, NULL, 'Gilets_jaunes_-_réécoutez_lintégralité_du_discours_dEmmanuel_Macron_Cut_1128', 0.6000000000000227, 'ALORS'),
(1026, 1, NULL, 'Gilets_jaunes_-_réécoutez_lintégralité_du_discours_dEmmanuel_Macron_Cut_1137', 0.4000000000000341, 'RECRÉER'),
(1027, 1, NULL, 'Gilets_jaunes_-_réécoutez_lintégralité_du_discours_dEmmanuel_Macron_Cut_1138', 0.39999999999997726, 'DES'),
(1028, 2, NULL, 'REPLAY_-_Emmanuel_Macron_aux_funérailles_nationales_de_Béji_Caïd_Essebsi_Cut_854', 0.5, 'TUNISIE'),
(1029, 2, NULL, 'REPLAY_-_Emmanuel_Macron_aux_funérailles_nationales_de_Béji_Caïd_Essebsi_Cut_857', 0.39999999999997726, 'SERA'),
(1030, 1, NULL, 'Gilets_jaunes_-_réécoutez_lintégralité_du_discours_dEmmanuel_Macron_Cut_1139', 0.39999999999997726, 'EMPLOIS'),
(1031, 1, NULL, 'Gilets_jaunes_-_réécoutez_lintégralité_du_discours_dEmmanuel_Macron_Cut_1140', 0.30000000000001137, 'DANS'),
(1032, 2, NULL, 'REPLAY_-_Emmanuel_Macron_aux_funérailles_nationales_de_Béji_Caïd_Essebsi_Cut_858', 0.39999999999997726, 'DÉFINIR'),
(1033, 2, NULL, 'REPLAY_-_Emmanuel_Macron_aux_funérailles_nationales_de_Béji_Caïd_Essebsi_Cut_859', 0.5, 'C''EST'),
(1034, 2, NULL, 'REPLAY_-_Emmanuel_Macron_aux_funérailles_nationales_de_Béji_Caïd_Essebsi_Cut_860', 0.6000000000000227, 'UNE'),
(1035, 2, NULL, 'REPLAY_-_Emmanuel_Macron_aux_funérailles_nationales_de_Béji_Caïd_Essebsi_Cut_865', 0.30000000000001137, 'AIMER'),
(1036, 2, NULL, 'REPLAY_-_Emmanuel_Macron_aux_funérailles_nationales_de_Béji_Caïd_Essebsi_Cut_866', 0.39999999999997726, 'TUNISIE'),
(1037, 2, NULL, 'REPLAY_-_Emmanuel_Macron_aux_funérailles_nationales_de_Béji_Caïd_Essebsi_Cut_864', 0.30000000000001137, 'ÊTRE'),
(1038, 1, NULL, 'Gilets_jaunes_-_réécoutez_lintégralité_du_discours_dEmmanuel_Macron_Cut_1145', 0.39999999999997726, 'ALLER'),
(1039, 2, NULL, 'REPLAY_-_Emmanuel_Macron_aux_funérailles_nationales_de_Béji_Caïd_Essebsi_Cut_870', 0.2999999999999545, 'SERA'),
(1040, 2, NULL, 'REPLAY_-_Emmanuel_Macron_aux_funérailles_nationales_de_Béji_Caïd_Essebsi_Cut_868', 0.4000000000000341, 'LIBERTÉ'),
(1041, 1, NULL, 'Gilets_jaunes_-_réécoutez_lintégralité_du_discours_dEmmanuel_Macron_Cut_1146', 0.5, 'PLUS'),
(1042, 2, NULL, 'REPLAY_-_Emmanuel_Macron_aux_funérailles_nationales_de_Béji_Caïd_Essebsi_Cut_871', 0.20000000000004547, 'COMME'),
(1043, 2, NULL, 'REPLAY_-_Emmanuel_Macron_aux_funérailles_nationales_de_Béji_Caïd_Essebsi_Cut_874', 0.30000000000001137, 'DÉFENDRE'),
(1044, 2, NULL, 'REPLAY_-_Emmanuel_Macron_aux_funérailles_nationales_de_Béji_Caïd_Essebsi_Cut_877', 0.20000000000004547, 'L''AVIEZ'),
(1045, 1, NULL, 'Gilets_jaunes_-_réécoutez_lintégralité_du_discours_dEmmanuel_Macron_Cut_1149', 0.4000000000000341, 'METTRE'),
(1046, 1, NULL, 'Gilets_jaunes_-_réécoutez_lintégralité_du_discours_dEmmanuel_Macron_Cut_1150', 0.30000000000001137, 'FIN'),
(1047, 1, NULL, 'Gilets_jaunes_-_réécoutez_lintégralité_du_discours_dEmmanuel_Macron_Cut_1151', 0.5999999999999659, 'AUX'),
(1048, 1, NULL, 'Gilets_jaunes_-_réécoutez_lintégralité_du_discours_dEmmanuel_Macron_Cut_1152', 0.4000000000000341, 'AVANTAGES'),
(1049, 1, NULL, 'Gilets_jaunes_-_réécoutez_lintégralité_du_discours_dEmmanuel_Macron_Cut_1153', 0.5, 'INDUES'),
(1050, 1, NULL, 'Gilets_jaunes_-_réécoutez_lintégralité_du_discours_dEmmanuel_Macron_Cut_1154', 0.2999999999999545, 'ET'),
(1051, 1, NULL, 'Gilets_jaunes_-_réécoutez_lintégralité_du_discours_dEmmanuel_Macron_Cut_1156', 0.39999999999997726, 'ÉVASION'),
(1052, 1, NULL, 'Gilets_jaunes_-_réécoutez_lintégralité_du_discours_dEmmanuel_Macron_Cut_1157', 0.20000000000004547, 'FISCALE'),
(1053, 1, NULL, 'Gilets_jaunes_-_réécoutez_lintégralité_du_discours_dEmmanuel_Macron_Cut_1159', 0.4000000000000341, 'DIRIGEANT'),
(1054, 1, NULL, 'Gilets_jaunes_-_réécoutez_lintégralité_du_discours_dEmmanuel_Macron_Cut_1163', 0.5999999999999659, 'DOIT'),
(1055, 1, NULL, 'Gilets_jaunes_-_réécoutez_lintégralité_du_discours_dEmmanuel_Macron_Cut_1164', 0.20000000000004547, 'PAYER'),
(1056, 1, NULL, 'Gilets_jaunes_-_réécoutez_lintégralité_du_discours_dEmmanuel_Macron_Cut_1167', 0.5, 'EN'),
(1057, 2, NULL, 'REPLAY_-_Emmanuel_Macron_aux_funérailles_nationales_de_Béji_Caïd_Essebsi_Cut_880', 0.5, 'PARCE'),
(1058, 2, NULL, 'REPLAY_-_Emmanuel_Macron_aux_funérailles_nationales_de_Béji_Caïd_Essebsi_Cut_879', 0.30000000000001137, 'FAUT'),
(1059, 2, NULL, 'REPLAY_-_Emmanuel_Macron_aux_funérailles_nationales_de_Béji_Caïd_Essebsi_Cut_881', 0.5, 'TOUT'),
(1060, 2, NULL, 'REPLAY_-_Emmanuel_Macron_aux_funérailles_nationales_de_Béji_Caïd_Essebsi_Cut_882', 0.20000000000004547, 'QUE'),
(1061, 2, NULL, 'REPLAY_-_Emmanuel_Macron_aux_funérailles_nationales_de_Béji_Caïd_Essebsi_Cut_888', 0.20000000000004547, 'QU''ELLE'),
(1062, 2, NULL, 'REPLAY_-_Emmanuel_Macron_aux_funérailles_nationales_de_Béji_Caïd_Essebsi_Cut_891', 0.20000000000004547, 'LÀ'),
(1063, 2, NULL, 'REPLAY_-_Emmanuel_Macron_aux_funérailles_nationales_de_Béji_Caïd_Essebsi_Cut_893', 0.40000000000009095, 'AUX'),
(1064, 2, NULL, 'REPLAY_-_Emmanuel_Macron_aux_funérailles_nationales_de_Béji_Caïd_Essebsi_Cut_898', 0.20000000000004547, 'PEU'),
(1065, 2, NULL, 'REPLAY_-_Emmanuel_Macron_aux_funérailles_nationales_de_Béji_Caïd_Essebsi_Cut_899', 0.2999999999999545, 'FEMMES'),
(1066, 1, NULL, 'Gilets_jaunes_-_réécoutez_lintégralité_du_discours_dEmmanuel_Macron_Cut_1170', 0.5, 'VOUS'),
(1067, 1, NULL, 'Gilets_jaunes_-_réécoutez_lintégralité_du_discours_dEmmanuel_Macron_Cut_1169', 0.39999999999997726, 'ET'),
(1068, 1, NULL, 'Gilets_jaunes_-_réécoutez_lintégralité_du_discours_dEmmanuel_Macron_Cut_1172', 0.30000000000001137, 'VOYEZ'),
(1069, 1, NULL, 'Gilets_jaunes_-_réécoutez_lintégralité_du_discours_dEmmanuel_Macron_Cut_1174', 0.30000000000001137, 'GRANDES'),
(1070, 1, NULL, 'Gilets_jaunes_-_réécoutez_lintégralité_du_discours_dEmmanuel_Macron_Cut_1176', 0.5, 'RÉPONDRONS'),
(1071, 1, NULL, 'Gilets_jaunes_-_réécoutez_lintégralité_du_discours_dEmmanuel_Macron_Cut_1178', 0.39999999999997726, 'QUI'),
(1072, 1, NULL, 'Gilets_jaunes_-_réécoutez_lintégralité_du_discours_dEmmanuel_Macron_Cut_1180', 0.30000000000001137, 'L''URGENCE'),
(1073, 1, NULL, 'Gilets_jaunes_-_réécoutez_lintégralité_du_discours_dEmmanuel_Macron_Cut_1181', 0.30000000000001137, 'FONT'),
(1074, 1, NULL, 'Gilets_jaunes_-_réécoutez_lintégralité_du_discours_dEmmanuel_Macron_Cut_1185', 0.39999999999997726, 'PROFIT'),
(1075, 1, NULL, 'Gilets_jaunes_-_réécoutez_lintégralité_du_discours_dEmmanuel_Macron_Cut_1186', 0.4000000000000341, 'DOIVENT-ILS'),
(1076, 1, NULL, 'Gilets_jaunes_-_réécoutez_lintégralité_du_discours_dEmmanuel_Macron_Cut_1188', 0.4000000000000341, 'L''IMPÔT'),
(1077, 1, NULL, 'Gilets_jaunes_-_réécoutez_lintégralité_du_discours_dEmmanuel_Macron_Cut_1191', 0.30000000000001137, 'SIMPLE'),
(1078, 1, NULL, 'Gilets_jaunes_-_réécoutez_lintégralité_du_discours_dEmmanuel_Macron_Cut_1192', 0.5, 'JUSTICE'),
(1079, 2, NULL, 'REPLAY_-_Emmanuel_Macron_aux_funérailles_nationales_de_Béji_Caïd_Essebsi_Cut_907', 0.3000000000000682, 'SAVAIT'),
(1080, 2, NULL, 'REPLAY_-_Emmanuel_Macron_aux_funérailles_nationales_de_Béji_Caïd_Essebsi_Cut_906', 0.39999999999997726, 'TUNISIE'),
(1081, 2, NULL, 'REPLAY_-_Emmanuel_Macron_aux_funérailles_nationales_de_Béji_Caïd_Essebsi_Cut_911', 0.2999999999999545, 'SERA'),
(1082, 2, NULL, 'REPLAY_-_Emmanuel_Macron_aux_funérailles_nationales_de_Béji_Caïd_Essebsi_Cut_909', 0.2999999999999545, 'COMBIEN'),
(1083, 2, NULL, 'REPLAY_-_Emmanuel_Macron_aux_funérailles_nationales_de_Béji_Caïd_Essebsi_Cut_912', 0.20000000000004547, 'TOUT'),
(1084, 2, NULL, 'REPLAY_-_Emmanuel_Macron_aux_funérailles_nationales_de_Béji_Caïd_Essebsi_Cut_915', 0.20000000000004547, 'DOIT'),
(1085, 2, NULL, 'REPLAY_-_Emmanuel_Macron_aux_funérailles_nationales_de_Béji_Caïd_Essebsi_Cut_917', 0.3000000000000682, 'FEMMES'),
(1086, 2, NULL, 'REPLAY_-_Emmanuel_Macron_aux_funérailles_nationales_de_Béji_Caïd_Essebsi_Cut_918', 0.2999999999999545, 'TUNISIENNES'),
(1087, 2, NULL, 'REPLAY_-_Emmanuel_Macron_aux_funérailles_nationales_de_Béji_Caïd_Essebsi_Cut_922', 0.40000000000009095, 'LIBERTÉ'),
(1088, 2, NULL, 'REPLAY_-_Emmanuel_Macron_aux_funérailles_nationales_de_Béji_Caïd_Essebsi_Cut_924', 0.20000000000004547, 'PORTE'),
(1089, 1, NULL, 'Gilets_jaunes_-_réécoutez_lintégralité_du_discours_dEmmanuel_Macron_Cut_1193', 0.39999999999997726, 'PAR'),
(1090, 1, NULL, 'Gilets_jaunes_-_réécoutez_lintégralité_du_discours_dEmmanuel_Macron_Cut_1195', 0.599999999999909, 'QUE'),
(1091, 1, NULL, 'Gilets_jaunes_-_réécoutez_lintégralité_du_discours_dEmmanuel_Macron_Cut_1197', 0.39999999999997726, 'MESURES'),
(1092, 1, NULL, 'Gilets_jaunes_-_réécoutez_lintégralité_du_discours_dEmmanuel_Macron_Cut_1198', 0.30000000000001137, 'FORTES'),
(1093, 1, NULL, 'Gilets_jaunes_-_réécoutez_lintégralité_du_discours_dEmmanuel_Macron_Cut_1199', 0.6999999999999886, 'PAR'),
(1094, 1, NULL, 'Gilets_jaunes_-_réécoutez_lintégralité_du_discours_dEmmanuel_Macron_Cut_1201', 0.20000000000004547, 'BAISSES'),
(1095, 1, NULL, 'Gilets_jaunes_-_réécoutez_lintégralité_du_discours_dEmmanuel_Macron_Cut_1203', 0.3000000000000682, 'PLUS'),
(1096, 1, NULL, 'Gilets_jaunes_-_réécoutez_lintégralité_du_discours_dEmmanuel_Macron_Cut_1204', 0.39999999999997726, 'RAPIDE'),
(1097, 1, NULL, 'Gilets_jaunes_-_réécoutez_lintégralité_du_discours_dEmmanuel_Macron_Cut_1205', 0.5, 'PAR'),
(1098, 1, NULL, 'Gilets_jaunes_-_réécoutez_lintégralité_du_discours_dEmmanuel_Macron_Cut_1207', 0.20000000000004547, 'MEILLEURE'),
(1099, 1, NULL, 'Gilets_jaunes_-_réécoutez_lintégralité_du_discours_dEmmanuel_Macron_Cut_1208', 0.5, 'MAÎTRISE'),
(1100, 1, NULL, 'Gilets_jaunes_-_réécoutez_lintégralité_du_discours_dEmmanuel_Macron_Cut_1210', 0.39999999999997726, 'DÉPENSES'),
(1101, 1, NULL, 'Gilets_jaunes_-_réécoutez_lintégralité_du_discours_dEmmanuel_Macron_Cut_1213', 0.20000000000004547, 'PAR'),
(1102, 1, NULL, 'Gilets_jaunes_-_réécoutez_lintégralité_du_discours_dEmmanuel_Macron_Cut_1214', 0.39999999999997726, 'D''HERCULE'),
(1103, 2, NULL, 'REPLAY_-_Emmanuel_Macron_aux_funérailles_nationales_de_Béji_Caïd_Essebsi_Cut_928', 0.20000000000004547, 'CHOISIR'),
(1104, 2, NULL, 'REPLAY_-_Emmanuel_Macron_aux_funérailles_nationales_de_Béji_Caïd_Essebsi_Cut_926', 0.5, 'QUI'),
(1105, 2, NULL, 'REPLAY_-_Emmanuel_Macron_aux_funérailles_nationales_de_Béji_Caïd_Essebsi_Cut_930', 0.39999999999997726, 'DESTIN'),
(1106, 2, NULL, 'REPLAY_-_Emmanuel_Macron_aux_funérailles_nationales_de_Béji_Caïd_Essebsi_Cut_925', 0.6000000000000227, 'C''EST'),
(1107, 2, NULL, 'REPLAY_-_Emmanuel_Macron_aux_funérailles_nationales_de_Béji_Caïd_Essebsi_Cut_931', 0.20000000000004547, 'VOUS'),
(1108, 2, NULL, 'REPLAY_-_Emmanuel_Macron_aux_funérailles_nationales_de_Béji_Caïd_Essebsi_Cut_933', 0.39999999999997726, 'TUNISIE'),
(1109, 2, NULL, 'REPLAY_-_Emmanuel_Macron_aux_funérailles_nationales_de_Béji_Caïd_Essebsi_Cut_934', 0.6000000000000227, 'ACCOMPAGNERA'),
(1110, 2, NULL, 'REPLAY_-_Emmanuel_Macron_aux_funérailles_nationales_de_Béji_Caïd_Essebsi_Cut_938', 0.39999999999997726, 'PRÉSIDENT'),
(1111, 1, NULL, 'Gilets_jaunes_-_réécoutez_lintégralité_du_discours_dEmmanuel_Macron_Cut_1215', 0.5, 'FERMEMENT'),
(1112, 1, NULL, 'Gilets_jaunes_-_réécoutez_lintégralité_du_discours_dEmmanuel_Macron_Cut_1218', 0.20000000000004547, 'DES'),
(1113, 1, NULL, 'Gilets_jaunes_-_réécoutez_lintégralité_du_discours_dEmmanuel_Macron_Cut_1219', 0.6000000000000227, 'TRANSFORMATIONS'),
(1114, 1, NULL, 'Gilets_jaunes_-_réécoutez_lintégralité_du_discours_dEmmanuel_Macron_Cut_1221', 0.2999999999999545, 'NOTRE'),
(1115, 1, NULL, 'Gilets_jaunes_-_réécoutez_lintégralité_du_discours_dEmmanuel_Macron_Cut_1222', 0.20000000000004547, 'PAYS'),
(1116, 1, NULL, 'Gilets_jaunes_-_réécoutez_lintégralité_du_discours_dEmmanuel_Macron_Cut_1226', 0.2999999999999545, 'A'),
(1117, 1, NULL, 'Gilets_jaunes_-_réécoutez_lintégralité_du_discours_dEmmanuel_Macron_Cut_1227', 0.39999999999997726, 'CHOISI'),
(1118, 1, NULL, 'Gilets_jaunes_-_réécoutez_lintégralité_du_discours_dEmmanuel_Macron_Cut_1228', 0.3000000000000682, 'IL'),
(1119, 1, NULL, 'Gilets_jaunes_-_réécoutez_lintégralité_du_discours_dEmmanuel_Macron_Cut_1236', 0.3000000000000682, 'DEVANT'),
(1120, 1, NULL, 'Gilets_jaunes_-_réécoutez_lintégralité_du_discours_dEmmanuel_Macron_Cut_1239', 0.5, 'CONDUIRE'),
(1121, 1, NULL, 'Gilets_jaunes_-_réécoutez_lintégralité_du_discours_dEmmanuel_Macron_Cut_1240', 0.3000000000000682, 'UNE'),
(1122, 2, NULL, 'REPLAY_-_Emmanuel_Macron_aux_funérailles_nationales_de_Béji_Caïd_Essebsi_Cut_939', 0.39999999999997726, 'PARCE'),
(1123, 2, NULL, 'REPLAY_-_Emmanuel_Macron_aux_funérailles_nationales_de_Béji_Caïd_Essebsi_Cut_940', 0.6000000000000227, 'VOUS'),
(1124, 2, NULL, 'REPLAY_-_Emmanuel_Macron_aux_funérailles_nationales_de_Béji_Caïd_Essebsi_Cut_941', 0.6000000000000227, 'POUR'),
(1125, 2, NULL, 'REPLAY_-_Emmanuel_Macron_aux_funérailles_nationales_de_Béji_Caïd_Essebsi_Cut_946', 0.20000000000004547, 'AVEZ'),
(1126, 2, NULL, 'REPLAY_-_Emmanuel_Macron_aux_funérailles_nationales_de_Béji_Caïd_Essebsi_Cut_945', 0.20000000000004547, 'VOS'),
(1127, 2, NULL, 'REPLAY_-_Emmanuel_Macron_aux_funérailles_nationales_de_Béji_Caïd_Essebsi_Cut_949', 0.20000000000004547, 'DIGNE'),
(1128, 2, NULL, 'REPLAY_-_Emmanuel_Macron_aux_funérailles_nationales_de_Béji_Caïd_Essebsi_Cut_954', 0.2999999999999545, 'CELA'),
(1129, 2, NULL, 'REPLAY_-_Emmanuel_Macron_aux_funérailles_nationales_de_Béji_Caïd_Essebsi_Cut_950', 0.39999999999997726, 'PORTÉE'),
(1130, 2, NULL, 'REPLAY_-_Emmanuel_Macron_aux_funérailles_nationales_de_Béji_Caïd_Essebsi_Cut_956', 0.2999999999999545, 'QU''ELLE'),
(1131, 2, NULL, 'REPLAY_-_Emmanuel_Macron_aux_funérailles_nationales_de_Béji_Caïd_Essebsi_Cut_952', 0.6999999999999318, 'CES'),
(1132, 2, NULL, 'REPLAY_-_Emmanuel_Macron_aux_funérailles_nationales_de_Béji_Caïd_Essebsi_Cut_959', 0.3000000000000682, 'DERNIÈRES'),
(1133, 1, NULL, 'Gilets_jaunes_-_réécoutez_lintégralité_du_discours_dEmmanuel_Macron_Cut_1243', 0.39999999999997726, 'L''ÉTAT'),
(1134, 2, NULL, 'REPLAY_-_Emmanuel_Macron_aux_funérailles_nationales_de_Béji_Caïd_Essebsi_Cut_961', 0.6000000000000227, 'ALORS'),
(1135, 1, NULL, 'Gilets_jaunes_-_réécoutez_lintégralité_du_discours_dEmmanuel_Macron_Cut_1244', 0.5, 'DE'),
(1136, 1, NULL, 'Gilets_jaunes_-_réécoutez_lintégralité_du_discours_dEmmanuel_Macron_Cut_1245', 0.40000000000009095, 'L''INDEMNISATION'),
(1137, 1, NULL, 'Gilets_jaunes_-_réécoutez_lintégralité_du_discours_dEmmanuel_Macron_Cut_1246', 0.39999999999997726, 'DU'),
(1138, 1, NULL, 'Gilets_jaunes_-_réécoutez_lintégralité_du_discours_dEmmanuel_Macron_Cut_1248', 0.5, 'ET'),
(1139, 1, NULL, 'Gilets_jaunes_-_réécoutez_lintégralité_du_discours_dEmmanuel_Macron_Cut_1250', 0.3000000000000682, 'RETRAITES'),
(1140, 1, NULL, 'Gilets_jaunes_-_réécoutez_lintégralité_du_discours_dEmmanuel_Macron_Cut_1252', 0.2999999999999545, 'SONT'),
(1141, 1, NULL, 'Gilets_jaunes_-_réécoutez_lintégralité_du_discours_dEmmanuel_Macron_Cut_1256', 0.2999999999999545, 'RÈGLES'),
(1142, 1, NULL, 'Gilets_jaunes_-_réécoutez_lintégralité_du_discours_dEmmanuel_Macron_Cut_1257', 0.20000000000004547, 'PLUS'),
(1143, 1, NULL, 'Gilets_jaunes_-_réécoutez_lintégralité_du_discours_dEmmanuel_Macron_Cut_1258', 0.39999999999997726, 'JUSTE'),
(1144, 1, NULL, 'Gilets_jaunes_-_réécoutez_lintégralité_du_discours_dEmmanuel_Macron_Cut_1260', 0.5, 'SIMPLE'),
(1145, 1, NULL, 'Gilets_jaunes_-_réécoutez_lintégralité_du_discours_dEmmanuel_Macron_Cut_1264', 0.20000000000004547, 'QUI'),
(1146, 1, NULL, 'Gilets_jaunes_-_réécoutez_lintégralité_du_discours_dEmmanuel_Macron_Cut_1262', 0.6000000000000227, 'MAIS'),
(1147, 1, NULL, 'Gilets_jaunes_-_réécoutez_lintégralité_du_discours_dEmmanuel_Macron_Cut_1265', 0.5, 'RÉCOMPENSE'),
(1148, 1, NULL, 'Gilets_jaunes_-_réécoutez_lintégralité_du_discours_dEmmanuel_Macron_Cut_1268', 0.3000000000000682, 'AUSSI'),
(1149, 1, NULL, 'Gilets_jaunes_-_réécoutez_lintégralité_du_discours_dEmmanuel_Macron_Cut_1271', 0.20000000000004547, 'NOTRE'),
(1150, 1, NULL, 'Gilets_jaunes_-_réécoutez_lintégralité_du_discours_dEmmanuel_Macron_Cut_1269', 0.5, 'CEUX'),
(1151, 1, NULL, 'Gilets_jaunes_-_réécoutez_lintégralité_du_discours_dEmmanuel_Macron_Cut_1272', 0.39999999999997726, 'PROJET'),
(1152, 1, NULL, 'Gilets_jaunes_-_réécoutez_lintégralité_du_discours_dEmmanuel_Macron_Cut_1274', 0.3000000000000682, 'TRAVAILLENT'),
(1153, 1, NULL, 'Gilets_jaunes_-_réécoutez_lintégralité_du_discours_dEmmanuel_Macron_Cut_1275', 0.20000000000004547, 'COLLECTIF'),
(1154, 1, NULL, 'Gilets_jaunes_-_réécoutez_lintégralité_du_discours_dEmmanuel_Macron_Cut_1280', 0.5, 'C''EST'),
(1155, 1, NULL, 'Gilets_jaunes_-_réécoutez_lintégralité_du_discours_dEmmanuel_Macron_Cut_1279', 0.6000000000000227, 'POUR'),
(1156, 1, NULL, 'Gilets_jaunes_-_réécoutez_lintégralité_du_discours_dEmmanuel_Macron_Cut_1282', 0.20000000000004547, 'POURQUOI'),
(1157, 1, NULL, 'Gilets_jaunes_-_réécoutez_lintégralité_du_discours_dEmmanuel_Macron_Cut_1281', 0.5, 'POUR'),
(1158, 1, NULL, 'Gilets_jaunes_-_réécoutez_lintégralité_du_discours_dEmmanuel_Macron_Cut_1286', 0.2999999999999545, 'LE'),
(1159, 1, NULL, 'Gilets_jaunes_-_réécoutez_lintégralité_du_discours_dEmmanuel_Macron_Cut_1287', 0.3000000000000682, 'CELA'),
(1160, 1, NULL, 'Gilets_jaunes_-_réécoutez_lintégralité_du_discours_dEmmanuel_Macron_Cut_1285', 0.5, 'ET'),
(1161, 1, NULL, 'Gilets_jaunes_-_réécoutez_lintégralité_du_discours_dEmmanuel_Macron_Cut_1288', 0.20000000000004547, 'DÉBAT'),
(1162, 1, NULL, 'Gilets_jaunes_-_réécoutez_lintégralité_du_discours_dEmmanuel_Macron_Cut_1293', 0.20000000000004547, 'DOIT'),
(1163, 1, NULL, 'Gilets_jaunes_-_réécoutez_lintégralité_du_discours_dEmmanuel_Macron_Cut_1290', 0.2999999999999545, 'L''EUROPE'),
(1164, 1, NULL, 'Gilets_jaunes_-_réécoutez_lintégralité_du_discours_dEmmanuel_Macron_Cut_1295', 0.3000000000000682, 'BEAUCOUP'),
(1165, 1, NULL, 'Gilets_jaunes_-_réécoutez_lintégralité_du_discours_dEmmanuel_Macron_Cut_1296', 0.2999999999999545, 'PLUS'),
(1166, 1, NULL, 'Gilets_jaunes_-_réécoutez_lintégralité_du_discours_dEmmanuel_Macron_Cut_1297', 0.20000000000004547, 'LARGE'),
(1167, 1, NULL, 'Gilets_jaunes_-_réécoutez_lintégralité_du_discours_dEmmanuel_Macron_Cut_1298', 0.599999999999909, 'NOUS'),
(1168, 1, NULL, 'Gilets_jaunes_-_réécoutez_lintégralité_du_discours_dEmmanuel_Macron_Cut_1299', 0.3000000000000682, 'DEVONS'),
(1169, 1, NULL, 'Gilets_jaunes_-_réécoutez_lintégralité_du_discours_dEmmanuel_Macron_Cut_1300', 0.39999999999997726, 'AVANT'),
(1170, 1, NULL, 'Gilets_jaunes_-_réécoutez_lintégralité_du_discours_dEmmanuel_Macron_Cut_1301', 0.20000000000004547, 'TOUTE'),
(1171, 1, NULL, 'Gilets_jaunes_-_réécoutez_lintégralité_du_discours_dEmmanuel_Macron_Cut_1305', 0.6000000000000227, 'ENSEMBLE'),
(1172, 1, NULL, 'Gilets_jaunes_-_réécoutez_lintégralité_du_discours_dEmmanuel_Macron_Cut_1310', 0.2999999999999545, 'DEVOIR'),
(1173, 1, NULL, 'Gilets_jaunes_-_réécoutez_lintégralité_du_discours_dEmmanuel_Macron_Cut_1311', 0.20000000000004547, 'DE'),
(1174, 1, NULL, 'Gilets_jaunes_-_réécoutez_lintégralité_du_discours_dEmmanuel_Macron_Cut_1312', 0.6000000000000227, 'PRODUIRE'),
(1175, 1, NULL, 'Gilets_jaunes_-_réécoutez_lintégralité_du_discours_dEmmanuel_Macron_Cut_1313', 0.5, 'POUR'),
(1176, 1, NULL, 'Gilets_jaunes_-_réécoutez_lintégralité_du_discours_dEmmanuel_Macron_Cut_1314', 0.2999999999999545, 'POUVOIR'),
(1177, 1, NULL, 'Gilets_jaunes_-_réécoutez_lintégralité_du_discours_dEmmanuel_Macron_Cut_1316', 0.39999999999997726, 'LE'),
(1178, 1, NULL, 'Gilets_jaunes_-_réécoutez_lintégralité_du_discours_dEmmanuel_Macron_Cut_1319', 0.39999999999997726, 'POUR'),
(1179, 1, NULL, 'Gilets_jaunes_-_réécoutez_lintégralité_du_discours_dEmmanuel_Macron_Cut_1320', 0.20000000000004547, 'ÊTRE'),
(1180, 1, NULL, 'Gilets_jaunes_-_réécoutez_lintégralité_du_discours_dEmmanuel_Macron_Cut_1322', 0.39999999999997726, 'CITOYEN'),
(1181, 1, NULL, 'Gilets_jaunes_-_réécoutez_lintégralité_du_discours_dEmmanuel_Macron_Cut_1323', 0.2999999999999545, 'LIBRE'),
(1182, 1, NULL, 'Gilets_jaunes_-_réécoutez_lintégralité_du_discours_dEmmanuel_Macron_Cut_1325', 0.2999999999999545, 'DEVOIR'),
(1183, 1, NULL, 'Gilets_jaunes_-_réécoutez_lintégralité_du_discours_dEmmanuel_Macron_Cut_1326', 0.39999999999997726, 'DE'),
(1184, 1, NULL, 'Gilets_jaunes_-_réécoutez_lintégralité_du_discours_dEmmanuel_Macron_Cut_1327', 0.6000000000000227, 'CHANGER');
INSERT INTO `video_cut` (`id`, `id_video`, `id_format`, `nom`, `duree`, `mot`) VALUES
(1185, 1, NULL, 'Gilets_jaunes_-_réécoutez_lintégralité_du_discours_dEmmanuel_Macron_Cut_1329', 0.2999999999999545, 'TENIR'),
(1186, 1, NULL, 'Gilets_jaunes_-_réécoutez_lintégralité_du_discours_dEmmanuel_Macron_Cut_1330', 0.20000000000004547, 'COMPTE'),
(1187, 1, NULL, 'Gilets_jaunes_-_réécoutez_lintégralité_du_discours_dEmmanuel_Macron_Cut_1332', 0.3000000000000682, 'L''URGENCE'),
(1188, 1, NULL, 'Gilets_jaunes_-_réécoutez_lintégralité_du_discours_dEmmanuel_Macron_Cut_1333', 0.2999999999999545, 'DE'),
(1189, 1, NULL, 'Gilets_jaunes_-_réécoutez_lintégralité_du_discours_dEmmanuel_Macron_Cut_1334', 0.20000000000004547, 'NOTRE'),
(1190, 1, NULL, 'Gilets_jaunes_-_réécoutez_lintégralité_du_discours_dEmmanuel_Macron_Cut_1335', 0.2999999999999545, 'DETTE'),
(1191, 1, NULL, 'Gilets_jaunes_-_réécoutez_lintégralité_du_discours_dEmmanuel_Macron_Cut_1336', 0.6000000000000227, 'CLIMATIQUE'),
(1192, 1, NULL, 'Gilets_jaunes_-_réécoutez_lintégralité_du_discours_dEmmanuel_Macron_Cut_1337', 0.2999999999999545, 'ET'),
(1193, 1, NULL, 'Gilets_jaunes_-_réécoutez_lintégralité_du_discours_dEmmanuel_Macron_Cut_1338', 0.39999999999997726, 'BUDGÉTAIRE'),
(1194, 1, NULL, 'Gilets_jaunes_-_réécoutez_lintégralité_du_discours_dEmmanuel_Macron_Cut_1339', 0.6000000000000227, 'POUR'),
(1195, 1, NULL, 'Gilets_jaunes_-_réécoutez_lintégralité_du_discours_dEmmanuel_Macron_Cut_1340', 0.20000000000004547, 'RÉUSSIR'),
(1196, 1, NULL, 'Gilets_jaunes_-_réécoutez_lintégralité_du_discours_dEmmanuel_Macron_Cut_1342', 0.20000000000004547, 'DEVONS'),
(1197, 1, NULL, 'Gilets_jaunes_-_réécoutez_lintégralité_du_discours_dEmmanuel_Macron_Cut_1344', 0.6000000000000227, 'RASSEMBLER'),
(1198, 1, NULL, 'Gilets_jaunes_-_réécoutez_lintégralité_du_discours_dEmmanuel_Macron_Cut_1345', 0.39999999999997726, 'ET'),
(1199, 1, NULL, 'Gilets_jaunes_-_réécoutez_lintégralité_du_discours_dEmmanuel_Macron_Cut_1346', 0.5, 'ABORDER'),
(1200, 1, NULL, 'Gilets_jaunes_-_réécoutez_lintégralité_du_discours_dEmmanuel_Macron_Cut_1347', 0.6000000000000227, 'ENSEMBLE'),
(1201, 1, NULL, 'Gilets_jaunes_-_réécoutez_lintégralité_du_discours_dEmmanuel_Macron_Cut_1348', 0.20000000000004547, 'TOUTES'),
(1202, 1, NULL, 'Gilets_jaunes_-_réécoutez_lintégralité_du_discours_dEmmanuel_Macron_Cut_1350', 0.20000000000004547, 'QUESTIONS'),
(1203, 1, NULL, 'Gilets_jaunes_-_réécoutez_lintégralité_du_discours_dEmmanuel_Macron_Cut_1351', 0.5, 'ESSENTIELLES'),
(1204, 1, NULL, 'Gilets_jaunes_-_réécoutez_lintégralité_du_discours_dEmmanuel_Macron_Cut_1352', 0.39999999999997726, 'À'),
(1205, 1, NULL, 'Gilets_jaunes_-_réécoutez_lintégralité_du_discours_dEmmanuel_Macron_Cut_1354', 0.2999999999999545, 'NATION'),
(1206, 1, NULL, 'Gilets_jaunes_-_réécoutez_lintégralité_du_discours_dEmmanuel_Macron_Cut_1359', 0.39999999999997726, 'POSÉ'),
(1207, 1, NULL, 'Gilets_jaunes_-_réécoutez_lintégralité_du_discours_dEmmanuel_Macron_Cut_1360', 0.3000000000000682, 'LES'),
(1208, 1, NULL, 'Gilets_jaunes_-_réécoutez_lintégralité_du_discours_dEmmanuel_Macron_Cut_1362', 0.39999999999997726, 'QUI'),
(1209, 1, NULL, 'Gilets_jaunes_-_réécoutez_lintégralité_du_discours_dEmmanuel_Macron_Cut_1365', 0.6000000000000227, 'LA'),
(1210, 1, NULL, 'Gilets_jaunes_-_réécoutez_lintégralité_du_discours_dEmmanuel_Macron_Cut_1366', 0.5, 'POSSIBILITÉ'),
(1211, 1, NULL, 'Gilets_jaunes_-_réécoutez_lintégralité_du_discours_dEmmanuel_Macron_Cut_1367', 0.20000000000004547, 'DE');

--
-- Indexes for dumped tables
--

--
-- Indexes for table `audio`
--
ALTER TABLE `audio`
 ADD PRIMARY KEY (`id`);

--
-- Indexes for table `audio_cut`
--
ALTER TABLE `audio_cut`
 ADD PRIMARY KEY (`id`);

--
-- Indexes for table `format`
--
ALTER TABLE `format`
 ADD PRIMARY KEY (`id`);

--
-- Indexes for table `langue`
--
ALTER TABLE `langue`
 ADD PRIMARY KEY (`id`);

--
-- Indexes for table `personne`
--
ALTER TABLE `personne`
 ADD PRIMARY KEY (`id`);

--
-- Indexes for table `video`
--
ALTER TABLE `video`
 ADD PRIMARY KEY (`id`);

--
-- Indexes for table `video_create`
--
ALTER TABLE `video_create`
 ADD PRIMARY KEY (`id`);

--
-- Indexes for table `video_cut`
--
ALTER TABLE `video_cut`
 ADD PRIMARY KEY (`id`);

--
-- AUTO_INCREMENT for dumped tables
--

--
-- AUTO_INCREMENT for table `audio`
--
ALTER TABLE `audio`
MODIFY `id` int(11) NOT NULL AUTO_INCREMENT,AUTO_INCREMENT=3;
--
-- AUTO_INCREMENT for table `audio_cut`
--
ALTER TABLE `audio_cut`
MODIFY `id` int(11) NOT NULL AUTO_INCREMENT;
--
-- AUTO_INCREMENT for table `format`
--
ALTER TABLE `format`
MODIFY `id` int(11) NOT NULL AUTO_INCREMENT;
--
-- AUTO_INCREMENT for table `langue`
--
ALTER TABLE `langue`
MODIFY `id` int(11) NOT NULL AUTO_INCREMENT,AUTO_INCREMENT=14;
--
-- AUTO_INCREMENT for table `personne`
--
ALTER TABLE `personne`
MODIFY `id` int(11) NOT NULL AUTO_INCREMENT,AUTO_INCREMENT=4;
--
-- AUTO_INCREMENT for table `video`
--
ALTER TABLE `video`
MODIFY `id` int(11) NOT NULL AUTO_INCREMENT,AUTO_INCREMENT=3;
--
-- AUTO_INCREMENT for table `video_create`
--
ALTER TABLE `video_create`
MODIFY `id` int(11) NOT NULL AUTO_INCREMENT,AUTO_INCREMENT=2;
--
-- AUTO_INCREMENT for table `video_cut`
--
ALTER TABLE `video_cut`
MODIFY `id` int(11) NOT NULL AUTO_INCREMENT,AUTO_INCREMENT=1212;
/*!40101 SET CHARACTER_SET_CLIENT=@OLD_CHARACTER_SET_CLIENT */;
/*!40101 SET CHARACTER_SET_RESULTS=@OLD_CHARACTER_SET_RESULTS */;
/*!40101 SET COLLATION_CONNECTION=@OLD_COLLATION_CONNECTION */;
